source_key,content_hash,bytes
9e8aac73f07a9969,520dea041a477e01bc64282c2aad62a6,8128
2c0a99012b97a183,4edce9e28b4b6a356dda442e88f6b0f7,1882
64488f5955f7cdda,3f86a55f1fde0ee40b668b29a8f0d507,4883
cb136a8276ef581c,45ec85f9bd2147cde7cb5b2bb77d585b,2175
8d64c314b49c211c,4e0af2dc5206c36345aa5f80a622253b,12308
3ae6a550b8a39171,6bab4d0b3956800a6383faeb63251cf8,10497
b10e9cc4934180c7,121d6fb2d4c86c31484f70aefad6d23f,20725
3dd10800b756e840,0df2784ed681cda89e7f8545eab37016,2267
727685e964b43506,bb05a64a611c2e29b2ea97f41755eb1e,10780
c31f6159478d126d,bdd43e675b192dec9720fff8441d6041,1175
e6d6c60cd8c24935,befeb4b3c7bebde0fe08010054271a07,6277
6095b9ee589d282c,05c66d0b97ee15d5b8f2f41dceee7a0c,15411
c68422f5e34cf4af,ec6fe60d618404299c109ebaf721038c,1175
f173ef5ff99b879a,3bdcbb5d1dc7ad7164349d95dd92a126,5815
d1b9bc0986dca3e2,53ff290d18c3ee4babc606be7274b176,1175
c576d9ad39192b67,19bebaf55bc8c008799fc430cf02c48c,1362
e898417443f9da78,1a2e83d0d8c691d3ac266ad2cc9619f9,1499
8828769bbfa8c45b,37a706e8d5698ab50e82a9a5b5118152,7859
52a24fe4313a6335,9b7ecbf50dcd8e4c2052cc75e6d57bf7,7478
2622d5f40c833047,e3ddce5b877432f966b7cbdef6c5cbb5,7006
b74f7cb5983d75cd,cc6c8656c01a293e0ef308bffaa8b9a0,1062
b4b7432672e96df6,c6419c28200f55141f598aa28327add1,2237
0576f414b1092db3,8392bb56dd54d103aa2d5f2abff2019d,1885
fd395ef7da42515f,dcc344f86292bb6a1d24d63738b77648,4115
6e67280ccc1da248,2309d7becfd20a0392e6f8bb10ca03e5,91649
29d9202458bf04ed,86e1a3556e1d70d9bb890ca211a255a4,5906
65ecc9f880b00978,5ef952b79e585bd8377d9cd58671a877,921
9ff2bec604b239fb,e900e2b5494f402bb5c211375a34deff,6606
4b2ef3162a643b50,e405c5cc5347ecbf6b8ccda7cae28242,16821
d1a720b579b97f17,5ea688fcb11d6c8a2a4694fa88d15b7b,914
0d33ce997230b06d,4a8fafacda3bb1327a3c2c0ea1bece23,899
385c3c46766ec1f6,52f061a666faaeef71d4031a36fcdd79,5010
f9794cd341cb6adb,9705c16f242996cc16ba7e4273e62ca8,2143
482ad4a845816431,1ac8a08e969d0f53b69b496dbea8d0c2,46335
ab4932bc8e88c5e6,794f784fb6a89bef1ed9a50bab7c3720,6969
7cf613b7eef4672a,a047b119052b653726fb87ba9d46be76,630
f90151c09438a6d9,88c491c8856c71ad94a1a4d8eb11039c,3242
aaf9a2b92d74313c,3ce4dd7d5107945384d803431da7b702,3276
7db92687e97c2b55,de625c1f6601e8c4abd21aaf470b33ba,958
fb80c37f134a25ad,95ff19350c477ffb181149a0e13ecdf1,1799
985f6ff47aff22f4,8c6f4c96ffb3c81ab4d950541943c8d8,3287
f2b98978beaab49d,9a57345220f81d5b2cd3cb8bb55599ee,1022
c112a281a232c01d,770e654ba433fa346a4d8732090100bc,19933
b51d9fadc03626c6,14d8d35e9f8c319c0f0df4709d2eeb83,518
bd3e752d54907a21,258f2cd7373906d6999dc5a37a30cbfc,7855
307b5aa07888a329,eefc82bc57f7143ce642fd7c37ab356a,5440
2fab090f48dfdc1d,0a736b7e4d80c34da6751e91567bbaef,10024
31dd107d33e2b0ad,ee0b80cbf9d53172f6bfdf679be77edb,17821
a459655c5f3f3dc0,ae224dfbcfaa3fb49c8d88f45d1ec26a,2839
d8fb3ce964e01b71,f27550d72de6f3bc5e736bd0c0184ddc,3724
fc083c3c01010338,ebad955c24f41f8d5afcb8395b469aef,11997
b490b1c18721227e,9c721fe1f21db5b4759cc3c6462ae864,7041
830cbf47d501b3be,a91dcc292a488a4ec251af2f286b8019,5602
2eb301a08cddf20b,db225506f9866d0c93b08e9abe6ac3dd,4560
d7c0d13070fd886c,d1d62fd95ad650106fb5a4fd756c6659,892
085f1be84a8a1ffc,a322c34aaef35729519b96edb4342a07,2463
bf7d48e7aa0483ce,e4bbe0fa42bd8feb13a384c5720be0d1,9148
eea6f95ae5c714b5,a6fbd90d2703b559e5e7c2d705afe463,7890
a7bf5bd1a67758ce,6838a347a5871509947c7a5026f948b4,1286
38c3e3bac0738651,e16ae4154a16b574045430e71498afb8,2760
eb28b52f8c88834b,eca145d00f919c11afccbe961252a68b,1020
3ee0cae898220044,b89f7bb04c32f7964730f26549daf3a4,4819
cb098abed03e0abd,f4d250c81ebe41ae46fa01f26b083586,637
4cf2d6053efb5700,87ef9e95e661d200f5b6be23745c9c22,5559
8a077f965fb753f8,53b8ad739137162829d80c836766e513,468
974ea9384334de95,6416be96f248573505f6206393db4c1c,715
2774fc63b9f44b06,fbb2b45bf4a80b962a626d11fae5ad02,2345
06ba15aec067724c,f4f6ffc0e3066fc089eced14730d4be0,3704
028129933280ebd4,edadb20744b1d9b062a34796c84714c0,679
b9be16a314edb94d,d91eddbb31fb7f4e7c872da382cff526,1096
1922f2da10b61809,acc5a3a224a1194b635e03f58f358b96,8478
5e360e2527a446ac,c734ec38571b3f50b1e30211c91f2193,3043
d22e6512c8b6cea8,795ba2a0a7dc9b2e398ce4d8ecdc6da3,766
c338fdd45a3ac09b,ea22e02503fd48d727d0484b201dde7c,6594
6b1bccaa52188f69,634204baecc326ddaaf6175f69333bb1,1819
ad25fa2a044800cb,0e5f40dfb5508acb38b1c89f8837d7e9,5533
47a9d20c76622624,2698eba2b7a2467cea2143e13514b344,3033
8650fd9ab4d125fc,c26ec8c82d2bb3053c7724922be7a9ff,983
37cfcd91702f004a,19033a09174dbd555a4b8814a42b3beb,1641
664ec12fa4a39770,843e6fdf47937b4d38aa4359c06489b6,6155
afce31bf83db37df,f06e2d432c5f3db11e41b437c07cddd2,3714
bfbd1528515bbce7,b0fb223b1c7e7c8d19a3fafd609fee0b,2951
4cdbfd40ba6aab3f,df4b9277dde2fd75e82fca2c40bc1054,5269
3a4b1c2ec1ba108c,87df9274e040d9384b4665adefc13dc4,4142
e5af1422ae270b5b,04340d2dac69bd14ebc95c7a5bedc3ef,2765
34c640a8a904570b,54d5615592a3aba74c215e658993a8e5,5133
8fe34f66d0910534,5c78b677f0672ba97fcbbcb54f52ae8e,9384
b76eff05842b5537,823bb3e9bc005ecff6d8188ef1df7c6f,3548
53930bf5be922f30,87909e82d471c299bbad351d76c559c4,2365
9d4084d737042d63,27c8b3d060aaa93e90a451a48d65441d,6210
8ad14c45484e32c6,1a393ab58e629599069522fff08ccc9f,4113
9de4b8cc91e8eddb,d4765edab864eedecf0b440dc94a6037,500000
289f0bf53508b94c,01dd1720dd61e83c7d8fe8460ae820b2,17072
5b4f0cf890813597,d14e99f0d864ebd258d4cf15ebb96c2f,6266
ef8ded9503707aa5,edd26415d99293c8f835d5c7498caab2,2821
045a10efddf79945,d10ef275df6f3cb9dde7bb5e36ad181a,378677
750353c4389f986e,ad19fe2c9f8bf027923812859a152c4d,2389
8fe618c16549be9e,cdd8250bb38a7802517e328f86353814,8832
3649dcc82ac3735d,fc0b78f726267e598780d624cb63fc91,4631
01c99fc3a7d31e8c,4af1e6af9a1ec1adcc97ee2ebe4bd049,7180
f14fd03a504935d8,57cd90b251caf07ce42de3dffbe992cd,8135
a2a4981676f72369,1f10506a3cf52681a06496aa9e37cd90,1212
94a34860cd099d2e,c9749147d61438e732d402a3c11589dc,993
7c4df439061f5d6a,f104c5553f4df4b1bc9d21a5fb7dee2c,7776
e215bfaaf7b9e9a1,3ed7d28229742a81a644e03c61990b97,6460
f2e100454bc6dc81,e4460a16f31f3f61581c6352cc8d9784,4500
e1b9851714583aaa,faad2547ec7f539fb91bf3feb2bfae72,3912
564a79c6e9f2c216,a426abfdb029a901f2aa7c21dd8f9d6c,1340
2ae152add6a1ee68,4726ad13bbec4576342e6fdeda8b00b2,5968
dfee71ed38738add,c4ca480a7fb19f9ca1058d89246ef8b8,980
cc0ac877a4e2ff34,f483881cdf0e41a12c143f3ff7ea2913,4037
fce854474a860a15,00f7cf6be0f3abe33e6d6e86436bdda8,32216
464e1a02163247d4,5170ea8fcd5867e9a3ef47426e9d22de,4082
5601a4ee84dfcdde,1c5feff9a2efb5c390010ca68bae55f4,11890
cdc1fa7663e6d62e,781451fda4a886bfed3a228cdd216533,8573
5665916a17d92256,60eb148e37d3b8bab218f4ac0f804b4a,7168
2552741175b69867,dff572f35e73ae26c5cf6b0e599c7f8a,749
34dcd6674eb17471,a14d613b49ed337c73ee1ed39313821d,7999
7e96bc802783dd96,24dc020b622976a96e15a864576e5982,3909
9240dc3357e6da85,dc1464321e56332212c9a65afd7034cd,2319
e58e4553ee6e5e10,3dde229bdf27f0d7df8bd9b8b54a8fd8,3227
510d4349b3fcf044,2ffb4e609a64e0646cc45f749c4adaaf,3352
7273bf3e6deefffc,f9ef7038b36303a1d1cc7404f763aabe,17819
1642ea7f6d9b259d,e646203fc358f26504eaeab746acee5c,2048
1388839705b5638b,2f4b0f8b7e2ca900da57aca23f8f6361,2047
e2d0a4ee4f680307,d6f959bb34a789faa65775a4aa846512,1098
7e85121facc61a8e,32777f77d5b9d6728ae53554f44c59aa,2642
240798409cdfa6a1,57c59e493476f597ea440591333e90d1,1041
4fc2e8fcb00758d9,b5901d89b46e249a0fb1ea2eec10600b,5583
7b906e1da9838b2e,fc0ca323add0f1510244c7259af744b4,749
6d1deaab02f33caa,f70910b3fec76ef23c6213cbbd0ae583,7484
e3cd495ea6fd8113,023cc83203589adc562aa161302d8d75,500000
cc47392282a6095b,1ce702eb767dc14131e84807f68b7673,1065
ca99e1d5ed5cfab7,d831b265213fbdc89aa2291904f52c5f,3836
d6002a55edb73ebb,7d0dc7e02dfd793578277af373bb34e8,6783
f094a6f02c52f7dd,31aa2bdaa1bcae439aefc2726aeb30f7,830
4d3abda070b999d6,e0adb3216e8237cc649409d6896a024e,5889
5a9358a760e12eca,0c695b255aab935401b14183df3c6c57,9281
7588508ba4265e4e,0c5658b911df124f9db6683df131d407,6570
15fd52b7b2fcb093,49b0d8da3826d8b7b7a77360f04b9599,490
cc3aa875d8299a42,a658614beed702952fa9dd200aac42ca,579
1cae0c8502e27f3d,97659c02012dca03a70fe774a8f61337,1455
3ec95eb94ee1ec7e,95721ee75040a349138ecfbfc50c6dbe,866
9401005f5d336aca,b37998374b7e423e6cc7652ac6fc625a,930
695b5785e3b0f41e,9046cfbaffeed777c29d062d8a7020cb,3809
0c58eac50eb744cb,eeb607f4d06c4a8a68d827048e8f52d9,1401
c272389f4afa49e4,517455d5cc0b063f16e635d157b3cdc8,408968
b9b0fcc262898fd1,56159e7cca2f578cf33fcadd09bede33,5799
4ebe809ffa952045,97b1e455c68fbf11ac234120ce03e527,598
19aecd34c7d0327d,c0a83198cec93bd03e97e5b120aed174,5906
1bb4e59f9492dd28,041625a9b7a8cecb3c3118339c0de4d1,1594
5deb7345b7396cfb,3a31a43452ef0c3de68a48ebbff23b94,1455
15a2676fd0298c67,ced4eb15d6a930668430301548684ce2,8271
194bdbe700bba62f,28c4e5a1d4561efe0d917404be1ae3d6,7716
145749540c545c99,0262197801f5f0d7e29de840d8f7be0c,624
36efc6385262b275,c8eac77ed919b74ffad550f2ae71dbac,5202
b370df104d9ace12,e8aa2b3d96b590010cc01808eac5ed3e,12601
e7020624e9836125,1b39236eadc1984766df5976a90e9c2c,2525
87acef78122c6ad0,5b10c0147133ce8c7670d2f06190399f,891
6e0745d6ff3e2bf5,a87207f356e9f74ba279733441c2d8d7,6365
272fc3b9a1f25e35,31543f72ffd50a2e64ad0138eeb02574,1372
767a50df0fafb0d4,fa0dd3e0193c24973ee82539dfadcd59,2715
d362bc78bcb8dee2,c1cac2733250b3b5b796688a47e2519f,619
eb444855627f0945,f515c72fd9b9c3a98c951d30baff7841,8719
7f5632b87b77a079,5f171b375358ec16dda753b81e95cceb,6840
24508f0a86816219,1ec3e4e29933cba413e8425a1557ed60,11507
1c68dc947ca6c481,0acbeed5a128e3a795a89efe3fa89854,11404
2fe7cf7aeb6dcf67,02b527d6b3509e1badd4fca6eb8fa8c8,6405
a9bfa5bd2b10f29b,cac38c657018afccf622ee5944608432,1050
659559366b7d131e,566a38dc6ce8c9d687b830e6fdbf3a1d,822
d48e8c0e3f0c0a57,9344d08e3e1301bd459bed9fb94c0f86,5976
6a0e90aa6b58dfd7,261a2f71f56327dd5f8c2fbdbe757dc4,6416
f3dd7dc1e50ac832,c208dc42774adf98610edde5f51fdad9,763
24aa6652c0d109b3,b1fc258bf064900266227a91ccd7f188,612
175920cb3fb1627d,41ba4c5f65255096b0a24143c6f2ce25,6402
23933dc64bf019b0,93e9d38540db26cd0feeda665d9b2735,4367
88a935c65fb58aa9,b54c8651911344a1eae7775e1f3008d0,528
57c2c01a9a85f830,1bc9242535ac764f74c57be778fd1abe,5286
403941518cb733d1,2d1e74a18d19d5afde7023f859e51bb4,9042
d8ea2c3972cc6b8f,20d06ef22dc6be9fb90932dc5f9871b6,7821
3aaa865d8902c8a3,3cec52b0001606f8548ef2c9b0188f60,760
0c0414f4c8f3779d,abef19b465dc7edb188004f90fb4b0fe,7630
3f546e96a5a6128b,6dbab527b873980199da74560c368c38,6843
c09eaaad629e9a51,50383358443828b4b78b2867d038fdfb,9448
716dcaf690fec8dd,c2c86ab16b003a0ba0436498460b547a,10206
988c1be664c02769,ef38303fbfb58f199ea03dee8aae3bb3,1818
aab42ecb068dc9a7,8fd0441848384fdaf6cf5dc9697b2169,4106
2a3f246532d49242,11b3007dcd349870a35a92ba259a4325,9124
5c291f10444c9f10,bd095c43f757ee163901e687ea1360b7,4819
a58a75b4c93053c8,1e12656c2afcfc8733b636c09f9edb25,1394
84f9df8ec65e0e4a,9b431c2b2657594a90752ce92a01c5ba,439
e0f733c3c5ddcb35,d90302b5acc7880e02ea81eedfa878fb,3798
37f3f5fc4093569a,cfb25f401ff1a809da8d771fca6306f1,6502
456f41a485631e70,071f10aacad1ae38ea7a7d7bdccd5f88,9390
f5c67fcb72653a17,adc721afd47b4197afae846b3f61f7f5,500000
444aaf858d40cc70,c6965ef0287f01caee4d7e756161b835,4746
4d46b94f77d4538d,de4243f7e2d0c1effe87e9a61b17bfdc,5605
c5629e584980d522,440eecc609931c677b617f6683ca58d8,5998
59018f57de1b6182,759ec549fb2e2e34c3527d43447e9faf,1388
574617bb06be9961,45db60d8c5cb57348d460452ec3765a0,1316
27aaafc74e167de0,a12d3b2ff3f317c4a62d0d054c46d967,5001
56e8526e1332a1fe,56aeb31be165e1ee2a568f4c909503e8,6728
4c95fbe98dd4e73b,43360c4da7b0e6567389911f5c746948,2721
aa4846f98b77cfc9,e32b60dd39490ce8bf8a2d753b4d97be,1172
bc39a02cda782444,a3a0c5345a7a0bb8890816f07e77b6fb,15110
4e1a7ac671e029e0,7b5228ddc08b7f1a94119524a67f3688,9429
2846f43d75deed56,289b56bacfa2d14ce92130b6f5710cfa,2807
ef20a306f80034ac,fb402176654925a446b1bcdfe9e809cb,2809
a61e67ee5d1ffa45,189a36ca8ce905fff379f4c3b0cdadac,880
769ba6bd2a2136fa,eeb79284c869d29662e41c5226351777,4155
d747042823df24eb,3c1fc656fecb8400f5a53899260a56ae,4223
cbdb4990e3fdf8bb,c628984ca9a297efaa90becdda5d1fcd,13916
7899c3aa071a4acd,1d732997ccd2ebc099c76ba39097f425,4944
4a9b4ecde0128c01,0a7b4c8113b2730bdb223c1202a37892,455
aad5513357caf590,336e4aee275b37f058bc342ecd190cfd,725
d1383c99d1bf2a7d,b737764304adfcd070a9e9d46540ff74,7324
cd46d62b09c448cd,09325526c304402ea8c1512ef855c115,4200
11531a3f5bef6b4a,3a07c15a5bb26b74372dc6e5fbb7f3b0,6754
700f78cd7d05f81a,0c510750af4b24e85f216363f440d0e8,8699
a2a395f68c3c07a5,3d571313dd7f45fdf38c3c9ef5212d8b,7597
965c2815914a312e,1b55d63bf53f1525c214cf8c702434c9,9962
76a3ea7095b23456,7a0030a89afae8deabd8c72297a2360b,2330
ec3ae50daa8edce7,5c4c7ea790ac7f81166e58d432432258,5846
6146826e94b5211e,eaef26b30ac7dca67ea62238f5ff93b8,6421
4d582ea5c2311d75,f06fecc72e9c9beae57dbd1083906fed,7155
3c564dec89b08ac3,d6eb215937c48f2d53beedfe23b102a8,9694
bec7b7a6484fd94c,11584db2f7f0175e88bb8606d10506dc,4659
ef6b6330e99edb67,fe922aac39d526289bc85b0e4d351dd1,1061
518cd41c176dd02e,3ed3acd314dca0812bf839f7f771d7fd,2200
ab96de69c1e842bf,ec9afbd41cd798103b28a2605368f07c,1372
8c21fb443747f7e6,c485040afd4286f68d4ba54807bdcfdd,8126
ead1f72372275f31,4432a9163c250c574c56256e4f8ad5e2,1216
19c1fc6e9a25f9b1,734d541a647602fa0b67f284bd0b0284,575
eb9508c6d2e2e020,a48ee4aa54662ca4cc89bf5d31eff8a1,3278
80fe6bb7a67319c4,ba2a672161c58a9dd9b1729848450590,10416
5b3a4719a698c788,d982f677cb39b20c005c4c08035f32a4,17122
95e88781b0a23122,34f03697bf25bae300d273051f3e5590,5974
7ee9a206b998733b,720d177ba80a240ef3c4b92c84e628b5,1036
36b94b6f34c42398,4853ae63f9e58ab427a30ff00c4a234d,3510
314eecc706619fed,0789c6dabdff83fc2d26d74f8912fade,776
1f003ec68c1c1e45,f76a82d5a7f67b650da1ffd326ce88ff,5643
2bbcb4fd7c60d4b0,cf3ecbcd48b8a032296af10bcd5b29db,8259
18a2fa2b7ee42ede,91b587ccf857905e3d54698e75e42cd3,1199
e0b8db8daa1487c1,aa08a76b512ee64e1e40320974263492,2256
dd336e0eed2933bf,fff801eedcf3c147a98950834d650b18,7091
982c82d0aafcd029,62766ec399a9738cb48bacb691ba0bf9,14568
b714b884c6804d28,64a7b3a7e854ca61e8c555994a8c830d,2328
24a7ed147938c7ad,034866f080631d8b32aadb5749f69657,1260
7af158e1e0433baa,6290152c3c98f6b7bca685911bfad07a,3801
797b9eb3273cdf75,61693bc5feaf824db90b74810c716026,8624
3c8f8c0b7941b442,958f67cb84b034b9367d2257d4afcfd4,5059
4ab90515c87cc465,47090a6645e292e9057ea5506859ea5f,9392
28ca33912f1c1941,ff20af0c52903d85da8ee7a95f80ad2f,6560
2e40750c24ae6e35,e25109dbeced1d849d02f7fbd4f42d98,363051
418ca6e5b36bfd8e,bdc47ef7b9aadd3c66badcf7e7530aeb,7463
22847a616e2e9fc7,fec704f033f93e7548f5f0bd7a74e83e,16513
44206173dcca8546,cdcc65ab929ef9a8fb7e9291c50ceb39,8631
419468b2a8658be1,5168db36e7464a5669ae2a60fea7714d,5538
634ae55494b7560c,96081f3dbeae45be04873a53c078201a,6944
105498cdab9728ba,d79060fbddf03b19ae1fa08a846c390d,6285
d8322c6b279e4392,2a8001b1cdb69593e38b14628e34dcc2,5397
39a45f1f4dd12a75,2571864af0bc606be960f26a898deda8,4104
42f6cff7512f9a34,853708840a52dcee05f4815a44ba89c4,730
ece86caae0a450d6,3fe7b5a4f3076d33dad37da6d37e8cb4,6050
2269c4f8c5b9598e,0caf960479f514b716d16af997e7779d,854
d0b60645451c3e31,084b3303c494ef04adbd2040b716eb93,2131
7878f584f10396c6,a65f2feb29231153667c8b633726c38a,1048
623efab0363cde75,487eba714b5d640e4419ef44e9e093aa,938
2334e40674b1c1c5,4d316b87794bbaaa442edb4ae983646f,5089
3036d467602aca36,6d40dce4ef8c37e53ffec1a5a345b6ba,7893
eb006d7529217d3a,32c6538ca4e01e83e7c92b818855a1f8,5104
d76339dbb4c2a24c,969c873d27add06bd06e7eb89e95a187,575
566b810585bb213c,86e44b65aa5dc45e77c1f6000b1db722,725
9d068684b5cf2310,59fde1268334449c0c0c9dbe0e4ae30b,3149
ed4856f3ff2af025,93c7ef43ce47d1a8ce194e70fe48703f,1085
8c3ae73e952a1d9b,442297eef6f9b4eab28e572537b5fa12,565
6e86c0c3532f461c,aff828be3c08b43a36685887e35ad8e6,6521
14cc3285eead6fe3,f07b7703695a7067d0e8b8ce68455220,683
b5523ac9de9ad057,2c4f5e53274ede727aa1cbdc1d2f6bff,6033
0cf49e9d3778de48,4abcfa7992810f397210ef6bde2bcca7,322
f7f2de43fe081b47,f6a4f649c7214bd159671dcd22002925,28218
202018d3ba799430,e0ef6c5d5e0e8871001a253fb1f0a7f0,1926
8b49aca380527436,4f371b982508767b1d44dde407f23abe,798
69b5fc167db58de3,e4a31a0e50b7287f8727f0c8a46bbd8b,4011
f71e17d1ccd27401,36d29478449c9f1b6339560c67bc685b,2053
d9beaa49d75f633e,477d65c3ef1736fe02550c07932196ce,743
95a52af2d213cc5c,5056487ca79a306d50cc617403f51a9d,7792
90ab3fb6ad87a921,17d0e2729c57b4097451d9f4321db12c,941
f7739227e9600954,31a76475c5c2d82f3d2b10a17c3b4f5f,1845
e2e900d246fe8ce3,dc1f1512c6808e01ec6fd2766a696a1f,5380
374bccad7671f6d2,2cfc9d998db0978e5615a344e2a3d9f1,384
0827c8d9a145afd2,14c20546d493b43d6799499f140fc784,7839
fb28c4ad2017dadf,981162ec2d0d3af2fc4daca406f19c6b,1121
87c87bca144df980,a81c7c13b0b9b05e2688c173c9a048c4,1456
d6032ef1f5fa0519,079425789b5bbab9f71279a3b304afc9,19466
377e7cfa45b0fe21,b223af6dac52f829b4dd533c06386a41,9801
8a38bdef267c8bb8,975b068d82ca5cc1e8dd0a9bb8ec60c4,421
ef28348546cec03d,6015c0e0b99f82bd7fc9fe4f54c3930e,5940
a74f1827cc78e7b9,469ee56e0b62a6e78c5a685a013862fb,5793
fad1553825311f49,46cb682e98bb63db97511a30ad701f82,3891
d8c4da46fec2a6a5,410e2d977bd12de8712360212d84a683,1254
cf5eafc40a9f2af8,90bee3edc62f8cf214b448c508aa40ae,1837
41b97991ac57c61e,926eb79b3fc38306f804f2976f4e97d2,5272
ea8c91cf94f5946a,365c969350c7eaea6c7635c3b2ff6a6d,6927
974a456d8d8ed4f6,5b9dfc1e98715b56bbfa3cd4e57ff219,1022
84089dd8e7c31555,d81233d46b000beb56d0c58d8b6682ce,6554
ded2d270ad5e463d,9608ba7e738e3e7f8d5448f98d3eabd1,4921
b6a662634a472f41,c2f45a134f623a5814f728b3e51813fb,679
a6e00341127777dc,74b6b089eb68ef4b37951c39fa257962,398023
fbe1667641b136b3,cc323ebdebb7214c52f1e81c17c86cbc,5100
b50e9d928778a0c9,500f699d7613b7d198e6d268ed34a407,865
337c5e8d226cdd75,9cb625d99f45a8248558070420cd769f,8023
95f5bbc528aeb66f,add2212ef0ec5a0b7fc9ba79b72d85fb,8263
55429d0b058e00dd,b9c1b30ecd69aa66c462b805b16b3181,1543
cb647c1db44b664e,be316e4386f206e99d440c3fa97bbbf0,15846
0b16cbbbc6b57c70,275b2c4ee375ef8b7ba9c7abbf292c8d,1638
73bc3d08b0e07873,2e349aa3527e92ad42d1d571e0615554,6612
9fef308011df7a43,d23e5b39c112c6cc353f0b498fb6eb96,1677
c7ecc414e258a639,011907e93d3c672ad0e24067eea7b467,4918
42da32e8c0c1825b,11df26b3d2fa00bbf4ddc9460e1b224c,5244
95b0fc12839c94a7,442ebdc2ff7a23ea55062a6cabe63e38,4157
49b271f9bccfdb9b,3688ed65c4e02cdd43a2b043b4b2558b,5558
53eb99083237f9c7,2f77936f7b7b55becc37a9ecb4290e8a,5728
604b88bdb9978705,fdc8678f980e3f1dec669b024d5b94ad,622
a0708d840ce55030,49f0c44dd4ca579789f5214e242c17f3,3645
8dc034ed71f4606d,4da6602d5fbd11f8317ad660a98c1266,5029
29b9c63c76151102,df8e2318a72be0ccdc18f75805b0f04e,5402
ca0483b3ba5d2234,30e686e48c6cbd4143c5df02888d6af5,17739
65129a69e9176eb3,b4245263fd2615acf91d970fff45cffe,389745
2599006e9014fa12,a0314d28cb07de0749b00944eb886428,678
2a3ea352690540c6,2868142f4fb1e44b2cf10ca1a7635496,4514
4ec79d3a6250aab2,d4fd729f9c0cfb76a391854b7c415a12,659
5ba0384d78c8f82d,e18449727faa72b42d0d1a73861cd276,4896
79e9714507610de7,a02139cc9fb4dbe8d78b3e4b6618b05b,1193
004574a331c3cbef,c9f631b6944a12aadc9dab128c753fb9,11116
6affcbada395b9f0,ffb7f3807e0f0e58a45500944a98dd34,13646
0e9b39a06d1a5718,239d1d16f49dfeaeb52dd88d57dc2a4c,6719
9ba207b466496632,2b545fe799c1d0681bcc0b1b31922bda,7481
12d299e76883dde6,b479101f912ebd4c2b3acc93161d1355,8910
ff4b98ba3563944f,d3a8c9387a690e123f9626fe52a176d1,1989
c26f4b3000f08cda,a2b727dc66114c11df77789d17192b8d,1251
36ef1019e6535b28,41b9e1ff415f056303cde0f8eefcc71b,4423
1e42aad16bbbd2c8,46fab84a0c0986706ecc113d4f4490dd,4985
96a3b9594f2751bf,d288f3dfd58aade06cb448a1d527ceb1,971
1793d28d1de31183,f4b5dce2b851aff63da527b5e9609813,3586
15ae5c9d42f4c0e6,89f91bd72e44a4081483e9dedab8a6d5,6919
e914ba218e4fa54f,495d8dab8dce3bbfbb55cf16c983422f,1543
1a602460bbe05bc2,0e1a39e1298e95fdcccbc5524de70073,4988
dc4629026cc2e030,1fc60b1c5f2531969d145e0ec312ea3b,4785
db93d0fe920891b2,ecb6c7ba53205c828f2923fcdaf64f45,3480
ae7058a535e35c33,6fd9aa58b417fe34d838ac1a7e23cf26,6069
15d99b5ed562cd54,6a34b25c83498cba37c59d2495c67770,5939
3f7e0bfc2245dfb0,905513c37251bbd0c06114d630e1349a,1322
baf4aa76522a7bb7,9b4c1b5d7f8572e7179d97136c70d210,5188
e5305f18567d3b64,0c4f79ae1e8d406f99d39655917eb01f,6893
55804d7246b09b91,4d2446d3c4d05d63e06d28f1407eb56b,739
c229f22322cf520c,c9f5f421deee088f151b88698cd504a0,3026
1fbf6e760dd13d4e,3a93f45914b3227df1390fe4a5d5c3c8,807
cd8ce6f27173bf56,88b036be02626fa95aadb01d937b22d0,1076
701f96a5d83431c8,62b8138d7dd3b8c6b7032078a8b108b5,4970
e9fccbb33f2eff10,318713e214f4a93200667a19f1a959ad,1485
6122c10b238fce5f,de94708109f34c3916e7893b51573fb5,629
b979c6be4c91791a,0a58887c86c699cc8947f3d133b39937,8754
e92f06801de26d4f,26432761083a2de80333ac27064a9203,4473
97502e2f74e33fc2,6b8da47e9a4a14b590c00a8ce7a14e31,1139
e654b148774c272f,6ca72faea51432be8375e4b89dd6daa4,1445
17a264d492079702,ec650f70d54d745377ffc4c1cd661a4d,5015
df8d892d23ee3b5d,be7f9226950b64f0c0dae68882726012,2408
3f68660cf0f0fa5e,796c38ee206997352750f798c8f01bdd,934
305cbc7ec265389d,1df6d1b02e410830096639255940b6f2,3965
463b9c7682fbdbd2,c14b4d918df597d69f9415bdd2316cc7,2241
243ffed0dca69acd,328862a88cb362d39aa77b58fb36cb9f,738
e2f06d2ff95a9881,1d5c6982db16852a2a38c0dd39fe5512,11972
54562694962db942,3a0452ea1985d0376285adaac68da1f9,2993
0b8be8e74090a4f6,7c8c981eb205bc522aec6992ae88145f,8512
05ee46c273080803,8f0c38c2609a5e40eb3041d79f92972a,5952
aa5190de032ff416,7c91ae5d6b981ff2a6c1d8bb1cea60e8,3996
3e9a4b8e3a8a331c,d23f4cc5b0ba6713dc1d10ca18d6151d,4069
5947f142f925a109,2a9de7495243e130e94454214d93d90c,4149
9064f0aca68309f2,e09de0cb53c526c1d2bc425adbcdb336,1477
2e5277f443248775,4f8caa97036030f683275e078d13bed3,1515
970968eedd3772b9,04eb57aed3fa0543850474d19bf82762,8180
b4cbc43dda6e6d30,d517d572410216719db0bfb941b760b4,1745
416b7f20964ce449,3e9b3078a59dee7b31710a3e28b964c3,2206
549d1d93e4b1460a,af968b872a479dffea49625e071dac27,967
d5409081583e2f97,fb4598860fb81d02ff8f09f279b5fcd3,4877
f8e5fef24540adf8,645bfce52ef4161ba17654e90addc1b2,10904
647c12df61be28bf,91e706a32aa60eefe05dcdb67481ce0c,2069
a103d49fed9ce78b,9425eac435bea761630afdcd46465988,1110
4784b4a98e527ee5,64d9f41b85e415037a0005eb935d9e12,676
464a132700bd8d37,a1e1f5d34b8962b56e14f6bfe9785e72,9518
09e15850f31da2ad,a3bc8309ec87684d95c2101eba621b00,5562
1793ec7da2f08221,da726270e5cc75a762751a1b2a90c251,11087
5619b24f9d1b1f3f,940ab716f234db3473e2a780558e9aaf,2221
6af560ff565d9641,8436a32b2aeb937724b2b02a8a21635d,5250
0bfa15bad487f959,1a479ba52d6dea51d8e9d7b8234b80d0,582
78aed52d67207c6e,4ebdcf424dfdcc6f17b3ef0954cfa421,3991
880aaeab67790a58,46ff80bda17ef4917d404b6bbdf61799,731
57fd49a5ccae2840,bc12063f836a9a699d48ffc10cfc17ea,7308
1355991ad005dc56,a8f92cdc3290c114b5092831b339fe4c,7372
6ee674b433568abe,578d29b942829a47731d31054d754efa,6471
4af113364a156b9d,0f23e6d9053e0c905aff7ebfcd5cf5bd,1293
ffc04dcd74c0db66,16e7b06a3c9fe11eaceaf1e3e01f19ab,924
bbfd7df4dd5134c9,9e50487d8a9f125574bd7eb9b2874dbf,359
61c280a4e0b175b3,9160a075504c9037bcb56803a2e1b5f5,6209
1826479fe8c306dc,ccad3f9c81d3c013090cdc1f33b3b203,514
169c70761bd48a72,360950eab994c56fbd17cf59760926bf,1363
e82b201028a99b7a,b8831d509dee82096e5418737837ef0d,606
cabd93b15d716d83,89be4e46d21597e7892147facadc45cf,3729
5169ec829cbfe02b,1a03b471e79112ea957b612e7cd6f627,4741
2c372b748f8aa235,14809359e853d82390bbe12a4685ab2a,7375
be3e8d5240534995,5d0161f1ea927974a86d590fda69d734,4374
b129fb9803919eb6,3e2d3dff311b718cf1d1e8c1023dcec4,703
2fe0ab2c3dc3a1a0,5361b3d860d7c6684ef7171e7fe3e8b8,8747
8aa7c8a8d139775f,cb5f4cfdff17cccbe899f453d3f72e46,794
223d8f15cfa44e83,703fdf7550127698457b905814e803f1,2189
6cba16556206800d,bed4830e971b1014383c4409a85c8d81,5472
85ec9d5c0d9b9dc6,c5bf4d622012bb97af8719ea5c0bf0da,1409
64fe5867f57ea07b,95bdf43ba83e96ddedcac1093def2d6f,1672
8771f7b758e849af,0962e775ba2fec6b491027c107b6814b,5074
919a6dd095d2d427,ef517580fa229a4fe9a1cef4b2bd6f0e,6214
636220133bd4774c,1fdd1015ca2e94648642eda8e2dd1086,675
58b1c54048060559,c9761a649bef60d14be57b2b4b553597,588
6539d4dc781547a6,94fa9c41fcf039345d563e1d9c32b68f,7402
8db8d70e249fcf70,75c23ca93515f35c0fd11f8bbc13b542,6222
454ed702a5ff01b5,5e9274a7b9396719ca5740414834af7c,5967
70b15f0ce6999a78,efc050455e95f956341cd2f960d5be11,5026
f20bb19c04ab48ef,89df6c76d8f9c0199ae8985044ef3795,3386
024079c10fb5477a,2c0dd5489e33f8ddfb581512afafb6e6,726
eb3dea20042b4660,d13bc7da171de2d0ebccf5fff1d5c114,21132
923833bc96be2c97,fdeb5111940f61e901d8d446f7143d1a,713
b81d1e48b13520b2,7bcf79099c7384b0de4b460a32e1a347,1033
1b5c70ff7c8a029a,fba4e866b3230bcf6c7afb4708992785,616
e71796668b727d3e,273bfa2660ebefcbcf3f585cf8464931,7890
3e19956c46f6f36a,21d3204e1a56db48b6c4d891eea5d212,3194
3aa552177281b9fd,12d8c8933d919de6bb6b20200419c9da,3763
5cafb8768c9d0dba,43b7832852b852a7854db862e322195e,6815
732882806f8917aa,968e24bb5f3fafce6994e5b359e9fbba,1032
b3ee3211ad485f23,0ae8167b4e972984bba45e2e8e3d438f,3109
a7affa7d19d0d27b,b5212014955e57ea57aa8e3fd61549be,4339
e62493e7f105a90e,f16b802b7ca29ac385c82ac66617c799,5037
7797a6dced6bda8f,1921fbe79cdc024e192faf9b687e3229,8638
954192e4c784cee7,a1d0b1678fafd7cb46f328bbe77ee129,1483
89fb65254f2fed7e,ae031dc1c37bf76ba18762168194f2f3,1007
d09a3c032759a1d4,61f890b7139a09f7657f6a68fad78699,10304
b8e9afd433125db1,2d5187b6cb552c532fbe427461590664,8745
7a96fe58dd172439,372acd8f9dc3587ce70aa3bee3e6e114,6469
1b9d17d96066b364,49906760eb5223731262f38a205509ab,4080
200c17bf3556d389,f5f17530b63e881f10abda464356c76f,1068
0c0c1fb0713e69da,0d95f06b6fa5321aced3217e17137fb2,1181
9b17e0438fcd6958,f01ca8560081f645ba30d7f715d94014,5581
aae73006eb03e655,1d17ca8ed0f8beec30cb752b17fd7919,4832
65ad2f74e6d5b334,169b326753abdcf8aa50e156e432aa2a,2248
edf2823494113543,280c2e323d530ea45003401d572c16a6,45996
d71673298644db44,0a2bc5b4d4a0a94c8131e98aa863ce1c,7304
43017651e289338b,1bdec89eb41cbd30cee3accd2252c2dc,7672
0b46bbb580937efd,c8416be0839b0ee6bc395344d5828a2a,8854
7a46c39884583691,b686690d50377ac132711738d271fff0,3589
17461d74fd8bb595,1b5e9ddb2cea60ae1fa9cfe03075bb9a,600
b39813cd9a73a20a,32f02449aed1533a849c05d42e80cffe,1006
018d477d427dbc61,f9047658a5c9be6133d291dc31048252,6224
0300b100dc1462ae,10aa3efbcb03e096fd1a2aa79ad42cbe,1156
4f67c83679994d08,aa22181635040c52c64ec02fbbdf1c5b,500000
6143aa82dcf7e952,9f7887605f95ef8297c054fa131b88f2,824
e09d605695e2257b,55ec317d1c824d002519e5459fc17e1c,6747
81a2ae2596887b54,57fb34d5b4803ae9c17d9bd4f1c7665f,3940
92bd783b622071dd,e13144e2de78c8341a4257af4ef4005a,642
f2fae9991c04f98a,06fec000fea3030c2934cdd8132759b4,1002
dde2708b5da59b57,79803983d55f66c148a253a86f19feb9,949
5c344f582db7be20,66556807b85c1663204684711f62b952,708
0b5e4d22c1ff01d1,2a2582a03b183b8bc72c85674912c025,7827
52554248900c27b5,0272a717d545d33d46c8097cdddd886d,1978
d457b900998e2cb5,41e1b4b3a96d38d30cff0f6d8ea11623,1421
93ea44900a327273,4631da7b698f664b01e8e8499bef77c4,2277
7df9a48c9f9616c6,0ede9113529ceedf782a83bf94c8ed5e,6075
7d1a166dc1023647,e4ad6cfa402d4acc09d984b6f5d3b88c,1306
fd7c312994e1de1e,e9389e0b8963f5a51d1abd93193cf774,11136
7fb89daf4bad5a57,153711285ae4b9da1d553fe0f6be60e1,24680
aa3d8c5f3039daa1,0072c722c8c68032a7b3cbe53367a7dc,6241
11533c567d0d7aaf,2e176557ce873419505762ba91b7d3f8,6726
8a75173db4c328eb,8ca7d64aef39b83bb921ed2c855f9607,1559
dad699467e32b782,6159a0513bcf0b65778a0bf0d8106072,14846
3b3f5c7202b23072,55da7f989b0b607f9d72c8a048d9e3f3,4157
e6f2a12aabf330bc,c84d06fdab325b86d189e041d1efaa9d,3248
8bad7c0f41fc93d3,2e5c1ab4f2055cdc8a45bd0c01768406,1407
04cf4a230cae6110,f18bdf55e5aae984f39516efeb9d2858,2259
ed494c33077980cd,f06b826dad4ace7d71dd9eb3f59ef3bd,629
d5257701b2e3d8ca,6e97f3159df2c29bebb7d53bc988444a,6476
eb5847ca49215ebf,47f36b7eb4af9d8f9f260554fa360899,1682
1cd8e326a4f682ae,c7452079060662ddd4d76c358f16f966,618
de854fe3a4c9bfa2,262b071cba34d7e4239d2a75bd59f303,20426
a502c1558a988ec0,9422b88bb21d887061eef0af1bbeb57b,990
8d2a5f3128661de6,1ccf11b886dfd789962ad1c869ec9749,8223
2ed523d5dad1f572,5bec037ff9944ec33fcdbe7aa94e29a7,10319
f4712ad04b373ce1,a06a1afeaf8859e43582313253de7334,842
1aaa60f6ca97fd4f,9b942c35fb2c0d04d4ca1fecbec20624,6731
493705fc2edec865,1b3d4b423488f244a36a71ef1e5e2eb9,954
ceb039c6429c4788,11e1c3fe5105ea72ff373228118c6eb8,6946
765c2348caefea65,6ef4e51564c7c3b7dfda9064aa855573,9855
89b368b49339f44d,75de1657ce9e08602b8d7eae388852df,4675
30036992d039e428,061974fb3a42fc673742e9e044b3e08a,6172
cfe584324891bb95,f34df6406e4aedf2b7b377dda888ae16,680
bd54fd2381783849,f3f144103ca317a70771694c30cf911f,1241
b36bcc32f1cbaa31,0f49a495423c1137935c66257a3c94c5,883
ec6452700107770d,cff94f42ec73fbafe6cdcb64f5cc94fa,641
19084bb7944118e0,76c7b95d9d206168b2986698905d7f87,1021
9e86581d8ff608f2,721f043e418de99bc86ecd5c7a289cd0,10556
8fe1e5abeebc21dd,c3a290702a9a25a2cdb0aeab3d281b46,3401
9e4aee30175899be,a789dd6c7c8d3f6a489589741a8a3fc9,6229
96ab9e3b5c67f2fc,6a33b88106db08d7f534694cd455e598,532
d9fd11a84ddf40a0,eefcccacf308517559078e180a5bc83b,6485
84e162f45bf0f2f7,0421f6126125db554cc4ca616ad01ea3,1959
fef5b4da40a99155,2d1427ab88123134fd78a9236b1bc1f5,2675
a8aaad4e9e08d7f7,7a1dafe4eb80712b69c0265df6c59dfb,434
013c5adbc0d5ac13,46a8256dc669854eed38d8382711157d,17050
477162847e67859c,ad7aed5aeac232fb423f70b22483798f,10014
9951dfeefa4d5461,83367afff9a1eef2cce4c8798710524f,1882
da075f9f012b39df,ee2c0a0f06a72d93ca32cc02d8aa7ca6,7927
1cce856ddf771046,a842307a534fa52e0c65086ada5cd220,2234
d927b52644e29afe,6f59baf149f07809fd9973f4a3446eb5,868
dc70da7656a329aa,16fb7c7703819207ead993c765552c90,26952
2976cb2e086cc45b,342a92ca915803f0f720b85122c81104,6196
7ca5353b89e473e7,1ef5c421482f0aea1f6d43f64819c82c,6842
ecb3905404bc0a0b,d498e906894f2117dcb640e2d5d46121,947
7a7f755a327283c3,a31cb5813c3b2dedb5103fea53b57a3e,1093
0df590f9bd294c54,cb3e6c5b260645b90ff224a135e77b6a,2624
12ae88db5a50c617,6fcd0920d77486100bcb1bb4a9417b4c,3748
8efcce48188ce853,8aa04fbe258c07c98368787a1db431ec,17199
7f3e7bf7f3f90c32,d73a1038b72a817518ccd2ae6312c4c8,7175
a2d779191e7ed892,facf404b25bb3d01116831d09c8c2bae,10999
737f2a3b8ca1197b,1fd2ce862ad0fa173ea3b2205439a85f,6649
fab90ef7d39808cd,d55aa05345c33c6ad90d124319f2f5df,11624
98f93f98cf725c90,a073e015d97ffa3cc11078d1e337a3aa,2589
f0c3cfc5968b1cf4,701dfff901942404e422bc4395cc80ef,7003
db14a1e9fb6a20f2,4dbc2359958e7d87c2a0ff85381d6230,1549
cf826d43d9de8f0d,276eb14c45e4d9a4cc512f25f4c47f57,5036
95fc5116ea02627c,faf948689c19b7aad71f52fc92132cb8,1196
52513a62a9f70ec7,0f3be5a9c3d09b66f124339c2f4195dc,3376
f8eca4e8356c3664,822c5aa679e8ef62577746609ceda135,6424
da6fef7d86a3102d,21d3204e1a56db48b6c4d891eea5d212,3194
736757fee400f43c,c3f226c5db93ad3ee83576ca8d0cc6fc,8518
4aa0af75f3abfda7,be9e724e89365080c33b93a25de98139,739
21be652224e091be,e6be480c60a0b8addea97bbed6ecd276,5142
37d6daf33e1b82f8,fcddad5741bd80b5e52c2b5502b4e40b,918
057c0231071c5878,c1660f791b9d8276e6b16f2994b50412,1053
e9f989e807081a8e,462f05bfc393688a0a332939c45e5f64,5067
6c65b280e0b7abec,60094b8fe96218a08c46926a2a0149a9,4156
0bb65683cf23b500,261448201f958b8d6e29dd7e6d3dc620,4936
20a314ecdd6afe2a,b8e779b320985ea8da1c396c11fa623d,24585
b4062a956ecb7b99,1b7f17e654fcb939c47a89b54af7fa17,2975
2a0b62eb464b7808,b5b8615a850db0e7da2f72ee246ca6b6,612
136c747d589269b6,95256455c68933a46b67e71ee0700700,10015
889c4a68fb684723,2ef9e224cd5a8971e1a3bd61b4227089,5075
bbbbebd9d16b58f1,bac5608e6826185686011462989f11f7,4574
8629386e963d4989,3737d6703e75825790aa93f6f4d84ed0,435
0a249fab3d786c75,c12a145858578e4b6eff2675f5f250c1,7093
f310273b4adbe66a,3254b402d7e1d8a981efda122afb3692,979
b938c72aeb8b8fc9,92b530bb96f923ba6d75eed6a1f1a7fd,7022
6b47b0be510c612e,faf9eddb097e17b31fc583a1af1eca24,1338
262b11060be7b1b3,9ba70ab820e7394b15f37de558a58a3b,4306
82e3f638e30d964b,32080e1fdfd4e9ce35fc0eee3991b746,8238
eaf9cacb9fdeee79,e4f2e0af533e779e48e13e9b4bf41063,11097
863f035b64a90105,7d515fe0abbb253b47aec5b699367cd0,7097
fa8d75a1ab8a3425,c8eaa7a865c9db0572ebd64f01574bbf,6816
81400a05052bacc6,bcb26402c859f40c5736feef73756c2f,1825
7af75d2ac791db33,c1a13178d48f801f3f45d5919617ee6f,2202
ea8df249bbbc26fe,cf12d3b00476cde633b8b3de327e47ad,3377
ef72f3836375e250,8e79fb80f550af13174c8662af3debb2,890
7d82a7f7e249a89f,0a14a8be57c944676bce16a8c8915ebf,672
fc49c0afb7efbcc4,2157c2a1f23d9d938e108b5a627e5cd2,7180
225a8f9b4edfb3f3,7d79c2702e62ac7489da3b32cb66edf2,6803
f840b7f94ecdfbbd,971f9cd9db73e17c0bf79f430cc506b3,3969
4d8c5d1ca9ab2972,cd8aa1aeec913b5db2620442aa838f8c,570
8d223bc06723de04,e1ae6da0fefc94c644a4675dc312f08f,6775
928401dbadb2c00b,e426756bfb99fdaa2ea3a78c594b6555,5831
62ef99ed45655c91,ef2c4032cb02abae32d782ac0b5f95e2,1269
24b4f96bc2ef5f16,6906e0d5b599c21bf5b621baed720d10,1046
9e4e1e26d2953a7d,70504fff1c6f16202f47af735e57c8ba,2364
7ce87b1518919063,10b06d0399963a497968a61c593414c9,836
64c91d2d34550792,734ff3a14f00e05a89151e917aaa1d26,1895
52430354850b7256,577698ffc70487283229cc5e7c83284c,10629
5afd08fbaa62d163,23577b531ca554dfa44fb8d8b028047c,3061
d449437ba18d4dd4,55e392ec7005b04a6f88c0fe728081f9,719
592922a33a8e9fa7,7e0727b7d5b70c83573d545cdda69b7f,10785
bb79c48f1d56c13d,cf47c4cc13faf1502303c28194b68944,1322
70999478d67d0aa1,e43e568fb5d23b953c62c3b4479a67f7,6329
6642c2e1cfac4bd5,1b258269f1887232fe534fa7e04d16ae,3328
01035135ad536f98,8747deaedd55fcc60035cc599b86bb39,7914
99682889e2b8a549,1274f54a3a29a795fdd8769ca5d9ab4e,1308
ad9b6722e3662af3,5d44552fcf42640bd0d79caf5b8d2ec7,7422
67f744699d0a37bc,d5def86c9ff66f9e2c72ecb18cec93e6,1177
8615588e3e21ee60,4ad54cd3b10b5ff7118907315eec44f0,5263
0b04ad8aa8a1320c,ee8ef064ab560fd5ca32655683b873f9,903
5273aecf44792dff,4d72a8fd24af60e67680fca850f58b5f,1056
fcaadef71aae2c07,b51309507a7bb15f63f96f8243c900ef,8216
ec34d11194e9efbb,7df97c9411a1ee60493eb70df0d02476,8056
3c87d45ba1404ba5,d2b6975b026556adc95d90e8ae0fe73d,684
0ee6d818bec50fcc,34b9b6ec513c6018f2472d356846179d,1098
b436f06fc298462a,b757236da6d163952b329caaf7eff80b,5718
0208dfc7645e5953,c824dc70c1a303b42d77eb8d62b80bad,5551
2edb10a96fbe26b7,8d1b0b7a3ab206525e89f183749e12a6,1849
9f029688700f4609,9e3a47aba8457194c6c74c62ee8c0e9f,5998
e344f36506e08cd9,bdf076d9849cb970d7aafee5598b2d8c,3951
eeaad71b72bb1f29,0a53a1383db21ab7065dde8443764c45,9257
0573d5fc2dabfd61,5db17942dce3e23b460f500fcc489f6e,6218
644e66f9eb2091d4,a8d7e6462fc65d0539564b22f6b215fb,5003
0ace6e71eaa500d6,308608777d53c67d73cddede02084b2f,578
fb408a2b67f93449,3511a71be85ec464d3aba1119ea3739e,779
0960f5e074afd26b,65a8064a6da3ce8345c38242666820a3,4030
47e2a52ca4e1f886,6e02df7cee6453f6e0fcb156c073eb08,956
f0704f4a5078a807,39fa4320518ddc5a1bb18eeb9a0feb68,7512
d70b8fca2da9c985,2ac359f627a3cdd8a4cd03fa2ebb5ad9,953
0f0a4a8c2ae999e8,bd6fc4f6822bb1c550f27e83f9978880,9240
703e513a195958b4,ff581ba308cda29c197b86ef25552469,15051
3499d6c11691b4cd,5ca2e3e1ba0c880788c0a88e7d67db5c,748
16c3fb7a2ece837c,dc37bc5a7f54b21be7f6779cb77d5400,2241
db048a58885799df,9269cc6d30807cfcd39c46a7c1840736,1274
24a9475570c30ec9,5eca99eb94de9de5293ff6f092b53274,6325
4775dfcca6abd368,f6f58841c60f0266acfb96f7583fc8e8,992
d72c6471f7fcc06a,5f7e17f80e1b1feeabaff6981e0c1a18,2675
9b760bb5c26e7775,0df4ceb52b52feeea597c8e0db3267de,3269
ad6bb1c8394f3718,eaf54e9c50cf791c5f387f969fad13ab,5619
4689e7f9a445ff32,be395aa063f213678a622d3a040bbf1f,1131
6e4af8eae96fcee8,61b8a5aaa18a18a7173a249266d77cb8,6039
64f51837b2b06c5f,418d208d3d48bc1c106e6b5dbae7fa7d,721
51a795a10e3de344,b3694fe444ad1527dd501c5a087a3638,6972
138f9c4e38f831f3,065a7544cc57806d04877a3934aaee57,843
8c5df0e161ef9965,2df75888065591e9260d175cbc70da40,1037
eef1accf7262bd80,9272bd0aa2fc4311478692625979fff1,443
1d653ae54ac58c24,b690ce398425322e02362e9d07417a60,2168
a4d4c97daa3d5807,d75394f62060042e5a8344fa6ed4c969,7415
0d3af816603ba2fe,7e958a4dc0d3b3837a04cf3de7aa2601,826
64c4ced49ce0b9fe,dc900371a111963a583e2c408e8c06bd,6671
72a9d83a5c0b486b,356aa4ba62449b5a21d8a23de01e6c63,1692
a3224eed77a5d91a,dcb7d97b0ae79127d07b4708c8a124cc,14270
a6d508497d2262be,0efc1db8ca688fdcf86446eddcf578ab,1457
ef131ab7f8fc885d,25810877e06ccfddee61a4b187504007,1322
e9d52b76649c59f9,95c0a88890c2acc074189940dd14eac2,11712
1d1f2626009d33b4,707c666a7567adbe9f392357b46f32d8,1212
419d4c753f620502,6ef3d8f744149f50ff26e4400ed783f9,1960
4d5826100115b29e,e2daed31677e8094e704efa924deb40a,6384
a8b7a4f57501c7d4,671dcab7b9c8086c362e5634cec084cc,987
786486c2be5a4777,d6878058d18cfe626701521ae269dc10,4555
c13b2132377fbf24,c382b19baece12c16c1b5cb25de03997,3080
7a2adadee4748bf1,656f6c4639b85d550203b75f2f7d3c2f,4789
4d1a0afad47ee15b,32baeb0c5a2b80cfd2e466569c0bb286,7320
affe0d68f93be193,02051d234567c40ee98e9da7a668c21a,3201
bf8bd3e888214512,f3bcee0abba9586901d71e174058e5c8,1506
a21d13820ca84843,eaefe143c831173c422a2fcd75b71501,1704
87740d58a901ca7a,d87731e8aadbdc45dba874a277e42f8a,2478
071289b0c1c62dae,e59e34f5dce52d14e8236918aca10de8,5227
fdcc3548b34c48b7,9ad445adc7e86216e9218099ebd4fdd3,3841
8265b7e4c96be820,bb5c028e3edf23d31ef355559a7a93de,1636
c6854840a01c5672,19bc24e25abb9a549beccdbce4db69a6,448
10e47f33ef18dec8,7cabc6692dcdc081ec6a283bc5053857,4905
936687f25c5464a0,e6833580d670c8ef563c512023f0156e,765
ee3844b31ada6201,a3ea606d9be6f4e5ffb1099d983a0477,1621
3789ae7faf9a5a77,1e440c3590a32faf26733498820791f9,764
f4047dff7a625212,203a6824bf0d6c5212772c852ad0bece,547
25ea94799d1a6cbe,0273f662a29da3579078b7edee158018,4408
6f637c694fa2c2e4,5c269ee1bbd4644e45398e27eeac6f69,657
aa074396367b14ed,4e70841e2d562f1d872d1af4494f7737,8900
d26a0df6f463c09b,4ae9c21176f082ac09d4d4aaa87f857b,500000
da2bbeadb300b723,092a515949bc9367affa11ca45dd7667,500000
28cd483be574e196,8d993a4716b9b2f248d41add7e0fed20,1672
1d6c9cd3f61e8dd0,6642f6512afd35c3f970a3ff319eb42a,784
3e7fa9e59cbaecf1,a2d6f63727a9f1c53dc8ea6dff0a2be2,6789
87f4f60ad8f94349,9c91227f30f1d3584d34ebbfb34cb6c2,445
5472c4d96323285f,342c099da92100c67c4f7ac4876e7c77,2750
650118651cce63c4,6c76cf1a2cfb0be166fcfddc5530b989,2785
b453e861ec3424dc,51bd29ce91089256935ce13b6ac2b62f,4514
cb282eb99b401725,fb118ddc6d6b7837dc5ffca70e08e190,3627
aff1577354be7029,c3d3a7dfb1eb7d9e316867a95901c493,2284
84ab0f8f145b6802,a753aa5584e5b724fd20faa79908b15c,6189
6fe6269620012322,4ee1789093b046592b8678f7133369bd,8327
0bdbe780caad49bc,715c599f8de0883fd745fad13d1b467e,2930
fb6589a76fcb86ae,50d22c19d76338b1c2608484f213f363,6036
3b85b30521b39dd0,f8113f05ae79d7b2f7fe4de560e1c06d,3693
eb3ea2efd951422c,109cae186dafa1be3d9231d861d4cb51,869
f395ba621ad930f7,26c1959483a508a425b7747c90b34b04,7091
94774d3a67ddc9eb,9cc536f4010937273595cbac6624d3b6,6880
a09b753521536625,2e6bd1fc56da8bcfb900594c27b599c7,8628
f09a06f507a70beb,ead55b503c6101dd0cde1e3aa08e8214,2677
95639c60d01a03d5,52a8ecf265342911580d7d7467edb11d,2457
e300dc6b0f41e25a,f0ffb28e55e61c87f55cc7374eb2a652,3390
f359c9e0597ece3a,71d756d9118aebce4a503172362316ad,6976
5dc85b0bdddeeaae,7c5d085941f2bf0569a3f01c75d00860,4763
02eed43846b5c0f7,ad6156c30445ab0f5504f10efcd692fe,1138
9b733fbaeb167afe,34b043eba6a9070617146d4178fa6660,7838
c5fc2aef3b8336de,b89992d223d855a13817063a37e92436,16993
4d7a521bf559c62e,0b58c13a5d42c5f2e6f27b6cc7c46332,16218
09a55c2afff12725,d0acdfb5a4ba0334495a3fca327a0519,7131
ba7e9eaac55468ac,57e0b074a1b7d628ea11229755e3a32e,8924
b365d8bc29ba289b,f3cd19944b9b462aa4320514143882c4,4154
99d907b0633ac094,a9335ace2b11e61b88ef23275be01df3,3972
4d75d3a1a496e051,006af6f688789a7b86e308cd4f738e7d,4402
54081792e5bc5fe2,893261dca458d25ce0416dfba6d12125,1569
6bf49acad3c9798e,d565329fea5da06c0244a641ac1237d9,2322
90c394b446638a6e,70750503c414464590833195aacc0710,7451
96e5ead7c1be70a5,6743045eba4a468522eecdf0a906e615,1936
7c07881ccb081f5d,f20b3d31a87f94812cbcd3b31569e298,3085
5315ab0dbaef5f44,5131a055a05380119edf253526daab93,1958
0cb5a1c148b62c91,29d747c7a51a01c47629784159824d19,7807
dc752dce37892c07,0a26f50b06aef4e2854040d4f204a4dc,3307
a73304e8e84d60ab,fd41e9a71d1d27ef6bb9c7ffb4a00185,7946
1cf26c4acea25b6b,367e91ec0e3c53c7ba7defaf2817f483,1991
1255e31bb7ce0b0b,38bcaacb5e2104fa5684c42941ac3afd,5187
6578d390872afea5,045271d28bc8c5d998f4eb39233687e5,3298
4f44d641385f0820,21a9fdf212fd18fa3c5a9a5ca88bef4c,7363
59228aa9cd844563,3a7462f62c764c33641860bf89c1aafa,7922
e58e4ba58df3fa8d,8bbfe178636b16f90731c43969e21543,8308
c4af7f735975d9cd,1344e528f2fecb0e069299dbbb9a8da0,2660
1cb98b774c71fb9f,872fc0ee85812c44da13ade70c30758d,484
17abac444e00941f,a7c06a0f4dad56bfca936ee63be026f4,5491
40c4a737aae2e250,ea42ddc7e6f31ddb8022a11de6f0cde0,7677
9e6d954dc3f26ba8,46238b6d6e5d5246df1a5fd9652c67e9,7912
1974373e9221b184,8f3b2f6f53fb42d7ecb7192c63f9b87e,5530
d3b725f9979e60e2,e056ef79d5fb74695fe140adb3528ab8,7959
ddd7ac430366c0ba,70e9e4f92db76365a2c35980cf00e0c8,4811
72b81a43539cf086,ab5a083c1d4d56356e49551bdea0743d,732
8e750d9a86d41e2b,ac63303e895976a19717dde1af852c42,438
84998e203bcb2d93,c2a7c0be0e6abe48c2d6ba48db45ee9c,1362
754089ee0dac9775,dc19d7acd64384ccd75b2a8bea5a894b,612
8067bd3515390b23,0456554ee0742a06e5237dfe946af0fc,1450
d55e1d2bb022b7c2,91e1276581fca6f2acba8781ffadac95,4510
412ff56d606a7b9c,960b6d1035898ba9e8beab9853eecf51,4034
38d5c42e439527ac,a28997f4ffb4cb7a08df6c714e9a3db1,1164
1ca6a155484dcda8,6b0d8846598975b5dae2abe3fe07226c,5716
2c3d8e6c9f2e2c93,c901ae264043f7ce3f4b2e3d1cb2b46f,3968
366bb58eb5b133eb,70140f0eec2671ab19bf3fad1f5227b7,5881
7b8d21d132c0344f,32f9350ec0e0b919b28948f2092dd292,1787
37582fd7b26c5828,a436d27623f68ad7521a41aabb5923b7,830
e43b486f89b35bea,c909b9acbb32bfc8a9b3ec2a01b16857,5113
7daabcf400ef2a5b,b2c021213ec51af9a640b776ede7443d,1254
99658ace782d51b9,758b1c437b618f88051ddc9a07afdb31,5162
49fc3c7d04d65d5d,222d42ba26b2d42c514ef6d13a068cc1,9747
bfca1703fb917c44,d62904b4a71b50de2cfe545d4a6d3d98,1182
779430f583a7d416,09b71fd43a6745f71c6d459a3efa4081,877
4b917282a1356cc8,35df31e463c077144de43dbdcf4effa9,11288
6d1ed84a789488ea,9066d9f3379ff7aef1852a35c4990fb1,2418
630ee509d0ebb3f3,d261c5d142f6011a4094ce24b02ea87a,5940
3ec71b35b5bbb5ea,2fb40fa9f64d119e312dd2b10f05ec0d,5669
a6e065f09d77670d,5c6b4fdf03dff62f87866763212a8bfb,790
db891ae1675c6a8b,e13b8ef3ce47f828727519acc49428fe,500000
cdca679aff637c63,02bafbde695b880c15b5d46c413be88e,11665
4581c7b3b052cd03,ca74c6f2c4d97e15a0fa55c675fd6f4f,4368
140bce38ca9086bd,6ac84e1ad7521ddbfd44a39da3aec8c0,6266
15835f8444fbe7fc,7ef318b96794c901200fc1760ac731ca,2117
ad4a46f4ca4356a6,f5fea56aa1970f4fe0d88d6557eeb611,1456
17f13e8ca15f59de,a51bc83cca4e7f0b99c5a676eda58afb,15580
c914cdc8fab7cd53,4b0c55351fa7b087bc03f23a15619eaf,807
070be888922f9ddc,d791772a281890a7fc0d5ecd428bfb74,4932
f642d5da678faea7,8d6e624fb0c518c37791e9008d54ab94,9947
ca1694f9fda435ae,2b692aced1478e8561c669bee919d12a,1182
0ee677e02fabe78e,9635576f2faa94852437adbf618c746a,707
1764dc6bbef5536a,6e79297e66832db26764ba2869bf91cc,1919
81599f3a309753dc,36b20d3728832b2fe8e597364008da36,759
03eaa9a39369f212,2236206137c7c00efcb7981d76843ea5,28304
28b5711e58e04865,1a9abc5de4af807ba0afff24eb272ad6,8735
d55d27a04d056874,a0c2fbe68d9b14be16a66212dc2b0d29,1097
f96b278c4d1e4f04,52357e99881de96cdf41a5707503730d,6295
5ef0f3b00dbdf341,8314d7aa4c5f43227e83cbff0326dfb9,7121
a8b3d45ae14fbd9d,677c2f7282bf45b7df6ccb47864c5d75,705
34aa7d0ee5d9022a,b2a5b16f66e29366ad8e89d594e77908,806
1f6331756fd78e0a,9b5e7d352e3b3b7d3e096caf24f4d173,894
1ea48c3e6846bac0,35a9cd8395abc43ce8b3ad0c69219e2b,7071
066d55b1ac80c134,415f709c950173b7839b728027d49ce1,1661
eb88e346dbe24302,2b8cae96df3d136478447d6304b339cb,1478
3f3fa8be191d0d45,15182a5b954c0d9d5f22efb1d051aa9c,8736
a54c93ae99a24592,fd8fdea61f32dda16401dfa328f50a38,2500
35cc33b5faa50608,9989487e5d5c3f5395b8636bd7db22a1,9299
d241c5fdcc7e9ce9,21d3204e1a56db48b6c4d891eea5d212,3194
7ddc4f5a1a83c1aa,023c602b4185b4ec4e4a4047cf29021b,820
14f9143d4dec908f,7846e7ce78f559309544a954fff201fc,7677
7554f17d1d309a30,57b1ef3a6c8fcf3d376b439ea73f15a9,3710
46e73baa23388d31,55604f969520616aa86d0787775b2b0c,6592
90208979ca9a7b6c,c4fd241cf0400bfffc21bcbb15bc8209,2834
1900ee820a8e7591,12f27f3ee85a8ee5644538fd21cd8834,12034
ba1551e8fd801ec9,8b79102c1f31095a7dafb5b1a4bcb270,500000
e43ee606f86dad48,b99911cde48e1aae5893db4e949dfe39,4908
3d39f9c49e36e694,b4f03040a3e02b237f0a61e8361fd202,3332
5cc0bf7e3620b242,e786d15f1e1cce21223a85e415e2faea,1357
5bb593e9a8a34232,43c294e74b2a0eb29b24853edb7ffb9a,2880
c86556b6e8a28c9c,df85263c56f3fcecd5d067a23966a547,500000
2aa067bd89691c6a,e5de653359d26cba9f80e74be1efafe0,1099
e66bc720cf17f80d,7c102c2003ff1738441601d820c0d524,758
8d27a43c5a8cfd12,6ced3c68dd62c0d7948ae736be5e6fd6,1653
9af10942c246aaa0,cbb4a373d194f23045030efb9fc5e498,6348
672734fe76245fe3,1377b2bd19caae34b4fadd4e1293e809,8187
30cb77ca432636b9,77cd1d011510cd1dad5074a1cc9c92b5,5989
508ec8bc3cea1ac4,1c73f0715e47d4606eba439b1ad21dc5,6362
8726b9c309eb6f16,e618bc7a6119bf0a31143972984ef944,6460
6ef42543a882220a,5d69c1d9c102c6bfcfdff32a8da6292a,11801
954bb3d166749125,b167e71a197f92bb5b2559b46cb154f5,7660
9cefa54ee93c6560,bc348cf4151481eda2a79e801af16a7c,2236
9f79765b67bdbe6a,b7a79ef939d9d9ea94d373c11f4134f5,925
d12b37cd05340f95,0c2dda7dbc6833886c729962242e5ee3,831
d3e28d254816a3e1,ff1eef19fdfaf96b952081ca63ee8430,3796
3e015366508cd21b,8760ef45e8d3c96c2fa8edf388f12e8e,1927
c714de67cf783b10,432da1b76cc45fe40bde527d536708dd,5712
928193c87c921cc8,4d158528bc004b315094c4fd8502b050,387693
8fab6ddc20e02f71,69575094d5426e535b9799e28deeae44,842
16f5332138b4adb6,c5d0e7cce3337fb7877e9ddb8dfbe5d7,6589
304da46676eae92e,ceefbb60c82347073ba40b644582488d,7210
160d5fcb55a37ef2,787b70483f699f9fb16d2ec274d5021b,11284
a1cfd337c27d07cb,1e0d4dd6ef6dc699245c203882c30304,5831
ef669b5d7b2f5fe7,f97810b70c1e5387453807fbbc6b1d43,5726
577fbc89cacb2d91,ee28f0640027f2379496265a31ff1143,5592
cc8e463d75d86cc5,b9d7c58e926d86f05f446f941e9fa1b8,365816
7eb671f09c3e6131,482613ed7dd319febbdeb6ee32658277,1898
f1bef68e8bd9818b,86ab31f63f53cefd481e2e3d24bb8f3c,6489
03039a0cbcf10766,ae6790e24842a6d6c8848c2ae3dcce32,1032
e0c42595cd21da1a,e41dec17c755e4fda348afd06e9b0d5a,6882
af6a4d041ec0d784,13fab9a527d74e79933bc0e024f448cb,7545
826667d4f0d3dd41,2796fd369c9f1c54351b952c6b478f36,2058
ec3ad0a3427f0ed7,4c6e1dbc5180b3f2d4faa915834726a6,4302
63659c57bd8ea1be,3453b7a0e49f0a2538c421937d660f0f,4449
8ea970b4522265f1,0e5787aee9ae1361a93500da7d4333c6,6119
aba25c7d9cb366a4,2c58541293d3e9946710133d2788c410,4430
5128a93d5d8f3140,9924af4fad60f89884e28159f0340aa1,5325
38de0249d1b8d7bd,0ddc19c170c3a8f7dbac8d7c927325f2,22634
f1f34e36c0aed0f3,c0bba88e791e07798a4192f0401bf31f,6557
33a906dc99760843,d2c187ada67c9985b530d67527f8458e,473
51ca3d796d68d85b,fa37027a48c9a9181d0793c924cc6816,1201
2c9f5cd1ebf144fe,6ea7110e620c52e3b6286c5c03eed969,1716
58145360b36c9434,20b30fcf9eeee5b8f1b92f8de4ed7f1f,7764
fd3518cf58b7fbc7,4d56a9787cf28f5593b25a604c5e3123,798
27f41417a63739f8,a484f172e0f9c445e17f88cc88d360d2,1354
071fc7aba91b7b84,e2b27062a93d7b524e9cc4a5bf2e1df8,5844
33064b46d854b057,4162349a9b0ba3b7d19f801ce743a483,6616
83bd64d1e9a98530,51471cc6401b9037e7dd46d00c761532,815
f492cffcba7114c3,cd6f062339f13b8810d64d456a183d1d,7432
89fd55ea858c8eaa,ff8e947b226e719fb24c62c4afabbe36,974
b32a6520f05728b1,0357d4b7e026351de1f54b23fd278183,6530
1e48c1a1b9674245,4cd40e19bba718a53fd72d3b3063b8a0,2139
dc306f0ae89b4992,4845a93ee771b64220b82ce033fdd93d,5838
a2a3bfbbe34de765,ad3810e796917bbead7f16c2cf2d3744,2829
46fb648e365d6245,37a2ef2c3b3f13bbedd23ea991105a9d,6810
f1c7f145a7f04ec1,583c591a9c4cc7e7fbba123b60cbfffd,4493
8f0385a0b4b21b55,8d2cf5d507f77d4da0d834d786e1846a,1099
7fd120426bc7f24b,e5976ddf92bf6ed317110e37c73f9827,8137
2947464ddc2ee958,e0e165e2d2654ae7eaaa73d8feddce71,752
b4fb27a7aee5abf4,9d7ce1216d7362718b8c3cb6c5e8eef2,4088
4216d2ac9c1743b2,85485af73829b54010aa6e5721762306,500000
2db853db5b04d66b,81606306d5cf8f5e7f38de767868ff3c,863
166b99f375d6218e,12d631ec8cef179b3fed0feb0595f8ba,1068
72e9201501b38586,cf1a84394b94c861392a2c68fc897c13,7828
3418b6036677d062,3e23ed70ebf26f07ee29f911209b8551,3583
a7623c3f749e0763,d5dcb9badbab53f5f3eecc3340cbd076,2647
181287f6c63ad9dd,faf533b0e988fa308a3662ad2817ae7e,811
5c216c748b37275a,fe586be0b8298e067ad17c5ee2892441,4914
d07d2100a856297e,68f65d3237d8b7f718eae4ba7c2a5fc4,4236
9a660f16ecd7f693,2ad87539ad5b76a891e934336cfaff52,881
a711a3df0d165e64,e0f4cda746add087f8cf8e9f1194e678,849
2476d188256ffc46,ca663f9025d035e03abf6cd477d16eb2,11527
f5f1ccf637438c7a,ee977930d6ae1641af9a568276a73bfe,7942
2c327578ebb623a2,1d9aa066c76beba1aadf14071a5f4642,3479
c49187b669565624,c70533b9931644d3100d7b8b208278be,5431
010003de3081f4af,81b244df5b4d82c2bb948921c958c2d2,5510
263348aa840cb398,a0f0df2b72b2e45663a9cae365e9aed0,3947
959eabf54241a2c5,02352115aa91b28f2937984e3f5e4dcb,7084
0e0dbe22e5dd9494,934cdb505a38f82011ef3824073db920,941
1398b9a77b9b487a,2ae150ea1a25fd9797baa4058a797ddd,2456
a1be39d55a81b6be,98151519a9cc34c85232904a34626b43,1114
c02ca47c9c71a598,0f81b5989ab3dfddb2f79121fd0878b7,672
d4b5aa71c5f8d5d0,c3045b875f6ed16e6438fe029b9d669e,5933
74cbee53d1ac443c,ef07cf4c3d91bafd09422370dc5a00d5,1065
f8f1a4d2913879d1,5be7ea675a147500d3b9101fb24dfee6,1737
4ea6f792064ec2d9,30d6ef7b79e8f6fe99f0bc141c019fb3,6670
9e3f255374257e66,fedd1c18098e9196cf13ffe9dd0c697c,6412
a3d127e0e0c70406,98d211fe211842b07f4b2e008f10aa22,3379
5e9d16f55eba9925,4588b3ec0353600e0ac34254099ba776,1839
ec2302e1f6d72375,b8418e47403e292108f196553719f26c,10313
ab7702f213437170,e41b641a501f9bac8e47a14845d1f674,5969
e3c16dacd96b7c6b,afc61c2ba5c4c9797dc20d579782f645,1814
5875c0d248e8aac7,f6e1b504d84f901f607fb35bfb863f11,4585
eeac0c031efc5f99,668781ac7efa0b6a16d6073adeabc05e,6995
c86a95f9e0aceeb2,274707a5136d1470fa559b55df5b9347,691
58b52b10eecea118,fa4e1e2c6df21f59efe5cd148a795202,1033
e33f3b5baa2d1bdb,e58a22e45c25006f581b754bf49d2afe,1165
30ec9d0c9b840924,5a3021a63f4f7dac9e948666170b751f,937
b7becc8a0f9f004f,f1d013e4feeed12805072467d0d25c5d,23475
a7f138985d3d454e,e7b56e35b527474e7330e0046d980bf6,681
a69148c3549626e6,2ed416b2972be823f432c97b8df8b4c0,521
0da1a19bbf919fb6,3c36eac094d2023eb1bf65535793dafd,6468
3bae151df64ed870,c5a3a28ff8ceebb40a812f133d94b824,900
3466ee9fc99c4c88,275beb1956c757afbc9f7952c526f8b7,10009
a5ca92ae458bb242,b6e2339fee6f496303c23248f6cad790,955
6f30df0d92d7e6de,c998cc794dcf4adbff5efa6003bbf3f4,673
b9337285578bbbbb,6870b09652a015d996bbed8fb08fa4f8,1937
9bc2e36076dc94ac,154554da00d9d71ab09b34cd51d34e77,1046
fcd195941fbddcff,e70d9439bc9c489e3791fc71b40e678a,6924
07e73a270c40f71c,6dc022ae3fbfdaf0f5e35f1d0704d573,767
e92b39791baeef7f,bd0e9c4c28e407b5f403317871b84d79,734
b6706ec03204e5c4,2aea69329bd32ff51916282d496249d0,602
e56e295e8eded73f,02e0103106fafb51a3fcc943d336087f,5732
1f1781a2144ec37e,4691de5896d9b66df79612e1d561e221,5638
45e7c6b90a05dc72,fd483b9756bb319814e7e4cb632b6a89,7839
69b637a88e941188,68f1fd61a1084aea5efc59ac9b58d4c4,8093
b292fffbdeb0b8bf,f784eedbd8af05c0facbe6fd704a7415,5646
83f4e291cb958108,27468cf8f8b74dade5fe22efd4eb2ebf,192180
1968d414c03c9322,f41cacdc18fcc734e49bcad7539d5666,1708
060d4b068b1cb945,b132d38d58a1213f25970fd0367297c2,3517
ea2915e7b0c23ad4,62bccd5197113076ecbdf1e54ca37465,5796
bbe424875d3dd033,3c949c8fd1f42905680acc63cae2be3b,7604
16483741483794bc,33b79256f304fb9b84efc59034d557bd,759
401b159051876b53,e1b385f35a324c48867b6c3d9e6641b5,892
466d7fa5d7a29d89,184be199a628515f6f5bd0f205d26ff3,796
58337577608fc95c,16cf2657201eb04deb5a6ab819883d7b,10159
53b8d2110b53cddd,5af6c6883b34fd12fa42e740c752d6e4,8662
639185c6bff0ead9,7e924415f7cc4fd168a15aad1c888242,2352
542982deb004dc6d,99c4eacbb7072bd9623191c02d8dcc76,12010
377cb19cba1de71c,08159db64ae9f18bc1d48b2e11e47faa,4164
e9baef09cb36b9ae,8cd68a2b82e43a0fde8a7abdc8a1c31d,500000
98e8b2f111afc24e,4ca80ebe3a1cc4b7221b4c319a62862c,6967
14693282ecb44685,4129663a58a8ba45b3920f10b6160bea,1248
e199d3b58b9b4c0d,00b39e5071a7b2baf18e678b69a890a1,5476
e9281e459cc57d98,7614ac68c16405f40a6be214921e5ab1,4538
c06f2f5922af340c,4f1a58e2d4a6786df96a86eaa1a25491,1884
0fec1b4608831ba9,5bd52f65b2f5da697800c667191b6657,7636
96a53af17175f970,b280d2dc36cf937dd27f46d3e419e787,1194
48bba0bc6a4112f0,26d9cf4ab759025c8a9c95d9ecf9ad14,645
f2a34384bc94d238,c09c413af1842bbc222963ccc4ebbf2d,12396
022c8c2393a4dbcd,ad9e5653ac5e9b817a91dc887912fb6a,7333
646b92b963c5eea2,0583c35b867756dcecae4d6dd2aab6df,3180
0a621e5ee16bf8c2,a8a95d92af50155d3ccd7d09c8e2bd8f,3663
48dc53308ec7f018,96f117df0e202e70b9aefd1658fc0583,9936
eee960f499118230,16ad6041616699ba50f7bc7da2341414,7775
f4d83d36c1dd9cd9,0aa2f4a3dd23ad72f7da9c7bd115a170,4757
9586975bc8544cf8,c4c1bd143df15e88dd11afc467ecf90e,2706
9f42168dcb5e0fc7,21d3204e1a56db48b6c4d891eea5d212,3194
cb228406c7f36308,6d33b6101835032df5168c7af072b931,3995
abf1e43490850bad,db0fda9101346b9f697e0d9360b2b416,6197
99b76893e474d445,d42911c2f087b0f4e8c5bb076c46cd0e,4181
30ce76dcf25c4508,bbe2e2130af04c6cf83aced059500e62,570
65655de06cf1639f,8c0df40a448aba1d0d4b1089aa48feb9,4024
0a346024f1e886a2,d4e332d46636c012173cf50b1bee4855,8315
dc807a7f41fb95a6,96f4c58e78125e550b459db88d21c741,542
35905f34bd464660,38d6fb639b6f22aad606cd3b94518d24,2261
4145b9877ac7405e,185b66f48c100afe330a851294403c27,1145
3ba92be973755285,de2f0fb5d11fc3deb19f9cb108af7be4,1909
69db999f1d94276b,fa540a103d349e70f0baacb8af76d036,9352
0bf0d04bb070dc9d,8fb6156035677730a748014b2c52b445,1467
79789cf9c6d25bb3,255b430ce0a5b4aa80aa0b060004c631,985
754ccaa3bdd98a92,c6f691a1d91805fe8f079fd42db1dbb5,8608
4c99ca3939630e7e,9860baab55edb98f5db4523a0980e74a,2210
f0d3621f08c9d6f3,fd85b19ff7da0467f6ce5a515ab4b67d,6014
f1b5b94e7f87c6f6,d556700d2f7e34ca401be2d8ed7b7f45,12265
4330d7ff7b9d4c15,951a9f9cfe59fa95803a83f8925cfd92,1006
b2435fe4fd9eb7a8,901ddc37085427c5a01ca623e985270f,1923
a3bb27e27b0b6a25,f1f82846fc520ceb5bf5c9ed8953d23b,1242
0a92d62b7c908e0b,15afd750877cff9770ec329ec6724654,6654
32645b3393e5e985,7d36631d75d00623d0740f37d2d0846b,7780
3f7a32a7732db54b,126a9ebdb5290225003e3d937fd5e417,529
7e33d318216c0d0b,af04fce91bf7dc92631e98575d19f9de,872
e0558978e522eb0d,2429bbfeaf782717d274233549378afc,1231
3772a8c9b71b234b,c9075b802f90d9d99adac14e01e8898e,6600
0e0cd70119c764d3,2b483405a89414386a3a1dc52e6a1dd4,5175
c2bca599e21d173b,e3bccb2d46993e480c78e788f350a129,4428
bc325d7b8a6671c1,21d3204e1a56db48b6c4d891eea5d212,3194
cc97ad5b6006f98d,b3f56059eb29ad3547328b61ca92653b,694
e3d52689b609bff1,03f6e6486f448b79b756034228854dbe,2893
00c8c0d622f9cf64,d31d128021c383abb94d38ce790a64ad,3127
42ab9b202b537fac,ae8a38005265d2e79f1c397f5730682b,1132
9989679839413766,822020fb2d304542a1ec0563ce06239d,871
3c52f12a1a2ee4b1,f4ffc5724dfed3c73019601b0562519a,5627
bd914a9fd2f6391e,195c24064137af5af510ecd823e5bfb6,492
53122099c5459516,30ef07c2d51ebcdb544d736e9791ebea,4244
8ace0e5b7e8c981e,ba1fdd7186b72e24f7766e8be9649531,2213
79478486d799b1a3,1c5e23ba7cb25f2fe4de8bbb3876bbec,6825
dfecd1d4c5d25149,bc8ce49ebda3c7bd743c1a2f0b0ae1d7,730
f2116bb6700f2cf1,14ead46f9e76ad92b8df2c73c9edf92c,11002
2fd061219f47d81c,4333bf191382fe0e59aa4168695c367a,2329
afd7a2bc7d0e0ced,a83f0bc74efaa516b9eb69ebda126fc3,8347
bd2cbf7c683438c5,29f7029d50e360c45b2f745f0a3ff199,1430
a5cde6e706ccd363,8c292fd6fb407b35102eb772527e95a9,4695
c57f1360b290bec2,5e775b4b0d9bb15bfc1facd454f625c2,1853
c1171c2b12ced0ef,8c4c9f1874314f40e389c1209ce44148,5996
3167dee8d30f20bb,829de3014c12599755f4b3811ab1cb0b,6827
e89fa7663716dc48,5250beed8897206f2024e3dccad1452e,1296
e422691f7429ba10,511d1e1caebdcad4334b1fb20444fb1d,3735
3759f284f52373ae,40e7d82e0ac53f6213855ebb00f59757,5376
01732c8aaad649fc,9ce8e28d2b63b2b43268babd64b20ab8,10245
382e7405f9d3063e,39ac6f2c390ca600c42ee54560472c27,3901
4c3b7307a7cdfe94,bd8aa7d81eb865d7d13448a6eebfb90e,6951
3eba13d4d5d400d6,bcc2edf3168f8a3bbe8acd0181e3759a,1978
b7247d442ec8bf86,5b904b6d568516d58065defd7f5447ab,7707
5759a5b2b24eb26b,5e23b0381af976479924a12282e528ea,4541
4050508eaf24ac7b,5d3383d26544242e350ab3b1bc59b1f7,500000
70f9142b15823a48,bc9684c38626c7918d0366591f65e1df,1698
769c80c17cddd3f1,e09bc16b4703f614b8c5c8d614482e5f,6367
5da34e319cd83c3b,573596ecfe766d5ef0e2551d8e257bc6,7756
da35dcc561078d52,7bab153f908d80b66681a8b2592ac924,2674
226fd733e0d5683d,fd42922fc4316584d89696709a17e1d4,3006
4e1d6b40a3df889d,4ca8c1e49330c92b014e3f06ccae3aed,1677
c323314273624736,74530b87c2919587e6855cd2361bc0ea,4106
5b6e732a4138b1e0,83f57dfcaed33ac0f0eadaa002d1d1f9,12468
dabd1c799f52eeca,6600ff74751f9b9afabce0271a58d08e,716
0546e449d3f4d7d1,f40178747c0b90f7bf64e4ff8485a47f,7408
ed576f24775fa40d,3df0b376f0199bad4615cd07dba6854e,5173
4efbedee4c309806,32d1ad14ce952fb172395991c4b72694,950
f0984eac9233e1d7,93d2397440827ebb4e8c6541da6aadc9,2265
9a9d8e39408e9b9a,aa57e0fd18c8c9bc679357147dd166b2,4938
c92b277ace29f648,9020cae57fda7cd80b02888b8053646d,6987
df8453d664e27a65,13aeb90c9de13fec588f486215fe8eaa,1321
87f25dc83bdb4fe4,ab16c92d472314bd33d3017bcdfebade,6214
2d278936bd31c4ac,d5910fb283d9ed61bfbc2698e0431a9d,391
173896709bdecbbc,b369a805c939aee1029e9141b6fc2273,4703
d8bcc3f53921cc75,456957173dcdd24e04af7b4bf99848c7,11482
795e9fcab54dc15b,0a38555bc7ae748aa5ba137a1a7245f6,4527
f40c024c7f295121,b899d057c6a15104bc433e328944ff0c,917
fa611a57a20ba952,21d3204e1a56db48b6c4d891eea5d212,3194
5e68dc4a9cfc88ab,4a264af6a0b4e68c61c0739f40903831,5114
76ab88a19ad58c26,7d6ebd474a912deaf9ffc8d10a270ef9,7798
8f039ed8dfe5923f,93f567f64a29e8225651e8e89f190635,1118
efd39d9efc3c602b,8f3d16537ab620e9e4bad9cf74f5bf7d,4762
4f09097ff4afea42,1f53cdfd6f91266cfac024c9ad337030,6827
93bac63b6b01cabc,1684ab57ca151d94ea61c8ac84c756f1,9089
32edaa4cd464844d,45865d300ab3650eec1778f07bc05cfd,807
7a41dd061ca93a9f,b3a617f8623d953206058acba1bfb2b1,3881
dc4dd9d597bda4d1,d6484ddf02bce93d2130dbefd292faa2,1695
f0c961c1f125322b,2bd84c3d6a3df3daee60400d1bd6ff68,3014
578d6352bba86a50,fd6998b81a0c7ae2b1a617c9517aa733,1179
cb60a6b2097ab331,60f1067da088fe60b339d01dc85a9e5e,7206
e062c24de9504362,4e34acb12b838305207255bef5bf9ee5,5115
29d732d69fabdacf,713749ce743ffb0fde211a8eb61735cb,7630
f7c817292faa11fe,8d18c5b7a6c6a43dba7051b4c7066d70,6223
6f132eb228ac40a1,96e0fc682295bc993e9e9c2901f71753,7052
ae249349de1b6701,83319daa40c6baa486d822c51a6cb2b1,1861
4dccfbe8f01c8820,399b63f5894069ed0671b0ef7417af60,4703
8805c5022930ddb5,641dd2268d70ef015ac9c7e9f66e97d4,806
aaf58483c9b1746a,ed3986e310e28f6b8ec6dcc73c4e50e4,6998
488b6cb421a5fae7,831250217dd537ea8550f4c4b3d6b384,525
3ad4ca8f03d4349b,5fe1b797b7dc65286782120946d8f28c,6610
94ff8120ecd61658,50caa6fd65195a962d28d28595a30a74,3904
25d534d4a7851055,7dea7cba3edf2890d1e8cb9c258c2e24,6068
d65b2b7264fbab74,cceec744abbb28df6c845e6979320d5a,8013
03731b4b818a59fb,99f851fa864d0a759b23682e97cccee4,2153
1c1688f734e895c2,040b5bd43f1ea2ac839c145269626dcf,4088
112611964a5c5da5,3f0fbd12a8e31e3c4144bf689ec79563,3174
09fa2ecb377fb6db,36f9f6564633740e915a9bd2fa5317fd,4369
60d44fc9ed9a3c45,2a64c36088331bc7dd844f4641d98dd2,4268
dcf096d7703deb0d,6e9816dc89bd3c1ea57d1104cba88521,2442
38898002bd4ca3df,b0842531c7f927eb4d70d947e9315296,9303
d372ef95d0b7b814,3827cadf6b768c8c2e8be5a18f42b351,500000
f01a0b6ef6ab6907,98540b57c72c080b668f45eea800c357,8788
cad87ecc214e0965,eb6c455791b648eefeb2fb867c080e81,3618
e1c11a62da3c0262,a2d1bb77f6288f0228ff9c1c2b43be52,6794
fb540ded76497042,f00a588c412453c86a0f4f0399ef49d6,1048
21a2b1cf9dff9b9d,e26c1ba2b6eba24836df5faaf42eef09,8167
6d65f360ac058af9,6fd4687c258abc2a927095f562c3d18e,1807
f8ace27c341dbe41,7d0e903556bccb45e4e6a3367111f690,4961
ea035e3a89e5e007,f11c7a6c5f5afadb5e7ca24db27928a1,1594
0e5b91fe0a5388de,64d076ce0bcd3c66d0fa3c7ef3d13292,3015
c9f64ae948ed8377,7fcc5e030b4ef0c419ab7a0be87e3544,4819
3ea3b49c606bacf2,6f139528237062e584bb6f60737a48b6,10263
e1833a3d36d826f4,7f7901ffb809258e4347637d8b57689c,713
8f34c6722c58582f,727f0a64958dcf36a60d88521c34f3e3,16969
5ec4df9f0db16cdc,5ea9786420ecce970628650b0146543b,680
e17a1f0a181d33ac,4143fe1f7c4d3bf9bc9eb1cb7262fd6d,1409
883f3186b0c76c40,9ba4d4b481fa77e79937aed8d86919ea,4608
72994f726b01ea0b,947700bff14e09f56e830c6abcff23f0,6929
90d4590523e065fb,6e28c0c1d3afbe0e76e8119c6dd442ca,7226
39cc305a824ed8e1,c93c302dc534494e8adbe8cd5a565242,5977
ace0146cec06f4e8,3cd7fca84a64ea721c4d8e2cf3bf5e10,5488
f4cf4924cba39512,555471f6d5f1d48ab7d2562378d9c1f5,5668
043b61f2f0cc24e5,3c132f3bff02db33e87fe1d86ffe8b66,7206
8b9aba9ed4655eb2,46e2ae72d714a2087a8cfa27ffc9a965,582
24b72e122600cb59,dfa62c6b8afa2b38823d7300bb1372ff,7260
41e574e04988b242,079693fbc6f4869cac8889312e375954,3895
5d12d478d0c012db,71274e4930d0c3d57ce3879c785a25d5,2419
350285e8f854c408,f114869a75413fbdd4fcc275643ef25f,740
9270c51a3af404af,32093c8ff529fd1c7760a5b595f44a04,812
1125451bca58c951,dc99d9ce7576c6a593a039e1e7f89ef7,7093
d4015a4cb1ac6109,477137f4f2efe40ca8e48471904d08de,3952
de2994b088661b4b,1aab1c4666efa3c1492032651f907f21,4361
0f31c6da64636f96,987bd05c995c1b4e29b93b4757e8ab81,3943
9fac6cb2539d483a,465c914c27e961b8a403507b893b011e,102086
c951e37fcc579d7d,ae5c98adac5bda879b4220a8c6c87897,751
80d44c1f5b60681f,ec86b627e6d9576637dd31b93597b76e,755
fbd65692f559a88f,1acf8fc66036fee3bb9cc67ccb5c3b7b,3837
15bcba9ba1063ba2,5732f73cc6e8c167a59df38578d179e7,453
5a3c5159d56e0f62,21d3204e1a56db48b6c4d891eea5d212,3194
6bb33d613936a714,cd904af62cbb2cb2a3ca088fdc5c216b,5248
f7639b0dfc45663c,01d7b93f3bd2f6929e8965f37b796e2d,736
fb4de7ff8b0456bc,fdc0d0a352de53530aa1a1038a800293,1428
39003eee5d7ad085,2c78fd756d45796cdb4d231570a82043,1499
7cbc75ee66a7b9ec,3d065be3a1ad454adc0b8bee2da04889,3375
b01568305062a0ad,e8110e3f8fcc7c8d6b5091b49982740e,16800
2e42e4d5ed5042a3,ffa2fe38c59c015413a189eedef7b965,1051
4023e751d2290775,003877894852de050706950ed33f5a35,8195
826903cb59f7888c,2ceb56c411119f284caddb4ed607c9f3,3859
f017418d78472ff6,1593c990182d45224ea22cddc51c2745,810
82013ccf4a9755be,eb73de29167ba8a5632d628e2dc63d0c,980
35079df75f7dace2,eb4c2080f9d10927b5f94f25bf24db0d,573
e8d1494e51d7dec8,3b468c722e5aec700b8d2ac2547141d6,6293
fae7b8dd5b73eb80,392f48df5ca1fc77de1abbd6351f18f5,4840
58584eae439e8a29,6753226c06106bb2c006fe664ae43d20,1827
cd4a09a0441e9c9e,92693ce525ba1cf1987da5843dd31ff1,2585
a88fea523445ee50,009f5b3b7d92195f45a019275ef01bd9,3328
acfaf59584aacb4a,d6a3b344cbc6962775679dec956509c4,2009
e10def00d427facd,0fc261053f41644b5790ddc77e15a83c,850
008563d5e2cc2fbf,e96e8bdf3416fca7db2d509f3fb46076,3379
6c4ef8839dc3809f,ee80a2dd7bb2350dc65487221a1ca413,6786
874d93efe34ea4b7,dcaaf3c13c2c612d80384b36619242ce,9747
efdcd549cf841217,21d3204e1a56db48b6c4d891eea5d212,3194
ec6a4b07be0917ad,b79e6c3b25f067f158cfe62f2954e33b,7957
2ec68c54867a2fac,0c953e9d58a6778865d55528d970ea74,801
ae28cb0938ba5c47,1b772687211e6817d36bde8d6983670e,5065
854772e590add62c,27b035d0b67e4a350db27a352ae22e28,4436
d5d7827f60439657,873941072a1d0a7f913e9f72e771193f,1680
b91d029eb599a698,a2992c5179d7c6a63f1e308c18a0842e,2793
783a30c9bf627ecc,03d0cf77ef2e96a7ac89dfdc875385ad,1124
67d29d56c3c8f625,8341afaac5274d3787c265ce6dcef2c5,1348
20ffde05b1f916f7,eded93ba27a5bda2eecd292c1f142c62,14328
0fff095e70d5877a,20237aee898c95ea0a7eb3995647d0b5,10252
b1b0253a6eb54596,3f2a9736dbd8b756744c3fa71e01e775,5235
f48ff96765fbc6ce,7733b6948203d8fac35556df4d5e86d9,883
8c8e54a88209805e,c4541573e9669fbd478f43ff7d5f309d,3214
284749c38a3788a9,76f8bc48f30d1fa5e12844c3750695f9,1678
7a1a42c7770ab962,4754e716316081d98e5fa30838d54968,5190
49cc1a194fb0c9cf,fa62a4ec1dcf4b09547341e4ed310c2e,1844
9efe00ed7e2d9c83,8d87612240b10a74ff9450498760ee89,841
1b3227568c620c70,12c0a24108a13e00f0f097e04b6ea3e8,1880
0391ae2dc7edcda0,f2cee41c71bfb557011bea78979e9f64,1947
52c8289ff9da9a21,481d451e987979ac67f35495b3edcc1d,7731
96c559d84a26a8b1,f512f0e4256c2f824364a21378cb6a24,7656
ff3a53ab788874bd,07722edb78e5f4b1fa5340e2f662192c,5325
934ba91180d97066,d16c07b39b4d226712856c0a5597842d,2333
20eb0b48fc7379c8,08f20c3eb1b25b3c73df37a3cdcd62de,6490
c94e8d10e78bfa86,3ca4e82659c2d3dc550049749ad73eb9,5495
de89b8246d85c039,2cf9fbfc4c433a6dbff7c6e1c2574185,8639
a933b6809157b976,f3a95aa39173e8fe2043cb45c0e6a09e,347766
a4d6ed13ded8af33,ddd91c8dfb60b59cd51e45fa9a9fcf93,1334
b0a81e8c02f9d9cb,37718b3a62963dab94d5f554bc9e84a4,1618
6d12719b3242d69b,33eeef775783543926688b63567bb117,7182
bab0c7a574432653,cb264d07ddd9a3b589169a0288f785b2,571
a1d682d74d178e50,58dc7cc958b31a39c4654dd067c11d55,745
f1d2271551565b4d,e2305c8f31b84ccc09a8b90127a67e7e,825
fe1cd5818b65cfdf,fc67756dddbb454056da1790f02ac2c1,6483
d2667d8f8f1b4f97,62fb0b6da31d63791b84d9f353769bac,759
8b1558f769fab4b1,53bbcd90f06a15925c10f844ca9799c0,2835
60c3b1c61bcfcb77,1b6b6d8f268e4e85c45a6e86836aa1d6,550
ee5c68e25250a445,1c9796c26bc3ccd8d43c25774c999a13,1269
b136d63574e1c65f,b9c4455ee2a5637bc6e6e3a2f8e38064,2821
566581c9d3937cae,a92883136a6479bfadb2a7c3bf0d80e8,766
a07bcf0d669c7763,2f71b6af51a6e2506e494ac1a9f1a262,5724
9f5af569ca454b23,045935e5c2dc970c9df1130b5dd5bb69,5158
64397c774bee47a8,54eb33a7f6e3094302f5e81a05831a38,991
69c2e11943666cd4,884143316d531f87c43425bad2367299,6625
cd53997920c033dd,999a65e11f911a36f027cf14890a51e6,860
a26ab97b88688648,96a2bfbbdf7fc800c8f3f8c444c1555d,790
a22ee47f25126e45,f132a63e50d86a05b4b779367ef9320c,9613
346f1c9b30ddd58c,4f2b92f57c220e5d00f1b5c036d30cfd,500000
96705e0b0fb9264f,186c44998ba3069a0980e981bdd53790,900
3806c8b91a6392d3,a13c9ab92742f86879b7cf3e591dcbc2,1100
2f42fd7466e84f92,d2299565a5b5f57c00036b3cf75fe69e,1402
9bb3716799c03800,fd957b9156030abcac2d4701f373ca94,2736
430ee615ff214a4d,4eda1319c366006b64a2930b66bcd88a,3007
310baaecfce513cf,14f467b9ce3a9895555ee08e2d10c35e,2339
142aa62335a08146,bb3165de67997b9fc1d79253a4dd3429,3683
919d586107969c78,03f55560ed1444cb4876a776e687594a,623
b876703bde73e0c5,409d1b402c0a4a257671e82c89572908,7014
635120f523efbb80,ae1155f159a966078d5f9869b0d00ce2,765
66b121db83f0c177,e0c5de969fac063aa23a5826f8f47303,4888
e746249352fea613,10017a4947dd5786cb26997e4da257fd,17687
71da585edf5dbccb,245886d70aeeba9fa21b149732669033,5459
bce2bc36a76053d3,fdf7504aa63b8bd5d902ceee2c580ce1,2304
8ed0f53d74b1de3e,36b48b67eac4101619078d156a4fe0cf,1305
92e11bbd480730fe,015f16f11c503e9c23c6aed3f4e15107,4573
ec72ce914f7fc4ab,91cac853fa3aaf84d5cb0aac8ade93e5,3390
7eac4730b80c6c34,ef65913cc8ec474f466ec8673f550449,4130
dceb37e75bbc6394,0ab681ad1e7a61cbd2c428e90a7d8180,6824
7a1b21b12600b346,0d6d4285c1ecbf43e790286057bb3148,14723
b858de7ab00e08c0,f09ad7cd5ec0be219e56c7a6b05c1cd1,760
de589b6757139e9a,9e2fe9495b53ad3bdba0fdc1fd685991,8518
863be0d91501ac3d,488373b1f79369cb66d77bb4dc463ebf,500000
826367b7907192ba,ee6c82394ee49a9f0efdb39b0de4cb00,1107
e36ae44c59a56b06,f9ffd26ea257f204cfd30bcf88de1119,14293
7ccd0afd9507eb48,d02583cc38a9d04a7a452d47460b6f9a,24876
e58aeb14922f5b62,8f9a372f652f2c6539a133e3806c2c86,584
eb54f8e9c4f7c443,9c5cac037d2115e993c92dae90bf9dda,666
fce591a791eaaf1b,207b72ab7087cacbfbc429026b361b14,8869
16e8a9f9bbdae69e,9e8e31a8f1ca006016611b6b268c9800,1076
a7c9f524ac3885b0,f712d52bbe96818be83e06a3a4dd2779,848
1b1957126eb31f33,282431bf0ae8f87281b91f147344e17a,8023
b18cfdee47fa0a49,15947be4ef4676ec36e684abf87e193c,4620
9dcc40af08c026cb,2bfbadebad96cdc35a10104a878a7c0a,882
2d56fb2dcc7e9ede,8284993282821eafd69bf343273fb623,500000
0b6313079428ac5d,acf754f5a3489badb2e7fbc57b7b9081,1061
e3055e9f9294d596,29d04fa75f1564d8e00e7419dd4023b1,3669
3947b2627ef14541,89e643e2ac86386a1387aeff772200cd,6865
261d788c60bdc82f,edcf00008e77677099c4c8730dba0a08,4194
5229acbe56f2dd0b,0c88a569f31d8ba077fe99038b212a58,7829
6e3a817d20c96660,f372012b39792aa2e63206921a268c79,8271
c3f4a28e7bf5664c,c2e0691b02c07a08d8a89393094224b7,8413
2582b93258647022,65ef0dcc1f92036938058132ff67d08f,621
4556f5ac53e69d8f,c572fea196c4fb1866d6dd76d3bc3b8f,455
484b7840024cf238,d4a379dd6a1e63a57aa146eb24bd2cea,917
d01cbe4521b725fb,77ee274c24a6b5f102d239efe777db47,1166
2875d912835d4418,0068220dd18558acc0a92d3895155e06,6261
5e231a0bf60af1e3,51a34dce29adbc912d0daad9a7b6b8e5,4471
94959b116b5c169a,1e0819a233425aa800f3eeb00a7f0bd0,928
5af7645fb05f0dbf,1b0ee82490fb9b9e1f4ce7027e73d122,1969
1d88f274c4dafd04,ac1fc5e92092dd8f415c60f336397fac,13332
559e2b2c25c34fc2,750d91dc076251ae75019294e5671a89,1391
0b22f37852972a5f,1c6336fc754426e2dd9fc9ed9bb66fbe,475
52e03b42ff33eebb,5111f6ccf8703358e752c1dd440e84a7,3914
7fa43cd2dbe99988,ce29b5f34717e43611b4f310ef8d7ee6,10606
29953091ee5a9bc8,7a19774f3e44e6353adb3a0a9007cba6,7265
2f66c46575e55a3e,c74b680d63ca3639cc9bf8d4001dc28b,6755
1cff59a8d0fe9246,244023c091195be8ecd0b0167af6a004,1907
edf23448eb44f09d,eee439312eadfbde6814ae21fabf0b66,5569
fe47e0b64aa0fb64,b0468e196f6fe39d336398bd5091a302,7776
1f9d101b9383b05f,b68f3bb894a2e2c2904a2f3af23e3231,4969
18f0aaf43835fcba,72592a8fba66f8e46b3fd253c3360de7,534
fb7be4eafc4bc6f1,f254dffd5a71d0ac45268a9273d7b0d2,921
255f9db906968c15,2dd80de5586d1a7e8f447ffecd4f20e8,851
92d61de278ccfda7,ed67a7a47d2a6189bf371c669d647fbc,772
1beaa918336f243f,5aa8423ecb29cb0f685a197f3d8829ad,1230
74abd5836d896644,f98884a348509044329379b19e23591d,6784
64f4eb33aa97db9e,d623e7c2098acc58f69acd3eb90bad04,598
82db7a4c2dc00cfd,320378f10fef9ab0ebfef40b8b473d9d,850
57e2c7c9b6f53299,9d8dd33079e3df64295aa2afb07a3975,3263
cd99c4ff675e9955,f1b242b9b58b99f85e1c9f37b488592e,4606
b8c862ef5fe230dd,699c0177b69443b4583e1c1b21b31677,6396
c7e07a71f6a29d7f,96ce158ed3d8f11a82f4cc8925bb614e,10805
c04ec6cdc7ffa2d1,8e20f9bef52c3f3ab9864c0ad297fcc1,18893
b806711501b0dae1,144eb16c4b09a5eb1301b41ff09599eb,1229
9245dd874975c2a3,b26b5a073cd7314ad5df4e4a918889d8,5612
4d57900906b34526,7a98e69be6d8b27e2390be0b2db3c46c,4720
1145423bf5e496eb,2a1b3b6debb4efdb0a91d8ee43cbf771,1830
c44adf464f430aaf,75ae3389e1d9550c3eb270934767c443,6732
fd3838e3055efe8b,ebaaccc75da9804369fc627c893d8aee,1146
e1df5d70784bd08d,2ce3792c0dede7f16ecb0b74d4e6c23d,1033
63b2f16537b47d4f,9ccf9987ce63393c1020baaac41a94e3,1828
4aa4fd218a0a2953,a3fc6b3cb6f82925b28325cee7187268,3363
16163418709e5ed6,28f54b6371898e40689ae11b4b966027,1848
0af273dbd3e86e69,4af2b9f4c66d2a6c787f7ca79b2e8f0b,5473
65065bfc4ac98ab8,ccae700e8828d58a43292002ae677342,7495
e939c2d7208e4a49,7762956d92ebd4f48b0bf7bd63ea3156,6186
1b71837f17105555,dc82e17b67dd7a9ecebe91ed62bb6bc2,624
7d370743cdcf625e,63cd30911cafb379b9ab128fb03a71ba,361518
a1da3c62683973d4,2eea49c5ed8b4bfc97741664146316e1,13785
ecd334392a696261,10c8d6dde0b516494cbc5b538711d79e,6351
99d8dd84d4136724,033ef1c3ec0fbcc6cdca7247ca103f63,2076
baf69ca4725aa040,d26dba9a8b356e27d74788e426c9d183,6721
ed97367e0cf8fbac,edee2e58a6521088b175127a619ea2a0,5879
a79316f493aefc6a,c6594ad0e0bf262ce8960b78bf33c339,372145
4008537a721c6815,69982a466c12540b8605a2df5b02e9a1,5557
6c1a5282271e15c3,d4187147b0f33b265240e43283df1c4e,664
4fd4436863c4ece7,3ae324374278be9ca666392c899303cf,8235
b9b501dd36e86d86,89acccfc66cb9d1de18668cedc8b46e8,1833
0d30b753d7312918,1ae87514a51c7b4440db711b5aa02ab9,2123
b9053a29d7d8c320,18ce3a1caf08ddb25c27cdb02b12c446,986
c726d817b582ff2c,09595ae69c8230cac17cc9f7c3677bf6,7325
efffe1e0db8dcb4e,fb0aeda91b3b19be93116646b9c06b69,9355
c0b9860972a3eb3b,15a479dcedc430c1bf34032dd0e8c0b9,8640
acf3c7cff344ecf2,f8d34de73c8248854b1e61db30cb4bfa,7584
d111e9e06ff80975,2ac6306f430e35b5899b1fd1255cf83a,2048
6dabb3c6d3e11551,3870869cf68600ac4fdce01a50cc770a,7180
c16dac0eadab322d,cb8dfd94ec6f45123491089d9788910b,4712
5082e4594f38b89f,7636c28f43e8fe6bed70d879e49e7cab,888
829248e5e02a564b,6c9b62a07a4e9d5f94c068aa05a5e662,7601
4aca079def6b87c2,cd19d7df94ed7342c52451c8a93f642b,8289
03b90476617fd96f,21d3204e1a56db48b6c4d891eea5d212,3194
8adbda1ce6826ab5,3cec9b50980aa31a1fe4e2bf4a6a7fdb,440
030ef49d1e6c8e2f,b45a6baba6330f7f96e25d21084f6c05,6166
f7a4cc88ca496427,cf531cda664d53724a04ec18c09af064,4566
770d649a4415bc87,7bc1e8b3b160f090946a6bd702a51faa,883
bb750ff06854eac9,0b755f2e1411ba8164dc4c7154aadb2f,3621
7355562476efe478,095b3f329754120adb54ec093acc7809,726
0a69b7a6fa243eb4,bb57ed39e3add823909cbced70a50bbf,1402
f1d9689d3ad9dfa9,46a249d263587bfb0ddefa9a9053f7d8,672
4a7e3eef0eeecbd0,78218f3fa2c0a4da10458bac9907936b,859
86575ae50d82fe55,0a25f4d9da200ab50fafa430af9e43c8,10870
ff2829d474440248,86bc89265af40b549b45547b7f6407ce,833
d954fde15d43712d,4f5b9b1ff29a336588f6c91e4fd02889,6578
d54bb8f37cbf338e,6926d762e62c4c763a6a34baf1f4db77,9033
4e352128c54f158d,c80151d2fcd4752b42ce20698b1dc4de,479
8f3cfbafebbd67f3,7c5ccc997fc57082ed85614fb21b3052,5129
5e8a79bf540dba3e,7b10313015e2e7300ea8cbe42744b745,3394
008d2c96d7c86334,b14f8b7519e4c92b5a34ef60c6eca680,6554
fc1b5304014e4ab4,75756c80df75fb8864381273afdfcb3a,2307
1a069a9cbb27c8eb,09e9a15d4e58d1fe5b2f6d3a18c75863,6925
51c62ef9af9d009a,3643b0e591faeb2fa1b626920550d28b,7931
d9c570de61a80b37,a61f4d86eeffcfe9798d2561e3626479,5646
a2595e157f480466,fbc385fe1563bfc436e3b43a52d18584,3547
bd2b30853c24cf0c,f01d28af019250dda82b36bcc8c033ab,6306
1649efd279aeb714,4838c579bc94a1564c3e1f36cae97714,7973
6edb07c3d8f80d17,67c77df3772135b79fb0bd4094eb7151,3105
f69bebb83037254d,4bc10d4296ba57ef110dff1b10be777b,7549
29f22d5d1bb253c1,f2fe320a218a1f237abc5d6360d72367,805
06959b35aebad46f,4fed944ed1070ed0272993be8a451060,6209
409a7e22c7f07e66,fc60273db47511539890af0d667bce4a,6676
b8fef95ebd3a8043,abf7d3992c658bbd2f42b15f225214c2,685
54599c6b27b0611a,eb2880d80985cf3684734ae7ab4aedac,7883
4aa2ac352639a278,379486a414d044b6de736273b2e8550b,7115
5b834de813b9b240,cbe82a452ae6edf9daa864b515bea7b4,644
fef8dbf5dba5d795,5f15b6ca4714ac814f7945ec78b56e08,3715
92dd45cbae65ac1f,084c48086ae70d94b820e9a936e60030,6862
ae9cbde5c9381990,21b74e89ca6e99d6b18257ac9707fb33,943
6ea90150a4bcad88,64bb265653d84307d2ee50475256a5a6,6926
d93f49cd23d94d8a,7e32011e2e4a64be6067805aded9f6dc,8935
0314d4f34f3796ea,28f6925e1c9654d3ebbc558d7826e608,3077
4f88f03be9f597c6,cb27fbb40df606503357740c165ddea8,9667
3f518a279edc79eb,4ea45454342bbf8fd9132f54b67855d9,935
894ee120482f13c1,f0f1d19aa600acac841d4598c9f306db,1048
5c46ed41f05251be,a09d7bef5819dbfd1839f265e96318ca,4659
be8ff7fcbbbc13d0,55dba7c6053ba3a1d7982fa05217b554,503
289df45d8200707c,1ff08971e12fc9601431bfa8d2fb0ffa,607
8d2a15e45a795280,42c9c1483fbfbad6f636ba267c5e9c26,6030
7de27d8c6dbf6e97,39f192dbbce4216d2686fcd2d596c736,4386
f2a1e840b6cb6b44,89fa982e72bacd2007b93bbe1cd39e41,12506
cc49032259fedcf8,736556e0b73767d8056a0f8e646eeed4,1196
f6a688f0f0968562,257a8b53c58650a68db384afa290a95d,2927
9e412739e058680b,4f9210f7565b913151c8d55dc03b87a0,6727
dcf845f8cb54c639,39ad6436fa5d6c039e730feea51f633b,7006
2db171b4406d834a,801d3fb3d912da846e809fdd19a5211b,6986
0f1e090a9513a580,3002954bdf7df7e9d3101c58fcd6e967,3953
3d66163c370e26d2,4af9b11e77fe907588fe1242884245fe,7475
9157a6d46047b6b0,cfbbc557da6468eb76911c0b1bdee18e,7497
727e8b8fabf6927b,4d5acd1ffba3519ca17f244edcdc534f,764
58cf54cce097b092,2af7ab35efd0ae0f7b9d692ed5cdffc8,2402
d0bd411d857567f9,7db1e18bb53402d7658a2a6d20623e80,1339
ab39d07c8eaf1245,adfa8e8da114a89675f891109c142f17,1104
524e8def1b2fd51f,ca28854ea87c109ca9b08607e3695f2c,4440
68f677d27d9df79a,4f456ed0c7cabee1f6e2a22a0b70e809,725
6af32585b2e9fedb,bcdf61a462f4b30a7f40e1431731422c,2139
7feedf1c95fdb496,d71b6cc85027b11f1162a97d0b867f81,2193
3b528b0e8c293c47,d5d86e7089dda11ca1a0f6f31e0641dd,3523
c3951188986245f9,36efc0a7a58891bdc8f3f79a9e83212c,4147
8281cba2b0e8b0d0,1f1afc01699a9845b049f47e1068d5eb,15296
4bcca5444cf2aec1,0ea4f1678528fa5f760981225922cffe,7472
5898700267949925,8b467b7945c3a7100472b7a4b31fb5fb,1725
8904666e178a7a40,203ea2d04a67fb9811b47a1af3168712,4813
3d4df99beadbb43b,4f42eb14713ed2e9b9792dd3bdff3be2,6860
648e11461f685f50,0947963d13d7198ef3480c0542bd13cb,5878
4a658994e31a2565,4a312dd11dabf3191ded17c7d31f55e4,4180
d04207160a0dd52f,9bdd0493a2be09475dbc93d3eca8f779,651
9a22c3d9d485c09f,954cf38d2a642bfcde7b1dae549554fb,2256
5aa1b73079a01f80,12f49757520a08cd32f394c06cb4ed24,3252
4a7228ab35c90858,dbbaaf2c928e319b33d1d5e64e9748b4,1108
71b0cc32f2b61be5,be49260ebf66b49c335160ae09d19842,1213
688502977bace23a,7c87a36debc8c34d8c39794b7f679b77,2052
4623b805b745fc6c,3db5e2718c1f6ebee0a29f5d8b2aa61a,7017
4764f377e10b1fbd,d784c6cda35f87d64d18c1d37b9ff821,1778
5a760d8929d1ca38,437e03d6affb59e47a236aa9e106dfb4,6983
3c50cef3926b56e6,f032dbeb1f2b425832d462c9588dd8e1,697
c2ffe143ad33e7c5,98feed0e1da2d52ae0ee2878b056e361,9620
ff6c52a1f4a7d13e,dd3cb7cedea31b454237085694fe73b2,8904
b7b23f99cf303311,3a07f03159ba3c204d17929ffbe0d739,1957
141fddd8247d7255,9c0cad508fac61c96fe0b9e06d0bdfb3,2126
5d093bafbb7d07f7,bd5f83d83adbd8d53e042aa4094495b7,8075
65b423a4f59654ab,c571ed452e6fcb9ce9f29ef10f119b8d,6929
190718dc087538ba,d9f503adeb1e2bc4cd4c372a75d9e98b,4322
19426d2a141aa3ed,ae0d8af8fd83c802ccb4a681c4e02687,4890
cf4ff729c486a50f,ca0a5fb6c2677777dfb9d6cae0a66c88,2065
c5f894f6f9ba6d92,b204e8d29656dda22a0ec7ceab06a722,4841
b31253ee12c3f9d9,228e8d93ebb315f98ff4f5e537949700,2339
f3f3c3a7ba2168df,a062166d5a939c10c0514da46878fe44,690
f6e252eeeced0c06,a8141850ee2147affc8b82b03602818d,2849
3c66cedfd6fa1d60,89e090b1a93e96c4c5ce9151a9f5ce92,1611
1687c495bcea852e,6c644d93e77df4728684ae42dbb91607,3716
c54b8608c48bc6fc,59581312cf976f1972dd7fb43fafeda6,572
cff40c333dbb9aae,f9c203f0df49d1356c1f09cce0356e2a,7459
4120d1b99c65ecb4,c76849ddcebde3d50da8d92a48a89391,7681
3a4f2e292c48527c,8a2ba22fd9f334421cf311a4a8132626,1871
3fa20558d8a74d7b,f9f3215996433ba5dd2a61f94772f08a,4092
70c5f14c491709cd,c90b2f91bcf1fe7e8cbd75bf0c8d423a,6614
2c9390ed6a502c9a,60087a1690da72e0f9c8a8043ef52abd,3859
74110e055586cd8b,e6cd28410eab39ba6a39370f41231c21,6145
122291302e3755b8,1d6d362decc57868564f238555741244,5510
b385705496b4f6e9,150cbd53b3c7145b6dff430b64894eea,3455
953a9a01b825996e,ca14f1184af633b515aa9ad35bb1aab1,1972
e7a9ca44b0c68075,ae54b1ee1c437997e7a862a43dddf144,14141
a122727b20a4762a,3d3638104629e7c42f7b9dc6f234d1be,2848
50c0e1b36d98f294,5ebed13ccbf48de1ec3e4b7d48fba14e,7388
3131acbf88bf8a03,ea182742a14d5879b0f921091d7f92ac,1922
9f05f3653028057f,26481ee3dfa0341e4490f6ad71ead989,1976
7d8f3c32e77cf92b,b1612b3a012ce4204a050d0a508098ec,4936
29d52f6c6fa5262d,b2fe3010c470d5603e8878a794259d5c,1934
801690e4a7f6ecc3,8a07d94a5ba710c1bf24128c0002fa9a,698
5be77f599839395f,14ae0eef6350866d364e813c4eeadcdc,4828
16c07491147a4c46,ab00000ded36dcceffedcddefc40beb8,4416
1e821791b9b3cd06,60582b029b5217b199e23c5e09962ffb,693
f2a37a1b6fe91256,a1ed84bd557b759189def0dd2e153b8c,24671
b5561697533e54d9,cb6275d8554370831136449ca0c78dae,40159
b28fb7e3c84560dd,30e8d5050a51d608cf424665edfcc38b,7127
cdc5522743ec7e1c,5ed790bb6aedaaf2bbc7b9fcbf59ff98,1755
572154a27b98b30a,00cce16fff2d6e7620122535a11d4d05,6989
9647dd76d8015740,4fdeebe57981451680fdb1de72376030,3827
114986fa24f64c84,58c1a369add4c376c2235d146eda8efb,6595
64348052f6c9f7da,1b6a3378384edf3373a6d16209e610bc,717
fc12808494123e47,7146e3791ad362f9ab9daa36515364a3,6075
80ee23e621d85b31,aebfd943aa466fcfe474e96aa170a3ff,914
09e3f3de96dca951,2b2f0061980013881e401915a258477e,996
33db1d4d82c803ee,21d3204e1a56db48b6c4d891eea5d212,3194
76ea7c136a0bffe2,3753bdaebd14ffa85c9be43d688698de,2102
d911c5b09753c1bb,d9a7ac750b50afb605cde09f1320fc5f,12429
586ef283926d0bb7,04d406cffb20c7f93263df366c5f4c26,2801
b10cd650b0284baa,e46fb8d7042d45cd69a5dbb86fa8e56e,1749
a5b899b175f5d20c,b5641d65b50db9a500d0bdc967ae3517,3264
5b32b19fcb86d1cc,52f1bb71612bc26f3c590405238dbcab,6490
649020f86ad8d9be,1a9d195c568e0232c9cfd51a6aca8bc1,5467
616e05286a1c7c4f,bbe8fb3e35a2f272116663516b75ce15,1087
d81bfee146c2e14a,4c879c03eb1980628099059217e883c7,5067
f091edd337685c4a,f79c3bdb856897b097f0f7d3ab5b1b12,500000
70367b5b1c141d8c,67b5bbdfa6cad0b2755bb7810e78c92f,4909
999498249a313bc8,3dd2f87465c34d891ab02cc9c3cd6bef,4638
200dfae3ccab9986,83b45a3fa6ebe3ea5f6ab4cd67f85c18,5825
f9d1652f36e07a86,25963ab4c4b1e1ba174aa2362c9e6fd3,1096
2774254ba34b79b0,8117b52e6b98dc413b0808f2db33651b,16191
ce8d23974c1cb3ae,ad374ee3e616113d18149a92ae551216,5091
b993f4444d06af1e,2aa1f0135c4090d5a87548655de18dc4,39784
41abd57dcd3640c2,4df541647ba06a985494e5f00101e1ca,2567
fb47d71998d79852,cd8d40b2d303550f6ea466f814e1d9a2,6256
b5703c6d819e32d5,f2f89ac9608a1b71afe11286d37fbb4b,6705
a31232ccb9c2e788,2a4b804bb1dd35aaa25ef72ae0eaa4d2,7009
170914a732eabd99,8e50d615aecd2fe5ba6affbde9512275,5183
ca240652dad7a7b9,8af615e36d47baed35feeccbfc878239,6959
2c9be236a748d673,21ffcd2beef44ecc5c24fd766e1a865d,1868
405fdb11c386a71f,683f77a557d1952eb00cb0a72e7fe4af,908
9d00a51edf450d0a,27d11c4285d5055bc0fb5bf4e4f1e71f,695
eef5df8758c6cdf0,60a8b67540e8dd16c259936bc506c72e,5072
98673b3bd3ddb09a,94bed5fd1b007d0ae8a056d1916af7d9,8002
fda2f257771c65e7,e27b79468043f424f1d8cbb25d7dfe9c,6546
07c3d647d5a8134e,bb97227e464fc9214597f29c6caaabd3,9403
d83c9df19b18e328,d2039de745b9dcfbb43adf29982c5b0e,2836
764f3a376067c3e4,638c08525d871d3027e4967fb19accb4,3177
ffd8ebb73fe0d70f,9b5aedbc830c6166f2ff653cc9821ad7,8767
6d018326bfc5e568,ebe21384be3c531de15e3529c7ea7781,6566
77356d9fb7f891fc,0cf6a3df8acd32671cf242aa72839278,13185
8facdb9ad065a95d,fa1e670e67667c64af06f6c89ee8f4e3,7138
35a56e3f250cebf8,20bf10d0674003dc069900fb0ee9e9d2,2001
5d779ee2c5afcc32,637c7040632ee4eced5f4fdfb07b6263,3857
aefeea57c0f8061b,9944175bfe5bbea17095e3a0c58a78ba,7501
9e05dc53183d8bcd,b277164f9bafa0f6e9970ad70a7e1bb7,7064
c9a32f3814b7d928,5e425643ab79d5afe2a4d72089f32f69,8335
cc4464b719d8f5ee,3a03bdbc2eca2fd222be386ca5e12068,569
0371a2f3651c1f8a,85e8158eb48ea89f8acea47686ac20fe,5495
434e30f07623c711,1e35e422434e16ff674398764ff42b6d,7802
35175e8e30be5283,a5622db91aba5823d85cbc340ceb72f5,753
c85d1f713b5041d5,a77c3d75c4b3cdeb318cb7aa8f094d12,6840
03c47eebde886fe5,c81b99993be5f894c5662a199fcd0e09,1883
06a8bbb9fd32b10f,c4ee4d8f2c035c9f1e6d21b1132f3678,771
59bdd9fa44512d84,9d954101eaedcf016642696c291cecbb,5602
48e04571a1be1ec5,f27cf1bbd25bf942b72dfca632163b2b,1269
f3ec95ddaa1f270c,674fa8c523aa72b4e53d9355af151f03,6968
a1992c6baff682a0,68f3eea61124eca0b230815e65a4a20b,8532
ea1af1b7d52cce8e,41b0eab1d34e53e0f9914971fb69befd,3963
bf08a54769a43d2b,85b60349ca4a6798b238c77d743bbabe,1361
6e6fc2565a440be3,1c5aa53bbfff518b53ebc201f7df4691,10368
fb2339dc84926ded,2d79afcd41790d974ee6627e359fae57,7802
5be937b58d53f2f9,03818f60fdb18d3ca1c7a0129ace594c,1431
4b5cafabcd153aa6,3ccfc983c69a75d6863d00633db8240d,2359
a47ca2d87650fa40,7be9a5df88655863b9b368c20c0a29a5,2182
785f8734eea9fc7b,5c82c1c57eaed31f0cab809a57be05ef,8050
4c3894de90a2028f,837483679b5af3cb7bd4d3461239b523,10053
c4c49efb90b699d7,ada3db35038538aef24118bcee631f13,7070
329a2be343f15b5b,5204861bac98f4ceb14d8a678c4aac29,765
bc2b2d12a1b295bd,267fabe32c564c92a6bb96ff49a90aa4,1754
929db29156151908,d49d020a27ecd2ff6b4b966343b9b91a,750
da89a1fbbb337565,a1b9a40a7d5aecfc9b080ce7f1e7ebef,7828
73e00b84443fd9b0,b9a1d38762efb284dcb097186f55b8da,1387
2f099dca69a398a4,abc6ac6ffc4b85477c427d094802d03d,1805
955440518920beb9,a1df135fa40f73646da737ba68611d1f,5728
1161837b5dfa477f,df4b9277dde2fd75e82fca2c40bc1054,5269
e74caf749b255327,e7c0b530daab2766d008821a674d445a,2025
eddfdf65ef5978d0,61bc92c05870c8c6c73467861811cf6a,8092
74435b980a23ff50,2f6c38ca48c9f7b2027e3b1e3e4d86a2,4170
8036f13149390e60,015c82ffe13e5c61390f8aaac95c62d5,6329
0714b977a971e2e4,ca508a1d17fff3154a6526971b13467c,887
3599fac1b4b783a6,0057fe7af997d69582c9d545ba0e02cf,10991
adc7db711058e6b6,e3b0c44298fc1c149afbf4c8996fb924,0
8d7883a5e8dbc910,1f3b30ac080bf3f482dbca72cca9951f,941
780c0fb3235c86ce,ece61346a43ea427ae75bc4c12690a93,1910
f0e7c530a74196a6,a415aeea4aa06b4090aa3843795da2f5,8639
ccc69dfbb6fdee5d,2d7d4268cae3e30408cabb8815f4b050,5317
285e9db63aae873f,e98771e00a6368edc5dd41c4ff731c82,6837
08a7fd1f02819655,7f3ae511d3351890885e9413ba79bb25,1876
554149f2f903e6c8,39169506a7dcb90b6134a2a7ccad1a03,2472
18aa2098a12a3809,8cb044fb4b2ab5c7ad96acf2cbf818ae,4311
c733da59fb67b96a,fb35367998deed9e871f7a6cce0268cf,4639
834d3e4392ee8819,ecb22fc9d52d3a83ff963e08998f2815,4410
ea8d044dd81ba3be,d051fdef53066ba5edd52106cb8ed104,620
cbb07e806a2839d9,6fe120e0b90b38439813f86c7d134598,709
ad133a63740437d6,d4b81a5c177f7bbe2ee3ac76b34c8a9b,1675
98dbc5a1149b6ce9,6c6f3c6c038caa887dd85df1c6caf164,5235
e861323be9b0ba9a,c2d080250b9f02c1a5ce41029ce6b250,752
7a5eb6083482d630,404708c191aa57809a06d3065e19f43b,10176
471cd621b1fdf8e1,1bbf0da9c66602d2903f9e629b3b4875,4637
c66f89fd186f95f8,7b8ebc00b9343bc8e5027fadde8047bd,9082
a3df70b3c5009fec,ae73b844843abbac60eba4425e43a53b,1836
810858ce13bdba58,d7b2da78b890185eebcbc85c9a082814,737
dc7581239e090cb1,a663c9eb3d734c8feb3eafff672e4ce2,980
001af42527da5ca7,ad1ff737f70f88c8c7c4da7e11d60edf,6266
fb54e0b65eebae73,3896c0a098748c53ab96a91946da5ee6,1129
b2d2e43c331fda42,bf814ba262115ece753890d6ead37154,3209
ce4e6999d4839258,afcdc7188123af509e5c3b7dccd3f929,799
dc2a4e1e41525a3b,9ee257edd02784e1f4d33ae7e790f46b,3948
eb9683ae7d16513f,ac211c94369776a04e87c395d88e72df,1380
8861b2001f0dad8a,7406f0b388f0a3ada034a8d4be762501,500000
5332c23c7b023583,1e517c9a52dba7acf5150f7e11ebc565,1387
5bf28daed5549dfe,52e55ff3ee16eaf269e445973fc0aed4,5774
4087036669d6dc3c,8d10dad3fa1acd06781f898874879668,1005
8a41ca58d2ac494b,b03faf3620049a346c6bf416476d5376,8268
482ca3dc6ffd8eaa,e01bda1dbb3f928b1b367e6470f6dac8,6898
11ec3a7a908fd832,c4f013bc7ff7a6cbd83bf5bd40c591ed,1640
ab7cfec966c358ed,cace4febba3cf0594b78e47d394c62b6,6383
60254dd8157a9dc1,65cde6d1194b06578e1734055382ef45,6295
2d24186867500277,ed84c75dd9beebcb8ff1ca882c27c056,14727
47827727673ba1a4,1dc0ef9033a83938a9fc733405a4297b,5651
509e7965c7a17afa,1add31a92193a5b2f10b837272969ba9,7485
40b4825130498b7c,6fe08cb9960e6a801110caa506c9591d,3699
c485868175f3721c,ad90899978600a98840a14587a9a31d9,952
96bf625b146dc5a5,eab4ce2763b8c00c684d981c0e3251bc,16145
51fe534463ea0e64,f459d0b098d1dfcdffeaca31d0e91eca,3274
3e1bbe850362af56,ca9d7a64d9acee4f94ad5a1794cdb675,4384
63bd1fbb5528b795,56d76078c9faccfca16944591b5c608a,5882
5ecbd8d3ee54a1a2,15b7f31ad8605cbdc63eb30e64d29d1d,4104
39e5a7a75be73f08,06989bf8529a7378f7df7bdc597baec3,5670
ba3c819e2fe7af0b,d8f37a704ce48a65ee41ac5adcf9ca07,2126
415fea1929408cee,3d54dce72caaa3d3af3e58e949abb3ec,11692
bd1c2fb198d601a0,0488b2b06f49f0de9ef9aeaa413c57ec,7691
50e33394b6e1141a,2e1ce9fb4527d1b47c85ccca0b88c16f,894
ee9bbd450415d3b1,f7d2ef4ac4855f373310f0f4d76896cf,17771
05805a69d4f9a215,53af1d21002c7d32dad9812333b38c19,892
2435fb6f101ca7a6,ff8f89f43fdcd3175f0c213c4520573c,6204
1f8d6a56556c2040,4a0d23bb725157a480ed9adf6bee6d69,16051
a89364dadb3956e0,0bc66227a93eb3326cc3f28c21c15727,8020
6fbb80529daa5ade,9ee77c0def26af0b02e570089b564195,4346
69895531295ce983,f1ecb23236f881a28f77767fc97cc326,1926
05cd9f1012073bfb,ecb78d5dcd5a5d9a556b8bd8a665d53c,8046
3e7aa75e96628826,3e9228ce367948b479ca6c266e9056f8,7287
0f11bf5b4584251f,8f1c72f54637acb3fc8e0229b9d8ac00,6205
348da103ed626e66,9619fa970b39dd6b121db75a87821762,754
b030d1fc47a16fcd,6ecf85ef62502524ff73ea566b9d3708,653
5fa9d2c12ba411c7,6e1473687441ce35c792245c0a690391,7313
1cc417c0b3f54ad6,fa715f0e91bb373dcad52291f2182864,17182
56f6f98fa3edf741,1ebde6e148b8b5386c863a43c3596d96,2519
3efcf4c5dde128b9,e25f036941d228c402b8ad9f7163336c,235
5314a48a4f85696f,17d994604bb8b3a566c5a6f80657a12e,3596
2a74fc389406c1a5,1b6246a4266ca3f75086701cfc3d7586,8044
986eced61b8b72ee,f6121c7eb59df2b5993fe8194c705f4c,6660
eaa6451366e9c286,044244a595aa7070f66296f6e1eaeaa1,14760
88abbd3820770268,b73ab9855e74190f347c5f8f85dab5a6,6848
225115ae390dc7e7,533cf2b133ec024664da35718558c5bd,5323
ad704d2247410cfa,b98c14e27c0d5aa26fd77747669112f4,1861
3a24f7f9ddcd2f9b,9a13962f519edaffad22b1d20333bbf7,15594
4112abfc941bc7ba,87eee57680d952f687fb08a6006812fe,6701
b74db76930ed3ded,2fc26953fbe0cd452028d04117e64bbd,27177
934e9776797130e1,aea1cf0e86897d4970a4d12fb06bc7df,3046
047e120d5bb965ec,680ed6cb8753dc6d4ec9a59c2318399b,6374
0596567973cae21d,73eb3cf0c465ef9be352a1af5e78148b,664
79d23f5c753ed184,ba1c09f5fe5b8c11ec0020f209abbddb,5755
77270070ef4c9d3a,daf4657f6c3a18b3f0b95d72d04f27e0,1620
de064b5c1dc4cd47,fd9ff01490f77de0b3a3e51da99ee368,2364
8d6c21fc2d39d320,da4c65de7397588ac94ff53c3e8efb95,2069
7e3202804bdb4f3e,642a06e1726006c56be62bfd26ce8ac9,1796
943834dcb390eb4e,1639b27cf42906fa017a2221e02f840b,6393
2b444afdecf8611c,134c8575d22c694af991adff10606328,3005
33b365fbd4c9ed4d,a3c773c52e3a975d20e81895a7ede131,785
8277a05d99e6edb9,62432f6e0655b18109eb032a38f1335c,701
61785bc701e4ee75,e7e38eee7e6fe605fa93f820b548985d,2139
ea589942492c98a2,7fbee07f34cfcc11d897431b954d5c53,746
ed224f7eb526372d,a861d9ee61e3067a0dd2c0398ee6780b,1289
35ab56df14c0ebe2,0f89d3d00b46a60f04f652a9c9642f8d,610
51e31e460fc76568,5a752a342b58525bfa04db01b6e6c155,3406
5e36c8826461d4ce,fa3e600a5ae92cf2af75baa54cd76fd6,354832
b33b7bf5ea1dca09,8b2c813fb5ba074cc28cb8174e247dad,4294
0bd009aa8889f41e,044179953f57a3a6e613867776f24d70,3879
351ed8020b2da1d9,cc474b0ecc0e912d983324aaab889dee,6661
be86f02701bd438d,290900c6c788f0bc6b17fc2a9688f5d1,7310
050bca10b0dd5120,67722e3dce48d7a7fe23e83d053d2327,1349
87ac5f5bcd79c526,bc102e56e9f0aad07e0ad007d3106ed8,1475
54cb7d24c3173d4f,8718c7ff0530a7f5dd57fecea61605d0,925
6981ad613e5af5ac,cfa8fea6cbf19d74d872b145367e6c1d,3382
da881345a4d74fc2,e3f1440d0056dddbadfad6be1ecae13e,2055
c91d68dfd2ba3ef3,b7cb1429fabc4b683d24835145322320,772
c9a31ffa3b61c548,678139f9c31428fdbcba04dae6b6f1d8,4417
7174fc07f7010130,656556e2afe4aa5a1f8cc5cfaba83296,1222
6a7b46e61eedec09,4afcba05abdd92157303d76d5e5ae8fe,7412
4e41fdea7c89dc84,586810ec4a34965fb5c15ca220c13f2d,4388
b3c8e02c2ae97fc1,9077caec8fa83d6840c4fc56264ef957,1176
4ef04f7eecbf8700,6623bfedf5ccfa2552ee318298e54ce4,5465
8b6807e52f71c178,ba744a30869c03d7c1f1fc0110d93cef,5419
5b79dd46552fa8b6,2e9a1a9124628410453491c0f61dd095,1121
9e128aabaf3ad938,f9d6a1debe959bb7aae7f7f99cce2f6e,559
90b4b3c05f5e9b38,1ed85acb415f9af2533392b6712f8f89,4437
9ee5dd4b6520ab4a,9050decf8804b44de753d04d89b96f2c,565
a4fe5db74bde477f,84b4c2965214717f2e7be5767dc62f7b,2480
c1b3bd5894fa7506,8370b5f0f12dc61c49770216602b30a3,537
c59abb6b89fc6614,3b33b3b8b4ab2ca7d9c5bab4abb1049f,12759
696948fd2fad77f4,3bae99efbceeaaddd3445bf71da2230e,2996
1d9f2d71dea34797,6a5a5b3922f253e386740185d8f2dd32,1781
c16188f5f86703bc,c94c2ece870a2d3b284027e2819283e6,2298
d9bc8f741efe9b6f,a39f15355b9e3747e521e9bcf12c6018,1441
4ca245c80fe9f50c,64dcf2ec8c5b9f99e1ecfae2d07b4265,7303
48c0f376a88a09f5,b14506b5815c3dd464f47b9bab13dfdd,15800
0843e0576f5cf4e4,603897993d5142dea12902016e5f3bd7,982
4ac6daef9386cf7e,4dbdcd9feb2548b3fe1c7a58ed498c03,1115
ce1ae0388614ee0e,78353f8256075c6c9370c24e60e2d50b,4814
2a0367c9a399c418,4044f32897f16638fbca433cfffe03c2,2375
b7d5f9ade6e137d8,f508801f0c3860ead8c10101e4840896,4842
09c3188a5324438b,d3ad1ee959271919f369baf405c9894a,8126
1e07bb740c22d4d3,c0b3c2e2f444da27602194b716381a44,418
d3c844052b5900cf,1919963adde7bf6bf9a1429ffe157860,2358
e245bf08181b1780,d4c01063f24fdcc6a68aef7e82de76bf,878
dbc14af43ea7d298,4d9c9e440580889b88b8a5212d9d1774,855
9fc6c2ef8b318c78,3667a942b2eb353d7a6461898cdce629,4755
d20b7ca525d0892b,21d3204e1a56db48b6c4d891eea5d212,3194
173a066d85e4d1ce,849d1e4b0240de426a2b8339987cae74,8697
d3eaed81c45ff63c,4599daeb563b55e4e0cb9c3634b61886,1957
a8afa434a3c8c451,fee3e08b0665fe10d4e36ec789bcbec6,4846
19ce60049c34937a,d312fa5afe0cee3484b64bbbce188ecc,634
bc57ae8c86e23b3e,514a8be07836159aee570d5dbed344c1,106723
1a805cc7d0c1c449,7968b500d162b7b49e0da8c71cb5f188,5884
55ef697089c3a012,4b957804503a791c580445d6ffe2b662,4414
dffe5b63b8ea2045,b1d7fc15dd19e40834b35f3699405e11,5241
8f97552d6cd2a57e,e3e3e7ca20f33274bd3813061727a583,1398
968870694b7e4d5a,523a8a509a8868734287d23f407821c1,1592
149f92bda341aaaa,e76732a17954670e306169d0a04b3737,903
76ef0e5109a91dcd,7493b569b8c2e2817a6e1c886b89cb26,5985
94fd757c78211296,b48e2758d6a7240e6b99c80b5017392d,928
45ae773b7c670192,c46fc39fa6a3c60465b2a2f05318bec6,1553
535d95142aa8b911,e53185e2109392c0748cf10ef52c67e1,1123
110078d34c40b056,ae9151154592c303ec5bbefaf81eee80,1825
7d06749f69767ad8,e5b8f0068acb49f82bbfc432cf2ac0e3,9031
e2c10b7bed3ef250,24bfc5062f879046871a94d0d8d42a82,4814
cfa1efe9bb5a896b,e32ac04c8eff6d425c3dfc17a8e9589f,711
58b13571e18da327,21d3204e1a56db48b6c4d891eea5d212,3194
556407e7623f316a,bdf8e3dee5d7c9404fde9d80a361d87b,4079
b34ef9bb53638f4b,ede59b1305dc12102ce850b24e7d5d04,1527
ae4c145bc6a4da77,2a98ae5ee29fb3c7c8b0647d3c717c67,2133
b6a091dd2f7dded1,229fd96643a0110a2fa1067e6b0221c9,4528
f0a6b593e9888fc6,25352064ea12404d6f240a97b993f661,4476
0b2f95005511c7f2,cac21d935466c0b8d2299c6728ff82fd,6383
7718763b004cb921,d665d23945970f3c6432c2411cc69abd,846
ae89bb34862266a7,4254a5716f5e22029b604cc7a2d33bca,4337
e7adac4020c5e899,f48c585fb316d137efc5c972343cc3ef,4612
14958ee20d9c277a,abbadccdcc0e5aab14bf2630f39b351d,588
112104eb9ee5a154,0da6fa77906f32e3002dcf5f8cfce972,3296
6f5866ceb7b68089,6a4e566aad7b06b687cd8c02b94572db,8400
e35de4114c2aa9f3,c2e72999c7bdd01b4411cc1e60175958,69854
9334b88d84b97e1c,8ac8b2d2fb05f8de5bc7838ec7326f77,500000
66b7d25aa47fcbca,3ffd9e005325529f914a0acec111c541,6474
635b9dda3fc43875,d096238c0e83490712d4e8eaec7c6f60,7126
ab72e76dedc65a73,2a53c30e63aa2368a93cba098904784d,8051
d2108e190005d454,a48f5ae0d4910371373f57c1cc26fbec,5554
b19e5f987cbc557d,d9e816819be403320253fe32508e8ce0,3100
5b343a112d16f612,85272b43a59be2836340606fe47835fa,3080
4a75f447caef004f,7d20b2d9990e56234d3f08af1f9612b2,8454
0c86427332bbe1be,6bcd9d8294010fc64f7c0a7e6e3160f9,4967
adeaae9400241fe0,e280f43cce59b41525f7b64d24d4f1f5,7211
6a2a888089d8e029,a8cd855aef3e68b9d28f1254af24eaca,751
cb9d6960e6783274,8728e8066487664b2de5101cd0875ae0,7905
56f21b15efff469a,b202af086c3b7a842d0762cc70743748,1110
65f24278ef3cd4d0,7abb513b6edbef9ad5eb98e2075e8d8f,1671
ab034957bd0163e3,e4687f4bb9fdefc96a775129da7fbccb,4880
fa264efc514345b2,608dc911ca02cb8c445b78cfdded6c69,8166
d9f7e6ec6ccc407d,185fa38ef30545e8f0a6eed75beec139,1781
266575a3b9d9241a,ba7625a5390bb879994dd8dc537103ee,8635
adf269adb020d45f,367280ca26c282213d8235da5b5ab376,4698
a25cf71d6f975375,4e44380a8e358bd22e7795296e7aaa1a,5042
7d8fad2da3c43747,41d1fab3f00fd5654f9eefebb6b70578,6696
56e87691fd686228,1051481ac79eb987b38a0c716f7c8263,1860
3961cbbba81320c8,cbffcc20146c1430ba80fc7a6c92c785,8702
7a6d0213c2ce6d76,bf0d22968693000fa1d0e807f0c8d0af,1677
c510728688a7fd07,e8eac8a7ea0b32208937b8817065eb01,2112
9bc5389c6ff2f952,63d42d31d4ee216af192ae6a1f7277a2,1882
31f5e2de39cfd58a,ebd5ec11d4050fbab6ee466ee87e11e9,1247
6064135d93e7376f,a14a0473048482d9d972c1b89e50e09b,5544
4410f54d737d8ef4,fe52ebd3a0b58d5c8a4fe41038c018dd,2775
1f5809915baee3af,5ac05824f080373c3c4432fd570bf731,6852
7cdcefcb40f640ac,0f491e92d4094d5fc842376ac196b582,1463
c735127183b3b69a,0019e8c146eaae93b5c1448a9240fbe1,1764
770222bc0bc5eb4e,b87e1994ed275594989fdf28278f291a,5904
a56b1dcf25ee7010,5f08f74d7de1b413211f75a232c38cea,1692
d62c2d0355542c1d,ed92973cc8b33642dd81e555609487bd,8313
b7625cc3bbe3b308,e2393b7585b0675a6533501798053cc8,8178
90b65b10cececaad,083d0ab92ed407e820802a1b7d495105,4153
79818381fb691e8c,347d1f50a9aa8c362d77fc85dfcae2d5,9722
7de49feda2a98baf,ba9296950044a20c110dd79122af9b77,5142
9b219e5f368a2500,b9986d491b1d5b28995d2a44d7d1aae6,9576
d77adf833a519da3,26e8207de67f93712d867807cea5d4be,1074
93892c9119a4a461,054644b2c78488752c452eacf0fa7a9a,7294
fe7137a64482b070,a03896097063cea0534c2a4ed7b579d8,1413
66434c244e8d3b24,0ff7222cf27a1809a4bf6d8b7fd60b4a,6931
27eb317cf2aa79bd,143aac0ebbf40d696caa6650bd32047c,8118
8a573363199f3421,b9e812fe8b79721c9aea3a3831dda693,1144
4dff4892f471edca,633e7a3c3af4f383dac779788d1274db,792
9532d1b4917ad00f,bb271f17ad8dd4aa129439a85e2b9cdf,2711
74e6a1ba546df831,046c8f589e7db6d73ad6bdc03ef5219a,4935
3c60cb3098e9e235,b4e258b742fa54dd47b92e6d8cc20fbd,904
5a8a58a342310db0,cd30f22c2607934c2919cace4ae8b15c,4995
4537c087f3dd5f56,3868023b8db1b10f35073e124d1bcd04,6224
65f35fd9823a03d7,499bb6b4ba09e65cdb58bb0aeadf52ae,4597
7fdd4cb506ac9d5b,aad406282e48780cd4c5af46594f9dee,673
a700bc9a5e7284f4,ee2a9a970cd3a0d840aa1c90489f55f0,4491
e59224cea9d95ca8,078101a6a881e1ca9a3787c6ce41a36d,2845
12c5b80317ce82f4,633f8dcabfcfb943e8ab04d42ef006b0,2198
9697b70f8ec7e51d,76c528a3ee058ca2b4ba7003d446f85f,5728
332b0fb2b7f88dbd,21796fdc57e2eff40381b70236020cf2,1102
a81dd2879dd43f74,c4dc951ee1561a758c39301a4bc40962,3269
213597c9c9d78f74,a573000c3bd5b1f231792aa6e446b6c0,493
8d1d039828e2aee9,d566e4e42ca55d3c45da603dce5987df,4100
20d55f53a0b00c83,dc9aa569d09b369ea8fd699ba7efc5d5,2031
12b0bb6068e05426,f8303a5efe268278b194678aceba9cea,7938
47695f0d8c15322a,dc9cae0b3bc20c12723a96dbb8a973e1,5027
23819927b3a55c2c,08635b32194d80763645ee6125235a06,4301
25dc24e54f14741e,f8ab831b614576062b567524cca8ff43,7006
32742f5bbc30c3fc,c50f05ecc3e6a0cbd8b8e83452215e15,8559
e7681b0718656afb,93bf59b6236759fde8e2ac27525bf674,7010
048aaed1217fc1eb,47374101b8f05c869bcbcc4eaf5b4305,1528
9879228032dd6697,4eba8b204d5865beef349bfb6ff2b50b,5641
68d2d821b616565c,0eff207cb29c0961656a1311128c9a53,2601
d1ac01ce3515e4ef,be0dfa17dc5e5c3911d19e90642477d3,788
0a297f350b9e3605,748d315685e414b056fab3c16f9b6a68,1088
b2f668b52fa3a95d,821c36bcbd4e14ebff37fe95c6dfedbf,12281
14faf8d44bcde260,d72e86480e97fa5d69c6d2c87ec100b4,5479
39825a33e26fb02f,a018d484721394c966d37ff114b8284c,761
9d4ca40c01db40df,a6f5f1392c1929bc3a5cee7e9b963412,5047
44d6cff5d039880e,90c93e50385417d364567475ba9da02c,522
c34a196c62d96047,9920696616c9e233fdd004a91714e2a0,6052
2ff99d0da602fd5f,8539901936911928fa8a12bc03d59de9,6045
1079857cf6aaa492,73f29b17cf0c4aadac298df12ea997f9,5956
65956f4b743ecdbf,a6199b8e0826de01ce6e5ffb5a84e566,4427
aadeb74775a59ac8,b1d17b267bc4f2b74119ffe3b939920e,3625
7d4f59ac61de8d59,c657698d0b83240c8083e579dcd83226,1146
6741f3944e9bd545,c71a6b70329931eb37c29dfa35678192,5068
2dbad39eb0ea504d,2c9f27530bbe854e7d458d9e7c1d2568,2845
4ecfbfe7ccc1859e,ca9eb5fe1865207983e8a5bbda27dc7e,5301
1cdac23096dc403c,9c6148247506f7b28f3faa91fb3f54c3,6733
cdfdbd07f9a03834,8dc7dbc926ab454606943cda7cc40a41,7500
1877dbeb7fccff18,0c49235a13ae85a7dff71ded96dc9b05,7857
6db00e3f16b589ac,85ef2e78a017050bdf2f064f377e37d4,7543
fa992a83736cdbb0,87e5a4d03ae5e8a086251ac851fef3a6,867
28c87c5bd860cf2d,afbd9cccf0c742fa355c81153e32d425,6763
38bdf52e0a35f92d,1465b9da98abec32ccb99a6a6e7e4a09,12327
26cc666b2cb2e407,fa1773d9b02b3f13bcc3da479f8efa41,884
2e112d51236b6ae0,45bb1b140a34ed95ed63c3a5eaa1634a,1333
edfeeb8a125cdf58,16edbf0117cc24247eab2bb44199d2a0,808
ac73ae848fdb9ebd,770bd441c51d716e388375c3b7953463,10752
25b73a4a5ad01a61,84f8928d1813a4ede58b71a63c643a13,680
df693709cc164957,938a107f19439e5bd7c2d03fbd74d588,7304
fba804ce1ff297e1,5e3eb5ea45efd27f33be136fc5bb91cb,5289
410a017e02482cc5,a0554d143c95b6ca97ff6c3920444e48,7961
f2a0599e3a86dcf2,a6fc45c9074bfd446f83bdfe65ade682,7644
fa58672379f29a5d,a7584786254897c69897706fdffbc679,5253
b2355caaaf32fc17,d8049b9f0efeb0263656d13a2287c905,2042
b3cd94e2d10d6e73,777828227d9dbcb5c7d835331e2577d2,835
e62f82fe56e4d846,c512ea5d1d9d76d0e59e242ceaf06247,4957
4ca6cf661e7fbdad,5762abb1670392e9689617e12dd28f7c,5223
834126895eb75a09,a797003972fd57467733bd49fd9151f5,5358
9e79fec01ed98b6a,97f83b27717f0dbf97add84a7cdc0f96,2158
a4809dca5b039142,cbe50fac1741df04c28ce9f21b8dfa05,11145
b676a99bd44433f4,b22e9279ff0bc8587172dacdabefa37d,958
45223bb33621bea3,bbf4fd0e0828051f68bf0f1c7feb9bb0,3906
e1f8dd792a0fc5de,1de2800f828b69415e2b3895dd265d23,14436
f6d06af6828700f7,1596abd1622d278079b911b7fd6ee3e1,2074
57491ac0b59b7bb5,cb56ba73019512a8aab0c6144be23324,6989
abc9d503462eb211,b4b7a51f6b4c14b484632303daed9631,3504
ed350d9fb28e3f7d,075f0b69f6039a898afd7ed4f72be19f,1745
e339ed93d8d88291,68f0ef431e3523033bc2b830c562caa3,1052
8fde555cb211764e,2fe59973053434e73a87724b2f7238ac,5214
7cc49c22ee771bbe,ec6441a227dc79acff4c318788ee8e84,706
9e3d4788570704cf,f6d107c55af53741f1a1503c96a87aa7,485
be8b1983282d5103,f272a78a10cdd415216fa6131bc3fe65,5845
272229040a335046,0ed59ec0af1e59420bb71da621167517,917
2d203df9cfc74970,164d69c1df575abe798325d69657dbae,6653
e9ad89e4caab1fa1,c05efa53a610d9ccdac67ec929d3c832,5664
d1b8a082058fa5fe,1c3a42dff204c03611aba68a429ab5ad,1328
2a0c4650bcaaa5cb,5740fbfc3fccd3cf61022fe525bf82c3,9580
7145f72a89dc0f13,c104a32d9068b263791bc6a910565331,17902
1788547dbebc82ed,ccbdc0e36c90dffccc4e480b2f7a9b33,3128
76bfdf0e7d88420e,80e22aaf6c3b4ec9ba51dd795e163383,7765
355efdbd5cfd4136,d525654d4178d84ba3224c2cec7abc22,14684
fd2a256a5b03a22e,01e21877fd4dde1a2eaf30bcdcb73f9e,5674
6eb9f7a5bf430ada,546e97e40325bef75de0dc7c9dbebaad,1403
0b2c571b59a1d825,0c14e55e50f35b46165d75039cf0bee9,879
0d3da6f62cb78c9a,5c8f1c428fd777d152ef7eb2221e4c75,7205
1339bcd2eba6e209,b56d8be73a41c7b59672af65c42e5d5a,1808
143e1ce3cda53f8d,4fe05f58bc1c43b98ddefbc74a6e48d0,14759
d3457ed4e05827a9,f92b8bdc657a260c893c5f8bc4f0a1fd,2980
feb7d6484f9cd245,d29baafa422d725674754bd3fa82b206,1353
04a25d43564045a9,ca5e12a6a10a0682046974d6eec3212e,8144
50aaf727c9d952c4,73ec5cb8acc2450162a4ecafdcacc38e,1257
86e1f66b80a3da72,1433f2fb773f74d5e4d615a1846e2654,717
d5c14c07547031b9,77a7ccaa9a574170d5ff8b790f9d5d8c,8658
80a8496dea887944,9bf4f71cd4eddbf12c6e27b610d075fd,1037
0868723427a82306,11af2971e5dbd63416c31817e35ba433,940
270e9129207b1ba1,8c6e48d2bd0b522d9be1d1791b0cf36f,2832
6ff2d6978aa15d74,b7017b736691cd9e6d5d63f9c4d0101f,7868
666381e38a2b7ef6,9c61e496a265c7507a5aef14452dfcb8,1004
7a0fd4d4e89b58ff,cfeb2768f52a662d99bb837feea0c7ab,5639
f293740437f1e156,0920b9d1426700966ec17fc7473b491f,7813
c9b7eb72be8f7515,98b685889acb4b3dcc037d3c24cef401,2994
9e60a67892b14b9f,0787cf31efeac81f7aa81cb6de569589,9013
9ff8b05ed36e7bfd,83de7c94bf40d3c508ee83d1c61cdec3,3356
8a8c9d10e014c220,ab5084d179064d7a161d29123818fa69,4091
7b2cf6d7817f6a6d,cd77089fce10342dfddb7794d8a72e09,6425
1e3adcf1ebd0567c,68bd3cf14f03fdada4f162b47e0a5daf,6770
361a14aed208ba9e,4f6a9eb2c71a3b851d3341d3c718d060,5843
294bd1eb72b7b4ca,64133bdbadf37e9d0a581eaaf42851de,429
047872c794aebd18,6285e6747fa375f81de13c97f4288bd9,759
413d3e1f719c25a7,563534ab92ca9b6efba5caa3ef29677d,840
f2bddb5a400f5185,df0437fee4c713bd9e5059baf0a73597,10182
bce5aca43c74d955,8caf061c0beb50d78e7943323e4097ca,6569
0a7ccee8f57ecffd,e5e67b6e3e31c261cd9645efbbf546b8,6331
daad1996d257b75b,b644b5bd197e5b196e89b648c4683b08,8062
8dd2894a70265bfd,1aac534e741048acd6c883a8488e50a6,6474
b317dfa4f589056f,51bb3eddc5113a1750a66e3031b8c06f,13453
70772843069bb211,b337ac1e2671e816e2f7cf2e9bac5a0e,2431
7d9934b326a9f988,6888356fe95f3a5784ffe2b270efa6f8,20541
4e84befd677c36c7,6ea2282f6e642b0e9afa8614b4ec5aba,5330
2104d5d32f8eb779,f9b79886ea57415e28c94d1f93a9a0ae,7983
48e5e0a385a59113,aa2d267712afa293ab9e59f75cd78e26,7584
0f934a486e557500,6cd1d1df526e2da409c06f293a041b95,11990
55f3030a4bd8a123,0a3cd1cc3a168e986a635760b8a80f95,1011
bc65e7c617d2a9fd,cc75ceb77cb710931df98ff5f20e82bb,8404
217c7975466e0a7a,ac7596b8a9ba6c2cfe6e4926bb6168c1,638
553f3754079445a0,fc84f3c4c0894c500c07a39a51a0a5e4,7079
886a2a31c5ded6c9,024c379c9f377d7be5853429e50142fb,4878
5a919310bdb0d9b2,e000373515dec0cdc2bde0eae4ec7785,760
99a97f30b2423b2d,4bfc6a1ad3f5e405be753efb6ba95efa,936
c276e84e70b2b9c2,601791d3cf56ece877ef4d20492b7228,500000
196d3c9aea35c8ef,72736499fe0c01f31fe244cb50bd52aa,4838
1616b5f421a0e30d,46e890c14151020c5a120324914b8317,1330
95a60bdbf37ecddd,4ab03ecd6f0bf0e88263ac8af828566d,8174
1b82772273aff4dc,f08f69ec5ad4731ab36a88ccd6ffc8b4,871
bcc5358591711bce,05a26317a19740ac61300ed91f5edae6,6336
5f9ec2f214932bea,1b9a46030ffb6e9bb7cf3b55831aa137,3958
07d06c6fae242e37,505eabc8e79c1536e28cf46a0e79db4a,2604
001ee3c9a0f2ecf8,c0680a0c2466d5390f7196f4a6b91acd,12576
b855c92b940324b9,cb8387484a534ca3f1722d874e67b375,856
885b8d90bae4c620,d6a2f01eee8e897f4515a70ab06a95db,1357
adf23e684c7b204d,1a2258613e4b5787e59ee1b43e862b42,7234
70df83c8d986591f,145e55950d08d0277925d548d9e7e990,4185
568faa4522a3a41e,dd5be85c2ebac9b2014ccc2811be4100,1435
00dfedd802ba9bef,5462851f4931cd744e55f3bdb76a02a4,5512
09acc28722bb5d6b,680bb000f80124240db465c7ea19fd09,7401
4883e95c77fc56c7,1d6a6b089afe359cab98a4a4ac1eb902,6426
3d0b4b8d741f4580,d31bc5b13f8ca0589023dc6a88e79520,6470
363cd2fad4b4e246,8e70a7fcab3c9d0b33af5243d4e94e8b,5085
09714de45ba99b66,9193e7ac3ff8d82cccb8bfa7fba848e3,22376
df756edbd8e86623,63c8435c820d8720a90b88e9e7ada5b4,5892
d76d39cd5885ca91,ba22dfffdf6560d9a709c5bd68870548,7509
4b72d02276c31693,bfc2361115c72ed1e09c8f4ab67cadba,7988
2dac79766e772d29,b30681d28319629525886822c334a524,856
65bea6d33106ff4a,1f88c2e87877226aef2ee3efd6c5708a,1045
21ee18cecfb98f64,10a8a59d5db9d21ef7adcea90f4bd9b8,3925
ffa1fc84d86c2e97,1880c95c1ca28c2fd6e8e31eb3a54e99,364911
5f85f34325b734b0,3523d9f1f22d4f25c69bf65211a8a958,19043
b520270302cec0da,1b795dac1a64d41033e65b069d9bba9d,6334
8a5cc7f176fb176b,1bb75d941b8ff9ed29499e094028549d,5108
e55c1e0222c68e50,c85d7ac3306bb13acd00bb2a5a5447b2,1207
d73d8fd6fc68c9b6,02d5c80b6c35406d9f64f6b1d085d542,8158
2aa808fc1acb8f27,7f8bd447d0fa6174de4993d436c29d41,7869
a566d6550c72b9e4,3cddf08df3b41558bc5a0fe7bde11ef0,851
47c777aad02a9ac3,4c0a10d940d5b376a96aff2f446d36b8,7425
9e37e0f42461d4c4,e058157f1f53f96032c9550f0a7317d9,2410
ada1ff29def6d40f,702565c031048dd1e4b0e98f0ace7578,8213
a0d7ea502976bd6a,84174793cc757c02273152decd4e63a2,7037
683bcccd976edbd8,fe6ef2e3eee6031b9c10b918b7d093a3,3868
53e47c5c5f58ca02,21d3204e1a56db48b6c4d891eea5d212,3194
a4cc759822dcd951,3ed4e57c1d685fbc8339f7916c1beef8,8064
b03234f922411491,bb9cc1435fed65755ab884832a09f940,6907
075971d660920a05,f2694127ea3be56de8aced56c7c2aaa1,710
09fb518b7ad1e9cd,b604331fc1fe043badbb7610b8348da0,907
b505dfd5b3d40dfb,0b9d07336f13a8ebc599cd6087537d87,1699
aef2f7cc153a79f0,94ad457c9f0ae7ce44ba058343532c21,2900
798d1aa684296116,bc83993969e43c88e7710fb3ba4caab4,1274
0375a2f2495671e6,d8413593f352281f9b339c118b69e48f,788
901b19f8c8aa3702,3465c8ec074468fb4ff0584f95dbe7e1,3917
586bc77305115f42,ae8217df511fb7a3be416ba15842f537,471
62ce63fd4f77f7bd,a817f92e730f05872957b53a97b312c9,6143
430b686c6eb12055,82b367d3d50e1589bbbbf9235e0d508d,1038
8caa22f4963373a3,c4b88c159abb00856ade8b465d338057,2371
f19d94e5b24c0603,855b22f6109a83685316b7f6c6d66d56,4543
921a8885e8e895d2,269a8581400879ad02e7907c278a605c,7698
78df132f93958d89,34166873834a98d023099c70484eb0d3,10809
cd9acbaacceab2d9,a822ee02032aeb29cf6a9db775840ac2,500000
6a8abaa077bbf8bf,49a07546b410e2c9f7e4009d3b6246d6,4039
a3d15d7a3f3ad954,0f989dc289eb8148368d68d440957ab7,7755
9272ba2401123eba,917f17828ae01dfe2b1a07c5470e1fe0,2468
bc748c6b015551aa,4bd8ba2d51d944bed5090690f79ddf17,2822
d89577c01d749632,642d8b1f9ec3608c5d06634a6e03a7d9,2239
ee947208930134a8,630e6c6ec17da4a191f68416f3c33edb,7632
659114cbee81fec3,1cb02a02f41c30b74e43f674c8038366,747
42bf012d61b68caa,b5f27ab6835b12bf40c2605bb0777ced,8994
9cba3c444b224761,c273931a6138406f856ac27faebe80ea,7675
de6e40a72637cddd,926cfbfde17036c057826dfa967511bb,650
9c710ada67829327,8a4cce8d7f12f71486695c2db97553cc,7371
6a14a7bef2345c39,9abfb7dfef294c26f92f76702d55a036,4283
c6ea6900f802ea80,bd63d33de53f9a3015244469ffe95402,8659
e80475afb22906f0,ad623dcff6ccaeab3525bf8bc2df946c,9251
ef605494038042d3,5ae24ac11914a2a8e78caf4acfe4819f,4485
e82ac1b56dbc02f6,91100f63e0875a3a9cce882da7f70a66,4306
e413854ecec36b55,01b1e5f204d4f9e1b1e87c0f161dfcc5,2057
3cb41d9c420f6030,411d906df2687dbfb72dba16e71d3c0d,1666
eb140820412cfe4b,b994461cb97146455df11013c1d26aa0,2813
a750bda789fa7f93,4565e81e022132660297f0f193e3b924,683
e58ecaec616f63ee,4b7dd536da4fe0507d80676837075a84,4125
02c68779131160ed,2d70b1657adfb2ac5d2d6c7788fce5f7,8436
4fa69eef3bcd53b5,cd8cb79d7e133fd2832ed975f110fa64,8274
5ca1042a34fa1b03,f616db6809b6526ecd3087d1bc42c19b,1263
414c5c9b019aa2b9,5492f529b72ab906994ab1a2b68db613,3363
22a536a369e703f0,ff17a68a7cf176f9e46684adc8c31700,10311
e09f46b5274c1dec,9daa988510a749541ba12a54e81d3cde,879
bc6d2d9174025b54,5f4952550ac24549b2abf208c75d6993,10176
3776d3b57a58e451,d997cf9fcfd0612fb94bdd27710714f3,698
1b68c1d054d8249b,abc2de45026870ea9c583b9b6f698266,786
bd610ea3dd52bb89,3f9b5938b194318abb00fc70b1dbe291,7360
5ea1f37eb3c532d0,a573d71d2369102d4507a0c63980a90f,4314
67e2f08dd079fd8d,ac391e2b3238a0b1ca6676f221c2e988,5851
b7be45c8b7f4e444,6a45b6d2dbe894650eebfcd3c39c934e,1466
7e285fb31ec71abb,c5011fbe6941c31192f12a1f9f4a053b,7596
91f8c1be25602fec,3dfe3c070b08b16f9b536e75c54e0b4b,1317
307b1c3cbf0d0f31,21d3204e1a56db48b6c4d891eea5d212,3194
06c301309c2b6fdc,1ee9c63cc435fdc4aec202bfe60d97bd,787
63143633ecfc84f0,af49a2d7d830534129818aa7b20d5992,3255
153998cc37140149,433a02c06057e2203a1c40b6971d84b6,770
6a3b26c3fc140db0,3efcbd0e052ed98fe0f8992974bfcf41,8431
3b5d371f1fbb2b6d,bf41c675dd54645dcb12a2d53d5db033,775
5a2b28f3965c6464,694347bd254c672cb1a4cfbb57ecb854,396839
7979419ddc65b5e5,3e1ff0a0316b096d5b12e652f32e5620,750
490c51216690913c,59ac863958c8fb27449c0f8365990941,1788
8c15cfc6e1d4d4a0,35319d3f469990c5dc6647c628652200,494
405164e4c78e1af8,ed8ed58fb59e3ce12bdfcfc859d388c4,9805
5403369fc1624b80,efddff738af7e7a105feda218a544a1a,6775
333fe92f3fe35722,6d0dc4be8aa789897bcb0699a15b9f3f,841
07cee59cd1f3b9d5,0a2e8d01d1e06c0cd138194cb22624ca,6291
ce70294c4716340b,a9160db118e63d89c86eff83189992cc,7365
79ebd10bc0a49e44,75145187f9477168a434f0aa55f59bf6,2825
dfedc0e8e2201e10,617fb967f008766f0c28bea4169f3e7a,1152
65525adbc1133710,473f2289ccc231555b471f4d05269613,6647
347f6b46ec4502a6,bbadad033a53c33568b81f6802186e14,5286
80664fa35b2ffa18,c6859cd22baf49e1f0a83bcea006af83,1933
3fd0eea50aab7d41,fdf51513b48dacc6eb999911b11bf496,7418
ec83e8aa0c26853b,d0dae0a139bc3a18425911044e4f01fb,6039
84965d6059cfa97c,1faf0ce3209df20a201fb4be53b8c260,745
5ac3d9c2836c9f44,e5fad0d195fb20944521b5380d062fce,6049
3b6a7d3321992b8e,8438a8a3b768246e5316bf5bba47b915,8621
9b4f058de6c5f02b,43973ecc1052d29362f0f2f20ab30fad,4329
1bf9b8d2e4da70c3,03992c2758e73da95396eaa8cbef2c95,8845
6492ca390f7617e3,db865a7382af5804068d4ae640daa7aa,3533
ad51287f4815d842,5a759422d4a88abfb109c9458971a9cb,1110
f785904bd0d279de,110549ae16332d3b0af954cf0791459d,5183
944016dd86a546a0,5ccd6b8cae9cd5126409261aa4bca2c2,2337
81f56a01f0242152,e7f4666576dd4979a5112638a807214b,466
355fa5de6e8031fd,ab74910a7fa1669f4350561c430e43e7,7203
6c70db5da9541995,03974be788e4006d645668d8f0401411,958
6407afa424e6e7b1,f61795f2c1b93ce199c4bc566c6d6fd9,8302
d1dc192fa60e4b83,f84bc618d1579b80d85f94ba77c8825f,700
d29553423edbbf11,7fc32d64baf9332c9a2b701e7ac48b88,93655
797725c7f52f72c0,42e720eacab820ea51c29aea12177961,435
a9596868f63a5caf,ae238d78697f48ed1d89eda4bb12ab28,8170
76b58ecf75a3165d,9f288d40f9a30b79e9cf8e4d65cb0815,5528
d88ec6cda0d2be58,ebdd7b29844422111ae8eb136b52355f,6342
a41f88282ab619da,13d803965902daf59a239888752dc28b,3617
213be83cbf80e191,f280e76a7216c8d77766fc89cfdf0a92,5100
de01ab8cc4575747,ad30ad00b0cf2348e3ffdf83bc650e50,859
8604886bf9e358cc,c2558ca64594cd21eadc185ee2e09499,1701
6e697a4af4cd8598,fb98ed7887fd4ddac73d603ed84ef363,660
49fc52d6a303f8b3,5f7ad0fe652d9f649420a763a3714dcd,4293
a265382b7bf6e0c6,0fb86e49159998601a10c9b000e20df5,10533
5932df379ceac7c1,791f2c81911dca4ae1b636c31d95a182,735
1f48ce89f71f3c10,60a1f3078ce8eca13845c092be02bc3b,3975
0bfada67cb24e1cd,ed4a147b4709fe324a0b98b8c35b5b35,571
37c429a2ec2d7bb9,299148be588a850f87767dd459e91890,7412
0561ee2c9c85cd38,38c1f2cffee04e22fa8b380131292b28,995
26e9e2c1dd552296,47fac0106485f645705bc006cfa11688,510
11c2bde129b6f549,2a17bac83fa4967853b09cfd69198d83,6099
d99d6c44757f65a2,b296b8c560cb9695bdf2be33d82958a0,3726
87f9e68808f582b1,93a3e6aaf64d9c573c792f05029dc681,736
0d70a9b29d9deb17,2175c4546f15d09bcac61fa00b07047f,2064
1ef6dcf473365c46,a54376fa943025e5af34bdc8c8b8cadb,778
4672ef62ae7e3ba5,14d12834641b17eb99d6b9baad86206c,886
be1296c43ab45baa,d9896aec74b81d82070dc3925ac46177,852
a89f4c98b05641ab,64ff90df7eef590d71333cbad1c12b60,812
d55cfe2796b5077a,03409a0cb5603fa17b1d09e881346134,5750
5e1a0658eb7b4cef,b2eb29ee89f01c5572e0175ad5f161b8,3706
f5d4583a6cc92f1d,161c8c126c3b8353a082acf429648754,4251
fdd4bc00ebe0b4e7,f0962bba307833a279ed18ebad3d6dad,1813
f86a4a413560f763,eb2c31a66e31fae4d5c0c5759f7c0bca,1095
4282bc7be0f3f83b,aba3e4d76ec253bdd61435bc8ea142b7,584
24af010e66e6422c,5ca0fbd7dbaff5c5aec2510b02ec6d5f,7053
d2ba105df139eb7e,315d6bf9ccadb5e4762fbd48d621ce76,5848
d5a0fb54962b347f,eff83729f967d5bc6aad03f461e4c41c,4749
883a265fe5605bd9,3e7e24626fbc099c59c76ac121cfc7a8,853
9ef802c58d5fd227,63a562234b807f4bbe4a8084b4d6ef20,2587
c05467fb6ef8a351,d9749ff654f33bc5144d427f7785ecf0,780
1d0a480d1e22807f,d7cabc52ae2962ad66e971d029dff0ab,2002
fc95769e653c0b4f,eec85b3d14ca6e7611f0e4004462ab18,448
4529d43915a24725,2a80cf2c2a5209756bb5dc25c2499a4e,6858
fd88309954394664,955d11c2c96b0d1ebf463ab21402d5db,4222
9ac2da407a789b1c,fda1c37bf50c23c90a5586e9fee65644,6105
09621b77b8bd17db,01e2f514086867635c4805939f79e903,8626
485b5dd0442a7271,3148a6d17950d422faa71bc6444e100a,2426
6efc65ac16e3cec6,fe879670571c2a1b101ca9c5486b0f04,743
588426bc508b217f,17dbc2a40ba82b203919b5a3c3e93bd9,5263
2ab74aec857f42bc,d87679a93cc9902a1590f9f710cc33ea,3664
bebf590ade2230cc,87ddd7334aa015a3ca3be3b40ca83e05,1986
3a1f08f1990a144b,1e0e83de352c22cd71650775dd56a0bd,1157
3f2cc2738aa9f513,5d39fbae57b4664b5fd094e6d2f19f79,7790
514d09298b6d4957,5eb120b105aad8c1edc8b44004e707a1,6190
9c5790d96f41d6d9,0192a4471e85880579fd9499f28db3fc,8690
c463f3bf83743cdc,e01671ce2a919c1c0a1a412f6f9e5a01,2917
97dfb08a08f5abac,480f71420cf850bfa0d0e42cc4397f46,748
b9cbe3fc3e645da8,9a896cf3ebb0cd2771849f8690a5b567,15433
98eaecf97b338142,84299ce0356dfcb0d10cb997f86514a7,431
2bd86c991d9128e2,ceb5e02a83648e158201db36e24308e6,1428
32379518b5d1fc24,3ac8c5e175878e20d797349aaa870e4d,941
b8bb9e60a6368839,ffa7582727a2b170d999c3dcaaa7367e,1421
5c796db368eff97a,7ba9234ff5681431c508f8d1d8de8f89,20131
7c6c514c781d61b8,767a9026c8741104b0c7d31beda8e837,5548
c0330f5c53a736b3,7b37c69ce9e49a9a8fdc721c0240b64d,4447
5f18d4d639e8b3af,1bea88ec2ac1ad7782fb4109c3205ae6,2924
9d9f595e04674283,940d562ab9f96a447077fbdb5e3efdf2,835
505721c90748980c,3ce23e4bc32395777c93633f78bd2452,2190
dfbaed4f550252c3,2f07876ad8d6a31fbeaa5869f0d61e6b,6844
6a1b0efb8b9d1ace,d384d0d55ee3f9bac8e2147316b90efc,6865
dc82daf8da9b10bc,0108ddf7ea77cfe6c9bbc4cbae702f92,7100
94b17b18a7ee8140,30ae427b132d035fcf1b535c78af8cdf,5494
e33d8a6ceff63b36,b6bebb3d6abd0263b119364e1f49e345,9204
fa31046107983b2c,abcab82617e28848fe276d4098e6a0dd,5615
c597251736989ac3,18483842af9f2ae8162330e888ba7df0,7692
88d6ed68e09a533f,d45dd41c10df53c0215fdc0abceb3f14,7257
8eef9ba4ea505a8b,1b0bfef23cc07eb5c8cb5ba8f2a137e6,6224
75988bcf00e25bae,a6ed82f90d415b64127611cb6ee07a65,6966
d2facc18f5166549,87ba31505a05030b97e3ec7bc5012a36,5693
a70af9eb617c609b,9691c4c5789a6fc6e3fcd597d93331ad,314
185f2a94dc466b7f,f26b877905caf441bba450d7a283f0b7,866
1977c3249a1568fc,d24a6fb718dcbaaa8ec671a81c2a7457,4065
f1dc8d49053f21e1,3bdba97d91f1c26b43f1d524355f13ee,10302
558e0173ecbbf015,91be950e555cd6df2248a61a54ce38b9,7932
efbab69d430d38e5,9bee465accc2681eccb48f017e0922e6,7119
2280a6d7bf3cc3b9,21a2f2aa33e1ccc64e7bc80acd1d8b9c,6812
cc6538c5ca54b722,2172299d02e8e08fe7f2c23ceca6e0f2,3528
0898a27a7ebbe19d,e1bc9e5a1a11a88578ebd4489bc5e2d6,670
950440391085e020,4860517548d334ccee7b8e047c33655a,5571
b79ed5161ce74d3e,bef44a0b4aa15b47f92d62fbae12a9b5,8782
067740b3bf0546ef,844f38769a486c7723ff31faf5966f25,1592
9832b30caeb32c3d,164714e90858c7cf92497b9238951810,8630
02883366e250f06f,66f4cb91cf20d71e94f64c005555100b,6617
efc35a859e7ab33d,ad72a7c740108e1a1a1b7c6a57b09aff,8819
f95286ce1c59eb9c,8e7b63789f417a40f678255e4161f898,5336
b5c4956b2dc2af5d,5fe65c216386fca7a95b13065a83c650,13705
b78baf2e67f9bab0,1a8a227c165b248738cb126a82d01963,6601
0abfcc751e47af25,f80fa3ba5cf557b010d5300a5352734c,8349
0d62186430b119ab,8da66c558ebb8f5dadb51d964008bd57,2421
27aa906dac99def7,004b45c5fa174ec986cc828a656530e2,1434
6786fdbb517c1263,e1a8b31ec246849728328bf70e395a2b,3691
dfdd2762c506b5f5,dd5ebed49282d60e0b96c298e3481ca7,8310
1adae59cffa18b1a,101aaa916a33176d4a980c8d954d2a74,1661
d54d9e4490dca843,876a8e677150d0599db438eb17dc43f6,7998
e125e8f49d8ca33c,71955f694560722c4c065206c93af6b2,813
8e37960bec6f4e2d,09a18d41196bf46e9942c9d87883ec34,6134
dad8ebadd71fbf44,865b792a4c29087a82bf243b7f3ba746,10089
2b0ed9f5a4c40029,5e12f6788c4b65c3f4a0b3e8f9fef056,4388
3a95694089d61193,084bf9c6a3f2785e604db11fb133c9e2,1518
220bf4be53f36edb,1019d71965ba3f5939f1e2ec48610e07,1054
eb77ed99260ba206,480dc03f8ce4a89412ba149f8d75f8b2,8054
479fa9dce93400c8,7ee2a41ec4f1fd8ab28d099f2ef67523,6156
7a29623a4d7bc383,39234c9406b4fd0dfba3987a0d8dc35e,2085
4827d3f23852ee79,d377d6e6440781c827a813af3791f93f,817
73050469844879c3,90f3174017b6d5f164075ea15b3d06ac,886
b3c98338d69b3256,5fad86058ebd26be6a32bed4cbef6260,8700
1b8952a625b99b48,10218b9f94e7d4e72e1f86133bb86105,871
752ab92c7169b213,acda0d0baa4c92219862aabe79660dce,8804
3ec8950b0c724461,8c046b6de2438d1b0fd1f4130f0b7544,1422
d8c9a916388218e4,23bcfa833049f3a167d2c9d6392b116c,8746
8d0bcad744073d5e,104980b2a514e2adb3ae571aeff78d24,694
f6c63281666786da,2f186e0fb2d6cb03334515accdd728f9,8744
96e4612a00b45026,32b210655734461345fd9573f750460b,675
f574428da75e9e3b,04ba2080a1470c5db30340708b22d909,14643
2eb59f3129dd9493,70d39ef6bcb6bccba00bc41b68911ac7,5462
1bed98f824aaea23,0598426d4f66482d452f48ae6dcbbd94,4454
3eab6b31e9bfba6a,4794c29524ed8de83e69a7ad8fc17ca5,370850
d47680a9140a568b,6963863a36d6f4d497a268ab7e3c2bec,980
b758a3f372204e74,ba958ae7604bff5cd65d79dd5384600e,19994
604f1cbfe7b76f31,7c18f62ef3cfb9763221726c449bf1ba,11409
f89017b011f56330,f72da7e35d5d9fc956fd2efd6adc684e,857
6253a957c0b27328,6cfcfffe46520befc28d21355358bbc7,569
5a6ad88fc353b2f4,e84507c6b7ed861fa1b55a463bde11e0,6824
b45d87012944bdca,e9e51ede70f07fb9a12005a5c4c5a096,920
4c4a23204b917fb3,d049272e8e59f6074350586480fcf5c0,7063
0a682b7eff4cbf39,a81ba3e638b2bbeccb39d26e1e79cc76,9106
f44dfe004f10b27d,3a378bee30f8107d6186ffe78b02f5a4,11344
ed5c8a3628f3e178,cd0bb1fad38ddb1b8b6e8d1c006a79d0,11467
c18efa2e06de0cd1,50529fb92eb0e2be4df04476a138952f,7169
69f471906dc8ae15,d41d3eaeae2b0f69b661f887033101f8,671
c335972ac8a332c1,5e3f0be735dc0f0c7894e424184a4cbc,6300
b9a3d16f38f8a8f8,59e9137648c1a5da669ffce07071d51d,5976
532dd433fa22575e,89f7ba09a79100699449ef08d8a7e317,1949
5cbf18939b30726a,856ec6771959f8e1164c8eb08db0baf0,507
a2eb896e403e313f,6819d31d3eb490b51b84638dc0f260e8,955
fac2238905ba6ee0,972e23a68acbae36ba8e05bb7b190593,7062
55bb52b97593eb89,6c9aff709d3437d9f2b141ce1dd7e143,730
467a2c000c3f903f,2b63daabba82f6401b913c40656852cb,1114
483ade3e5c4a3557,9923913adbb7d4aafa399836c01cec93,3577
b09a2b8576057027,1cd6c4abb2c07b479ca6fe1c0dd489c7,1346
c37d568a397ca4d6,8c0dcdda545ac1e6f40291ae8fee6dc5,6085
de887dd165b758e4,15692979b60f3761816e0cb59f9846c0,756
a3727aa600c1e4a5,f8f690489957796a77479b4e12f6c00c,4052
ef0ed052c5a29618,173f6e96a338351faff4d295c2aeaf0f,1067
0ff5ff560527a036,807521967dd8801623a4562126f86509,2733
bc8280031537cd0d,b8ecaadf9a70fa879d35f7e70fde49ed,6968
1313a97e5cb6c560,31fa765f7a3990dfccef5dbdd5a18c76,1116
0bc3beb72e43a42f,b4d14b756c617f1fc69e9c1f288bd160,723
b915ee87d237f7de,a313786df399077f59996a8af4f7de39,6103
c6b2b36988498844,d183182f8d8ed7042e56a40fd65b3154,8250
23cb8645bb2b0bd9,7b648d5e3e9fb581885c479047137d29,1941
a3bb51f932594b5f,af62b78bf10d3b240c0b05a1ee76b1e4,910
b15d11f3a319def5,f46ec3a0c1b67816d8ffd098b3a7806d,675
56404ccf1720f73a,388c97afc44ef6adca5ecabe132cc178,4207
1c5ee6abacee2d7d,f483add6547795a0343079845e0bb05d,3123
5d5d361e62ca50bb,f4eb19025282db4e80acd1db575c4019,5378
9745de3c7cc657ed,21d3457f554e85b8f868d8800cc3bece,14878
993cd2898e57bef4,189101b2960899c2c042cb6231872f68,969
17ab10ade417ceed,db9664005c738ac4e0994f5e93212851,7447
2b93ccdefbda6645,b849cf45e131fa0394f15d76059e2a39,1164
c71d33d80dfc7f54,807e9814fc76c6e921dfc4da07cafc5e,5073
faaef43a441926e7,1d3a593ad874ad4e026c1243d9e77ef2,1430
c47bb779f651ce09,94d7fa86f82ee99034850d9da54705e2,2252
d9c96576c78bbd2f,c60f111359c27a269b27d6ed8a3ce8d8,7783
dce297fe812dd922,5624bdc9a2d3c0da948fc44f6a46b6b0,891
78f1b58a842eebaa,a60e6113b71242ef477889985cfab7f9,855
3065637e0d821e9a,2f15f6abc2ce19c4ad01b7ee8e9e3d29,4136
b20741a29e815b48,0c5987f6c3c7d668454cb83aff66a155,7294
f159c47c1ca9c6e0,5b5f5edc45fab98eb565401ed9e40903,7987
f1ee1a051413af4b,ce74dd8fee51b19b09e272d6f416aa53,7179
8137cd3efc3d3970,918f64f7a8fa95a708ae1a56df7fdbaf,16349
0833f93cbba0eebb,68dee453b9dd70e7e7fe60a6abb07907,1069
fc2978d26d9b8479,77978473ed5a269eaf6901d1e67cdc38,3097
4c01202f535b80c4,7c8b7e5b4fd94e8c820f83bf97a363c7,7738
b943b3a50b47b73b,0a6b1b5f1c6942ed00acf65c101dd8d5,8552
a5f55ddbf14abd24,4f3629161eba5309f89e7fb32bf99c9f,1033
9f276d113e09025c,cc14a244049b9a129abe1a6f19981708,6544
fdff57f2b32e07d8,e729bf5c2d672fd9352ff6b651f5069a,6279
cb82b1c05b411e66,55a6a036118f74c1326d387c592e2f18,3799
2a4784f08758a5cf,98754cd869f90b4a29e15b2097b35ec5,17110
a60dda2661ff7121,7eb733e60c7bb41d425cc400cd7d9d0b,6273
469f5391d2111849,30ffdc3d25e5d09f1b871074a8836b1c,5677
1dcaf69b6f3f55bd,e25f81f79fc6797f6e733bd1a9321392,777
04b9d9397af25268,6b1340af115ea8aca4cabd7da6a18f57,7098
d38fa5fb7eb264ef,67d66e81e7d70d6756b1299d07d06afa,500000
526eee279a37f3a7,ee65665ef70fa6f91d5cf395a3d0d53e,725
eea8b69f70a64676,325c67eb27ace9b10ecf44eea344b330,500000
7812dfbae4c657c8,bbfa73c26bc52a8f23c290b7b59a2ea1,8715
fe15213a3d548cfb,56e7ff2de90cfb922fa59fb9a9c5b4f4,7872
d30263f20d58c925,6c506f9777ef1604cd92ac8affdb479a,447
9b550bcc803cf314,33db47c33bc0a5a948added4b299b13e,6715
2e99b968d8ca92b4,f8cb500882adfb5581cb5fb5c4ca1d43,6880
0d1b4040a17e5340,7ba7fd93a13702924d0d1691766f3854,9903
d7c54967be5c9266,945d858d7f1f207e2664dbe3e267a777,8434
02396f06ba0b7048,db912336877fa34885f592d07cef383c,7987
3823e440962119c8,fb1f2db35f3422dd3297cfd569d944da,5472
c418166c5b073b3e,f7360cd8fe6e0873af32ad01c237daba,8169
7bc32becb9747d6a,8e64d42de71281e42c725e646ccd277c,6597
3d77efdcd9434f52,ec3cac7b67a2b24ca446aafa2f533189,2582
9c22fe0b39cc3046,067a3a058744eb1de114c8581bf9102a,858
45d0052be632a17f,ca45c05b014ca8f43ffaa2e45e24a5b1,3752
c939e23a3dc0a5c6,7d98f95d343abb3c954961e0da188e08,157488
ce3a9dd78b37cbf2,0a0948b435192d1b6affe3d4e089b8c5,8490
c25aed8a5cfae546,68d02dd9d9a49b34970c7ef752736659,685
fdb34702479c6a2a,a00a855326ba2008450f04325745af5f,609
c24df64bd00904dc,8f33e7003ac993d36d1d7225ffdfa356,753
7ae22c381ff7e169,d8da1fd3ca5883cf2d465fdd4ac4e913,883
11679d8e64c56bdc,f5b144145f05fb039c3d9b836d9cb8bc,8171
70a8310e85ee280b,02a5ec149993e659707e7ee36f788a82,893
3dfa33e449383721,c23b57f693f8f35dacfa5306aa119025,6505
d1913802c13d5f0b,f16fa4299bdf9b1cc2ae8567adf43265,2088
8ca6b928550e78dd,d077a7b0cc775bf43e7e31680ab42d95,4627
a46a18d4ac72bc94,dcd7c4d999ed455e29f0b09e625071a2,4195
0cda27d1ab5d22a0,927d44702058ab24fca1491460e09252,15437
ffbcd3668204cae0,2081560cb11dedd25e89b66e68246ab3,9430
e8b6c54e1706d493,894945b2b08c34f619514a43c8467b8d,1146
434734cade662ba7,f5c07880fc052c6a8a25641db052a77b,2195
a33833320691797f,d71f0d2350758f526adc0ed59e206ced,810
0f3036d49644d27c,8cfd9be775e932166eebcb109d82513c,9250
30b3624786d822ea,3738a2c1bebb6a7126aeaea8f0d5e42d,14166
90e62a4e3fa79b82,f71e667cecb2bac074e55f90eb8ab4d6,368924
a9e8c97d6549f403,98fd4728f8d68c7f5c629f0854438fe7,3568
eb607d40a5a80fc0,5b9c0a2a623e9cd92072a0e0f5d269bf,6227
d85c910fd1fe3c9d,0887a4ee72fb3117a8664629293e91f6,4179
439bfa1df5e08575,23c53f12cf19767c492b84403d686e82,2290
f02e837d4f3a9930,7a7a12410d1e5e110cb107b04d9cb800,792
18087427324d74e1,38950f42fce9b27d25fb7b2acf56a061,869
a5286c20e7176235,ad7d4aeef669ec6789853e7e95ae263b,3430
e54abe3558c62d23,c2ede22f9937e4c8f588d462174e39b0,8232
fe6f062ec7725617,3531fff59550b014c164fbf570a99183,5122
1431c3c68787f2fa,6f0ab7d3f0da37879f2343181838b17d,7548
390456530cac4289,7ad04613737baf37a4b90ca22f32f671,5442
1e040699c9c37bbb,9eb7aceabafe85e40144133e4f540bd5,500000
0f73313f9cac357a,e3027ec1d3299099c3f8f545e9a8145e,2104
59067fd6e947a9fe,73f776d14189b24bb59113d115f8421d,972
39f8bf563360d364,273ac08612d51b031f9c5f7f79af85c2,1994
7b20ef822c283a44,a7545aa946f64893af7a07c4bd224e91,1398
70ffcd644ece0514,bb9b50a7613a7ce6d56b083fdd5a5a75,1020
724371dd4fdf7763,39755e788ab68edef3eed3cb7065617f,5217
03bbfbdc69c66a5d,cc05c2fb9c0d804c39552e96d3337277,616
b216e71671954b4f,b795e312239181ca357a536124641a17,2894
b40e885356d59e7c,a393a3d5426929a27b5eefc523019b5a,2850
9b27f7d4ec461fc7,a96a57be746854a09f2b0af76ecc104e,3982
007870072afc8a53,f92dd15c6590133c90bd9d9fac6416ef,6197
7632e02793b1be81,6413d15d2d55f040c8f65310297022f8,525
4b69254608b0b29a,533d4165438670a4e913a1e224990ba1,1092
b8963f39a6c32b33,c09a97f2b24a7e40e73cfa58b5622164,5671
e145c231945e48b6,03397732bc9f9f47ec1963ebf3e66564,6721
008a8227bbf63375,fe366093c48f16ef1626f9284cd3441a,8403
089edb18141da663,92928eff56ff711deacdeb168706c256,11815
ff153bb1329e6702,e1ed3fbab581e0a18899b178305caed2,2479
8208b090b80d2c2e,466e64fcdfec4d609f8e63c5492057b9,879
96ab9fee6b588618,ba9e221bb6878542656b5ac08aca5585,3536
823e632f38e02137,51d8a708cd58ba477b4adcf672fe4f19,915
6693f88259820f76,847cf9d626a049bcfeb2a2d832ef8686,8529
ab2277a8c76f7eca,18e3ecaaef31a43d86892cbde4cb07ce,3367
5c2e75d57e39775d,4cc3621cdecec8a078a8a86a4030c2b9,6192
058e5e8705c1c49c,346d3d86eede5c1b639699bf623adf69,11374
f0312dd3ae19f4ca,ddf0216434b467c213edd9a7d1c6de31,909
d4426796c36f54b1,6a45b088fab50f41ba86a95e7e290be3,4131
54e1c74fff368712,9774e22c2a7e06bc690aa22f8da1af96,10289
d33b6fa9710bc7c3,198c9eef796bf689e05a852b748c88c6,13662
503b26c0f812f1c7,11f6bacd01c9c3a154c989602e67f2c0,10165
9c943d3f2c80982c,3c0d1998d68349a9328dac69591b99b9,9698
2c13ed520248a724,0dff0c487352abcb226933416852acc5,993
5f5848beadb55f1a,6ec53dd46240c671869e601bd2c674ec,2343
c6037f0bd5b561d5,9a8b83bb28079639920c9f1a1306477e,500000
3f782447bf536c45,7725b099691e3417d05019e31ad6cfea,5399
a8bbfae752feb1ea,88c6058200b3d4aea326ae501105c37f,10609
348a7d7a39117bbf,f971982e72277aec2993f406a2d94d28,6128
c98e0336e4aba2ec,be702f182ca57c7f0fc9b3c8973e1f22,6284
bc32c64c13e653e0,2b9d8055d31c574d33453ebf64f8ffe5,717
1883c096dcce4a9e,6828ef2cad390e24cb7df0d793ecfa3b,9699
1d43b175e3706b2e,095e232cc04c255e562ba307c0afd2d5,905
1d0e8eb311ae0e73,294341370718a858b8bc971430410646,5771
c28e3708a691df45,9ba5cd7aaa5fd1ba56942733239f533d,6377
5c8f470a4681643b,b0fc8438b91e70e37dd02a674d3561bd,5831
ef599a72c07f7f7f,4aa6d1b464919590734d58c6a5b29fe2,9092
95022ccc7c7cde58,13ede4c553d73f6d3a041c6d3b1cc6f0,891
0f7f3ac4cfc126c1,8f95523167f384e08926d9305ccb8be7,10771
ddd2e8c3cb61daec,9124c4be864e4b331607659aada71bfa,2027
4f35c21b598be5c7,30c1fdf5d6a1bb7741ee9e20622b9a3e,4016
090180aeb67a852f,851f05e48b89bde74a0fbf61ab5d05c6,4586
d36c04b5035e384c,215a46936856c20b16dc1accf2cf7a3c,3680
996319da1e25f38f,56fa934473753f1cabc2adc6d9ea769e,4764
dd46c6dc12024934,f080f422491e6017a660209402dcd273,8042
783c4f76a5c31b8f,9de678e2967985dedfa18f8cfec3bf55,923
2a3cbd7710e02728,3b0c2427cd5f5a63870f605d3cf57529,5525
8d5722f690a3c852,96ee99a3e9d64589895e1e61562eb768,4993
47a05c8d58d47180,21d3204e1a56db48b6c4d891eea5d212,3194
7522a1d216c04c1a,e5bcaa006c541d1d1f56bfc4928b05a7,4523
0e04585f4e2dad7d,efdaa679bef48db74722be53bfd3c6d0,1085
fdb6cc0fab0123e7,d15637cd516946a0b4a1ec9943adce7f,871
d4c0f935c6059a6e,4f66851a4555dc0d46cf0dc612ad3745,964
9ae1f92660860e11,75671f14af12168f840c242095e1ac3e,1117
9590f2b367551af9,9a90323c2efa575536de033287f387a9,3954
8a176456742a0053,4941fcd115ace81ac8e82a3c3e87088a,612
2974db0254645a4b,905742984ae444a57cdd4782240949cf,7983
f20b9b9374d9c127,fe5105b1b885574f36559a4b59c13a1a,6145
f387e17f5f418c5e,3dc81e30b4ec61f2f9cdf7dc11c68bef,17866
6ce40119e70b9528,67cfb773a939dda1d8e330729b2e5dbb,6177
87218b6bd55993be,0a08b29cf5b26398cda2979df0cfc775,2331
23ff8132c9dc1e78,57bac59653b3886f7b39efc4ddabe4dd,6901
6f763f70d5777b81,34a3f272838232afc5be05b475ec6cef,3901
ea0e239ea420821e,8a7707268ebef2de33319aceb9492ed6,8138
460502e0cca9731d,ab8c76d84b4a57ad00a9de6fcb6c5530,3446
f292b84de3d2b487,73befd0188cdf2d1dc0964c4cafff8ca,3387
da84517696acd356,1e60b6c778c596c811538585fc747f4d,5189
d6d75081b2e608e2,83c03947ffbda33f1b79dfeba97438eb,2044
dac4ee15c4a835d8,2c0a52eea165dd34ccff2dc3f6bed8c5,4204
a38c3c9975a48148,29a47f1f7a1a1e82094e9a60fe3377ca,1352
dd41bb01b7e7a887,e54ece86ce17d834711fadd0c03969ff,3490
f113976f1bdc3f8b,9eb89032e8fa6bc126755dde2a49dc0c,6325
850f6b4e942ce529,7580c6ccdaba3edb0ca0dc2aa411f596,10472
96528077b4eb7f2b,b4d3e5f418ab1585e411bab67c292b8d,1350
1b3c86b6c1f948b5,f6e4e06c76e7897ffdf074cc179070d4,7396
abe0aa2a5b99f7b1,a8ec2091d08b13ce8d5c05d009989621,3061
ec3025e73026439c,a28a1b0a4eb91eb83fcd74ece5fbe306,5107
17798662d1931940,3198fa13eb903cd9a4d8607676488a80,2288
6ee25ccc00fc886f,6b1157171a4c318a2cfb102bea795564,639
ddb20f00083bbac1,4d6a05e72d1687aaa5efdd3ba6ad18f1,852
7d60255abf6ed1b8,f1d17efaf7d03689802740363401170b,874
05fd618b2a4173b7,478efef1b6eeea711878810b27ce6ea7,7363
bc8cb4f1dcc5f75b,f35853b412806ed96cf77c971dea3193,628
8b31a05de4e8b864,7a6c787e9868cd3d62ca547203dcdba3,1858
69ed0556210cf10b,0ecf2c338fc713e15ea91f473645f190,7351
02091fa26851e117,cc9e557d37a1f1dc018b832539e19aec,6827
c59c4546d2a40598,2ef8981cdb2524793c871aae861ff218,3240
b24ab430759297ef,e29eceb86232058fb0c54b43132bc6de,9241
633d87e777b9a131,351bf29dbf39f540a47d0377afdd6c94,1233
1a45c3eba422274b,cc09dc91222f61b98de859d8a31a8b1b,9598
d5d10b6404bcd9cc,387a6f2cb0b8877b3f31237eba9bb380,1688
ba054b0aebc37e9a,4a850ff946fabebe352f20e57890ccba,5809
2b8116591521feec,9385a18ff4dbe1806b670e7b2aafd820,3714
3e827453973f560d,4bea5c223af82e433bb889304bbb8da0,1308
1263a5a11cd8aab1,4faf565ee8ca27e5f693c3e6f295faf0,806
c9f0c78f88610b8c,d649fb755e970f438700eac544a0d422,1335
60db67854d1d6b75,80ada9ad7859a89d3e04662f34dae623,1458
ec26be02a464c526,2205414eec6705507b61f7856901e4fa,1494
b1d60c1ec7fe1ccd,347632c4738fc13e3ab4b429b24e1ca7,3076
2ff8c218b0f12ca0,31b312042f31763186be595a398a6fe2,17224
cefa37001880d982,f7b0c185bfe869c2e740dc6a3ded0861,15545
3bd2925b5e2aeda4,ffa872638b6504050d0b453515ed4a97,5771
39057a184473971f,f04d46a893e3414767d90ad429760ba9,5545
39bc5015317706d0,5eca99eb94de9de5293ff6f092b53274,6325
cda7aa98e6e2e9f8,73cb44645ff1b8a6b43a5d22b5c5e9b0,5651
dde856046a4bbe37,8a17315327274fab3ced86e5261dc3a3,6788
c7f9477a81f49ce6,e2b6367fdf82c9c229a46f67a6872488,4832
cf9c89619dda7f14,ac4a633da412be2942a2ac0782b2d22c,7104
365fdca425dc9710,4a4a4c74ed1d1490d16d932426dc2f84,430
049629d593e4bd3e,b696963cea17baa92f6d918dd165d11d,5017
088917c5909d367d,4d15f157e4e434b7a1764ec63da3c461,1922
eb2e0327d1bdfec3,806245a056f7084d5c9e805fc6241bc3,5620
be2deadfcbac6333,a50bb2e404bafaf87573c651d89af775,1389
43f5d78e80df6f25,76fd7c579a324e32229dbe822aa13c53,7442
49a6659bbc12bc60,e7ff1fcfb06edf30c49b99666da83d5f,1026
1b10330aebb882b8,bafce73cbb5caa0abcea8952c4808df7,1848
1ab6debcab66783a,92149109eb118c4cfab203db63c9faea,5672
c74bdae6f2cf51e1,9039654870163ca8a8a2920a333cb1db,7638
3e10ae8ee402e0af,fa4499c6bb367cb4e8395a341bed196a,853
fe4d95c3686374f3,ba9a8c4cf8a1d135927590db3b96b850,3255
39f59cd8aab4ae01,4fd82e4b338d53df5eee26caa626ffe9,1181
ec9aaf8f4bc6fff4,a9434e6a0b5ca7f9ea393cd3063f7075,1261
c20f24803780a654,9c2eb6c6927c35598f0f120262464195,5327
81350c6cb8fb9813,f3f095b241e569d5359e59c33a182dc9,1971
6f679f5f7f1f3b97,4ed680b53ace1ca2f283668af70bf639,5459
47de87381749cfc6,97ece9595ca1d3f5caba33ad783b58ca,5192
6e7ac916672f6c36,e35647363b1945100adb739ff6bbf344,5928
a21b8c715580c178,042b6a80494cde0d226ecb9bd16ee3c9,6053
e138433d1942412c,64a1a0b4c0c77d44d29edb9f9384c7c0,12019
06dfc6df3027a56d,21b200c9e1a0819daa8bb3ff8b8f03e6,1816
8670a07ad3e118b4,b59d2ee3e98b8a77ae5ca44382b71f19,849
5d44b587f1f566a2,348a9af499caacbf59e54c054ddd05a4,1262
0b63b0b2a512338f,9ab7a03b8bf3fda52acb14c07d83f1b8,1888
8f50a44de1da7181,7f8c99ca07b77fbcd0be6e19b0b7e430,4281
7c154fd5e1be95c5,cdef89a6b888dca488bd5ac3df7dd421,5031
33018521d2c3e095,e7fceef6b14aa9fe83dc4bda139f0f63,3417
2aa3365b9f27d04a,81600cf276858a9879e10fda2045bb9f,94975
d4bb35596e8b45c0,56e6f5547a39560f6c2817ff6b677144,784
072e8eca20250955,347c02b9356f96a76b3698c7a32e4336,1722
11ff8a8d9645c8b6,5f791a23a93da8e98e9d52bf7e1fb0d5,1340
a434fbb971ff6da6,b4863e315fc5aa62beb64db82e40e010,15914
6aed3c56ada7fc0f,0af527fa42340a4534ade19ad6fefb9d,2432
7fde33eb3d5adfa8,e12411230f51774a2a8433a98b206e8e,5768
f3f0f912e0efc53d,0f131120c01a863bbdc69edea0b626d1,4628
2b95d6ea80fa68a9,dde8175d69530f0fd7722c54a16e14d3,6002
1bcf6659ec9cc19f,e181b7cd190e7acbfd0405b850ea30a6,771
e1675e6fbcc60a1e,59d75db4dbbc2c387b273914a728cda6,1670
8da058b8d065a970,18a8074abffc7bfcdb1a2c29948677d5,970
7c34d4985fedd2c3,c80223247e19eaaa77f316f8362c110c,1166
3c88d0e50f511eee,152099c74421573db5422a3b2fde7b25,1510
77269a74dce0c3fc,85840a74048f865441c55c58cb1b299f,2026
95dbb5a9315c078a,11c2d411682dbc1dde9c52551c0e31a8,750
46d87928642754aa,091b8fbbae84257f9d5946b5a6df197b,3053
f9a4a84d32812d74,78ce803a09e18590beeffc7f58625fa3,2047
bdcc5aafb39ae705,3c06f9ae0053bf0579bc3f95a763feab,8525
2b892e15e5ca85bf,7816ec8f43ef348112beeede2b03ed00,500000
e6344bcc7728e73f,6b3aed8036236b5272da860760285f25,6406
a4415d38725fd2b1,cc1025cc7ff30f76a52bc963f2355019,2407
708aeaa325fc8b21,c328b6f13aa3c224fc1379bdd5b4e2c0,690
2abcf57ae64a6098,17ca195c1294338263bbb06cb7912509,977
4ddc0cd98d87bb8e,0d4e0d592421caf3ab714235e083916f,746
ea6dc859a180d1c2,9c51acdf13ee35ff4a8f90ad3a37183a,1851
d9ed5ea0a411f0af,af657db9891938191a6d0de0f4677386,857
6d70c3430ee59dd5,65d72375c81d2abb5782682cd4e55cbb,2254
1c939a16ee977e96,3762efc819426919e62dc45a9213e3a5,1912
8675f4e5183770ba,5d2a96df4292fc5079ec4e3941817860,5814
c3790bb7e46fb6bc,e120ba20fd38f8312cae3ab08fc17edc,7248
53edb6663a3f5432,7fdea4ae37284fc7dbddaf9e4772d0ce,828
17de3803402c04b1,1ffe4823918ea734a4098e241732fafd,2427
981be8de4bae60f1,caa6884c32d7ae49f15d5aca39d53e53,1598
fdf3ad7c8dd52063,ace7f5698bc4bb97a1886c272d0579d9,5739
43066cfde8f55474,2f2d1b6bf60f1cafeb26da205ebcc137,4871
2a7326c6c440e2f2,ec6e2b20cf681b4cac4507249bc74f8e,7916
6a8e3bb81dee2737,a8ee21873ccf9a785d9b0e67578b3798,1451
7f2bcb3e2fcb33e9,4e1ba2fcbf98a113643c7e43ea88ad1b,2169
c2e60121aee6b7b2,0ac9973a22c6b2c69f6ba6d1d60a8f8e,1419
cc5f7083789409a8,9ad47ae6e927ada21b3b9c6e3b5f83d2,4571
ebfd0d5b2eb214a0,f0e919bce37be1def3286c2fffa09ad5,605
6fd7ed30ee9c16f2,002f21ad00e0086dc45a0cb63960db03,962
5be549a0c4203f12,cbeb77c253a1dd725eb32624b604e243,21404
1e66ee99bc67fa14,34f10d8dfa864730dde965ab4d068ed7,874
5768e23651e127cc,8106bf3c80a743254b0ad62b307c5979,965
effd7623379c1eb4,21d3204e1a56db48b6c4d891eea5d212,3194
609fdc458f45cee3,20372a189f992b1665a433e04da625b5,5968
27a6d6ed7badc357,4fb57dab3ffa4e347f585d7aa9b233b0,4561
54e1bd5997d36712,bda509d67e78d5abbfaf1c02d9c1606a,7980
71de99901e151165,4cde3026269347f10d97040a34af8d66,9588
dd649aca8834a49a,2c57930b75c0be01381f70522f230959,6513
1db2956a66eaa386,1e3169e9f36a9555643d4c13d815f6ea,6390
77e39806fe60f778,8201d252fedd27c2e3c4bcb44b9bec2d,3994
5cfb6406f255c23d,372988750d6730b7334d6625c315c7fb,5875
4cb7dd02977fdcbf,a7a3cd849df390e0aabcc68344e0c41b,5931
303b06df75a126f9,3f0f177fa391b370e26b29a678922483,610
84c065beb4a6f586,fe39c75d4abdb97bc7a9e28cc8f38931,2820
f0f20543f8d14d88,31de607046f49a32cea3f9b965c89407,8837
8147d3c22db90ce4,718a9bae0622afd2478422c7ea544469,7709
73a8d5295cb27b4f,37f98eca9d4da16bfc2ea8c8f2f0200a,686
491e954ab399d18c,4608ccdb23e5d02583526e7aa765befb,6683
32897890fee1107e,2deb689d37ef8519d57bce807033a789,7469
6dac1615efd283c5,9839aecc9b4af02bf4b51dbf5b5492d1,19474
d94f7a032a3cabcc,7f0fadb46c8b1b0e609cea5b5b4de649,709
7f62e698f67b6162,5cccccd0eda362588019ee85b612b205,1392
18ea14dab48920c3,c74d698b51a75644bd8b99f515656eef,3943
6d546f32e98ea4ef,93067151f7a0380670993ce8da5222cd,1521
88564230dcb5a3e4,eb3aa4cd246bcf9dcdb1bc115a6a56ac,848
f1e9c414ecc4e873,0f5b15b64809bd6579b98d6f14170fb7,1350
f1c3841cae865fae,5ff5fac25ea32c60934cef24d8bce2cf,13581
0a6d02ebda0c5d3b,c8d433f24fcee99b5c88c75142ab943e,8524
9726f3c91c6a904e,e530c8c144aeda4e04ab1f5977b026d6,2600
ef172a3fbdcd25ca,b2def7dff7b72e31a550e38c63c3488b,5853
7624f5666d6b02e8,11a584bf89cba9f411596d2d10c41b9c,9431
31ae9dc2e62a242c,a3df77a99da8b7ffc29ec2abb3799c5a,10191
50048945c7229dcd,08e7c2d2bf0aa9125db86c2ddaecb1ae,7944
715c4d1cc64156e1,9e269336b87ca681d1589b73c12583fc,754
5d389360d9a2f5b1,f1690b49f4090565ef204677e08bf6fe,1011
908b33d0a04ba837,c077cd59e937208e4d6b71448f984dd2,1037
d63d3f9c5b8bf8ee,f10b408b4c21115e20e10ba011635486,3320
8ca640d49d5531cd,58137615d5be6dd1fffff25d19e89eb7,8797
cd2c4c823a2ee38e,a445bf108d7fd2ba85777406035132cd,4695
6785102828f98194,bd3ac68d6f216784d2790aa5a59b58ab,1714
fbd9d9452fe55abc,c861aca1875fe2b90212c7821a0fe1b3,340
70de8b77e847db32,5e1f7f98d63c92278434bc4b1cc96566,8609
a44a7b0f33e42e04,c1ef0c47cfde4ccc1e59d714877a700c,7312
a0324d62049497b7,74d7770bd840170d7acaab561707681b,7207
0f87f0d3d65d8cc1,44712c7fbe9c3e36850667637641a47a,4437
8da0686a0dd448dd,72389404945393a9950cc636e439d9dd,3339
0e0655c5db7dca22,46256c3d50a57ae2c956daaac40b4eb3,8552
7fce35cc36d25f5c,0a6e4f5468c5df30b7620a7bc39510ef,1800
31eceb5c65c144d7,d0a561846822cb7fbd962be0c1a85e6e,792
74ca650e8f6cfe99,fd89115b74d995a724ca9633c471dbb7,7570
4d73b53df42ee81a,7ae2de82ddfe45a4cfc702c839eb8887,2421
c4a203c3c9fdf902,d145da20e87cbfcfab17a9aa5e4e2d3b,1350
36f1c03ee310e34f,987f2fa580a67fa50053be1a3034a3db,1008
b4614661c86994fd,0913dcadd45a482699ad68469bdcef01,9583
7b8fcb3884875d16,e21a12bf8bb69589c8b9a489c517f603,8495
79137aae1faa8398,d3eb7eda4223695a2d087fa76accc682,1040
9b707a994c269a93,2a7b3125d9039e7c1be5c68c3635353f,14005
89e1849053e78e4e,1f52a773570d1b6a44f0027a5e15341d,6185
562cd7624ff6794b,5b91afffda347d80f888370b9f49b0aa,1100
1f5336466a9a2fd2,e029487d88595459b3416edfd77ca001,4398
676616207751dd71,2cfc5f1dbcf89a1396a582aafb90125b,277
ed24422ed31bd432,ff2577fa74904f19223eef3b57238362,3643
54dda4f146d65bcc,88c627da37dd3ea585f4d31b994cf1f2,500000
c8b8b92e44e922fc,b4d21634e8554ecf720b15d9962930a4,6703
d6ff7a454c9f6c4f,a8d05392bc7b3082e47322567bbeaea2,1409
def64384ba765529,734dd740cc4b3d5f44cf4fa3945a5b3f,8620
47d10d90aef015a7,76326501f98bbf6c7ee3b172abed63e7,599
5ee36a1fce7eb3e2,8145397489f12eb6daa04eaf8a9bbff9,8810
198771e0c5232ad7,c1a1a037ab5bd1744ad4fc39b670849b,798
6d5d9b7c64cdbd75,7509b513457c5fd1e96ca418a9b54ba5,971
968dbcba520899eb,e94e95b8b14d41f76233b5632fe26615,2980
fbf967b949baabc0,ac3ff0e4048249b630631a7f58e5f6fa,9760
1117ea2d0dca0580,5308405ac00bbf46a180428c57273822,16171
ef1ad433b34d54a2,119c96dbd1eaf42d7518c20d1f5b1fe0,1165
4532562ec8aebbe1,aeb384cc90513c2892487e7f8b7b7d5a,2655
b02ef5450e7b8e87,6677318f6483473cbc17bfb4f926bb0b,4792
985a996650a5f784,9d80fb6d3556be3a51ca26f12ce64fad,2071
56db66b834e850b1,8af4f44336b4165ae17a19b7cdcefe76,8407
2f956f230ebf618c,43766ac6895e0a3294663f8d3217d45e,615
420317c6ec33b69f,831fac5334d67f475f95fcd8449ec9dd,2180
c02fa1e8ce7e4059,555d09f9355b6470c9800c303a22c0c3,5097
bcf368bf8964acf1,ab85ef9b50b6f858e36411ffee762729,8350
d5d7918eff506738,260bab7910ea98a9b99322afab966677,1051
fb07eec7e0c1d314,6e822fac8a0ef9f53dced4f7e5945d99,6436
a65513dcdc00eaf1,fcd95d9ea84908a71b37ce1d68ef8171,10519
5b77d47e820d5628,877aef3c061426282398e896da9f3112,4162
f2f5be3b26201a0c,5e3d192c562021b127871b5389870b0f,6276
9daaef2b8046a6b8,777c04deeb866c99485df12889d2bac6,3142
124e2992161b83d6,bc729efa2298883d693eccd11c0f63ad,7704
a0be46b055f2f8be,5a07ee4e0e04e22958e99ad57b228ca9,4122
63ae5f1e236547b6,ef67533733ca83441b6b69378969712a,6796
e3c29cd7ed7667b8,7a2cf26328e534a037fec5b51b9bdd99,7408
601ecbe5802c32c6,c0f20204adaeecc96e523eb72ee8e261,2696
bc2125f454335621,87a397cd7232e7e4cbfaec1d7356400c,4127
f6bfa6edc83c60c7,057642e65e827064a8f8fc94e62803e7,16340
2547cafb97e1aa23,561dfee8f9a8c83565a76a58f38b3619,847
a1208c71bae40335,6d4be9fbc80fbd7c4f06453c2f9f76d2,7212
1e02bee88a8506ba,02fedb9dc56b81f519f29d1ebadb6267,3074
3691bef50c769ff9,7e9fdbba9a6537c06cd00888b3d1de29,4362
1c4c741d17bb78d8,267cf20ea66f031c3790250ca7315755,6817
665bcb376502badd,eca063f244d72cba23524daf20ebf574,6935
a50960c3f3536d82,1e439f92f7319fb37006a05bb2b44780,750
84504c7d889eca2c,63b77d04d65d9733b1f21055bca35ba4,1376
737abf5db8ee7b48,6ac09f96a436e23753cb395c670440d3,19477
d84c06c711cde26a,906e4b22f76427b2986344a91c3a5293,797
b9fbb7c881881d77,589e6544700b3f8ebd0f4c1190f47cc9,860
0491d26aac9fc58d,17a6507b24640c76c6135e61737bc9af,2128
4c35af7041c6ab04,406be5d9c706c7e2dcc959cc686cd126,1436
21dbe50dd11ae07e,cde4afbc29c0a937d1683eb4eb41d7ae,1308
3293c8ac8bfbe3bd,33f204c9630cb5395ff9476af0d41cd0,2680
f7974397885bf36a,837b31f997164fb910cca0cc0f1a57ea,15494
0914d4315b11e52b,1a7431e014c2a7128fec2685eade3100,4612
160eb605290072c8,05e9c224809288a07d96109c31575efc,1883
83257cac620eaf6b,acde4c09d9e0cd8ba6abc426b8f6ce36,1255
7856e5a89dfde01a,9323e21840198d391a64f7304e2f3d0d,10516
42d4d2c1fcdd4696,51576c3a396d9ba63669fab7b8b3f890,998
2cd836d06873afff,9459f8f994970d469a3508d0d695fdc3,6439
3b05c7235c9b4cab,b45d28bb85009bd84ffb1a8d6cfcbfb6,1117
c691118ee05bc745,461962d02b03e5c351ab48c4655ce1fc,492
913c9df530b73414,42048cc5a8bb08211a6b0619c560a048,1337
3080443a8c4cfc4d,c70ccd2835bc5b961ddb86ea17405f70,3772
b13b5a1dd6fca2b0,71741babedd8e8c617afb6ecc5a303d6,4867
1519bedb3b3ec882,0c89a01ad233b1cab2c28453a4894ca8,7838
a6641ac352ff2671,55bfde7da5c78665ca1683217809edff,7919
77b68f8b855e86cf,61990ce2fe0b96500d9e76f85a7df7c3,2606
6012d7933d375f42,209d487f02f19315c6dccf00b192f67a,953
5001f7bca674795a,d22dc120cf539012291060e7f693105e,4818
d77ea09f52b1deb8,d801fa164c96f9fc48ea9af5d9b07480,1103
23ae90d3f72443f5,5100ba48ef56f069b48f5b78813da344,1407
e50df1cb5a630fa1,2bcd98a9be50785689eb75b876431644,6002
096005c2005d7589,28857f4f01e1ca4e12fe11a234064d89,1912
b57d2b190d4ed394,4d6c42a069723459eea43bf4f0846916,561
15c2ee80e72d44fb,0ef2ef9c612117ca43d16c5575e4dc1c,8498
eac053cb8790371d,edd9ba3582bddbff9a83c8f454529f25,1907
1e27e5eade53201e,484b9b167da5bc4484e6abf28341e311,3102
0a4af8b59094817a,f740f4285296cc427184086fa184975e,1130
ae4a4f1977b99b29,3a4b0d4dd004743c5d245bce720c8b18,4205
efa90724efdbe7ca,22a4a4c46e69ef354138e6032aba6320,30068
fc8c1f923db6a753,6eaf8b5839f4ea20c426dbcc5c768583,4815
884c726477bee366,86a14027d8d9c9f078b6ac829cd34bf5,6945
69b2e2265dfc15b1,30ab2ae1a56256ded686d1557c8a0d05,4053
29c88c3943976824,dde5f760ff49b3d5cd11ade59b87c155,378234
ee2a74a0ca53e123,eca6dc6b7a152d6dc1ccfd24b8bfe53f,19802
1568b5e5a4169862,109c91f845ab3ff5864ed520ccd14e48,6799
5ab437abc69282a2,ec5bf5824f89e0698e429d32b0b7026c,1030
3ac0d974e221beec,de8820953ed1071d8e386a9110f19ad6,18064
54dc2f3b3a399d92,fd97a1475afd0a1c54d1e0bca424684f,4977
e8eeec19b05fda32,81dc46c093a6576c31726b37f5c46015,2207
1f5deb1144b2e70d,e4bd86e950f2801a22fb36923137b927,4971
a0c60a27bfcc1941,a6d020bf1ef9587ca066e9b21603e777,7728
fc10888ce403a648,9af27791e388ba314e5903c6b800ed55,3260
e749cb881f7365da,6747e8d08dd35eb3191dde0638cb555d,874
3e97582f20899548,c3211561a10803b3b5455a2559ded5c6,833
6a66544b318fe74b,6d83f82082432467c13bb7004f69636a,4894
fa9f4acacdb00683,da0efdd295040fb5c8a8d1b32e2bc158,4825
cdfd219c6bdf0c1b,045ad8c798ef12b28d1ec575edbdf8de,881
1ccd5400ac0798f3,370050730a83fc9fed958a08cbfcf07b,6130
fab5caa089247a2e,c1ac491ffbdf4c0da4b71c735fbcb097,7871
7a44930ccb29c0ac,c7a90d287b011a386087b308acce0db2,2783
57173cff5ea97568,edb38f06388464bb37b6716d405bfd05,2770
c60716cddd3d10cf,085c20ab58390eee3d03f347d207adca,8484
ee2fc01f78614fca,ad3555c40eced9b25a4e65a7b0daa180,6063
b499e0d070d33d93,b90f6d207980b056ad12530ffe542903,3479
d80bf831503a7bda,ccb4ed52eddd44a5eda8ca65eb1747e7,5383
6af582f8df227e73,3f7b4804c3f3dd6890bbcf8c548e0a1f,693
b23a9b868900361c,7408c8106931f596e9669c2b59b835f0,5229
eec7ca574d056088,225c580df096c8e381b9f21b99b5ebc8,6310
63a6f1dd53276681,27e983983b7243f95b6206b8641ef94c,6753
60bab8c2925735a7,bbf008a65d40f06f173cd95e49efc69f,10200
13f2796de1cbb4d6,1399a78588ddf7395800a34cf985f61c,2215
b32f10f8f22ca7ee,c929a59b673d072c2dbe02f7347e0151,5103
dce2a6a3df62ecf4,e2eb13dfd2bc67a4e7de867740485b17,905
41c7416790cf9181,337740a89b0996434517f26804bb0c65,426
8e57712d3241298e,4a45302a828ec9ef42a8077f60cf5825,17402
5b4e2b0eb48b57d8,7b94698bb67dfad0bdae4132b6b428dd,1102
8bfda003c61004da,157f1a861d7eeb892def5a2108a09d86,695
7045242604a737dc,c1da9171048bacc5fb4475ddd1aef811,1227
eeaaa1a1eb4aceb7,7c828eb5b21762dcce99eb3dda93da1b,8257
a299ff718a70947b,26896fae7c59a551b70245dbf8ad84ef,6585
8ffb4d7c43fee587,d58710848a5a02fb756a3ad5112d54d4,1687
2fd63ffefe6de125,c9d7219bbce6509763680cedfdd79f43,832
9d902d6ff3bfe234,88a95bd75e427b5ecf3e15a388d978e3,6722
fbb475e4047cdf20,258fcaaf5bfed3dfdd42083713b959d7,3422
ef3c18ed8811ae7b,12820627b37e9acd8c6e701d61677bf3,7787
9535efdd9afaa04c,a6ff8059e62fc0445b3bc08222a24efc,9363
b3e085e8591e3809,10bc6ae360546dfd3e819b050cf250c3,3159
41c1fa2c25ecb32f,dc7d9b20785a8fd7c712b9a40f3522da,471
37bf50c16555fde1,4c299a7b3f59fed5c54691a43c264889,9009
e59e43aea831fb8d,0b04e91ee9e564e35146e94bcf1253e1,5561
e7aa03c981a07076,a6746aa4805ba746d5dd2d27831fef11,12199
6f997a216156da0b,4a13b2534db3c8ef52042fe9e80785b8,9610
6e6f5ec723db223d,31f2cbcf17eece38827ef599894a5140,954
c92f49dd951bd546,c20649cd069ca05e1e25bcf5c4636901,1661
b7333d2ee2f04e11,715e9d4860428411c1a929b914db7457,830
4bb7d12f74a60ba3,4dcafdb43c72ca7c362a9695b20b51c9,1879
ade2e7bee06947df,28c92eae0ae7c036de08675cf4418811,2757
75b12eb1c3467289,814239288f171516184d81580eeaaf68,8896
41c1745017d63905,21d3204e1a56db48b6c4d891eea5d212,3194
159a2e1fb882e535,a95e3d561bb886ee3c4a7d6c41d687e3,1654
ca5cebf4c214f516,1badddc35cf71b864484d5104c040a83,7474
728c4137dc703ca6,17b88f917f5213529483255d1b082b30,2256
5dfd1e9b6fbcb374,17c235b0287e31b57d0926085c2a73f1,677
c10c8f1e5febfeed,1bdfc338d997de4fa023b91fcf11bcc6,1925
360e755b96bee06b,5699f7cc71216e8b7980dea501cc49b5,1446
7202ff98c70175e1,9c96408ef4cbd169806626b90d8f3aac,1186
388e0c4bc0b189da,01863026540c42870e65c724b2b4b019,836
c02177c3294b72ff,c6fb75712823d2eb6d5276825eee4b01,1367
71f9340564a4575d,63469bffec9b17655e4df85af9ecd61d,9278
f3dcc3cb7a818338,a544224b808f35986aa1d42663938483,8902
1b865b9d0a148420,202078722954323b0163365b89c0b652,1993
3cea395149a0253d,83b933932cd98f038c1c8a2a5d303596,4822
4dba55aeb063db77,6c1df1b9cceeca380db6a480e4d51ee9,5809
64e058780944170d,b078952ad7e61dcb740d835f236c8c8d,1707
d8b46c9b55f22ea3,4dfc30a76abfaf35a000ceff1ebd8b54,885
d0dd75ce62580a03,952ac2dde9c5e30668a3652849dba7fa,732
64aaedcbf8e54398,f7acd2d76fcb6cdafc41fb17516adcb3,4564
7fe82285d1224659,9ff38fd01a30e952344d11aa88d6ecd5,4370
3ab76cf3322df6e3,8b6d99547d1db3d17d5a9ee938d30203,500000
f25686c9a97b9b60,f7f6e1c175920b12891cf189743b5f4c,683
a91b7be10eac7b55,ebf567f3319620dd1b2ad36b5514edfe,4275
f700976c9529715d,7baf9dc2e20f4661716820a681604d39,5810
28465f939349e4af,3d40162a85d130a8bf743ae8dd5db0c6,1489
5352f61c246300dd,28c6471b0672516046ad929a00a38a18,5880
4ac284a453a6753e,222d3cbf1d55f53171ac8d26df0c73a7,5562
3aef3900272c39e8,0c4d6024b0cefa1d690d636887394a3e,6008
ef368a502efa8dc2,25248846e832f3e1194fce6af3b9e765,2788
35f51ffa9de41240,6025ea64f5a9137bf00a70b0887bc7a7,12902
1c08eab1d94c1270,218c06838316443a5bfe64e3622a3bea,590
c48636d84a923a82,6ea2d7d2a561d98175418af489482cfd,16927
125bba34336b20a8,215f388f82f51b277bbfd0acebec20ee,3087
0af940313da152e5,9e23d5593eb5d489be80e86c20239c2d,1514
574509646b474651,02279d2aed8fbd8449b0e68fe3ff7725,4212
c646d10a621e6c0a,17e217f7cb89bbf2f23d9e41d13bf06a,4137
3eabc9bf735def95,45b3ef677fcf4037de5bf6e5b28c250c,837
8957074930bb7b83,541337065e67196828c656021882c465,5815
f75fc4e768ccc0fe,4c1db5976f991a65c5464b7cc8abb02c,2972
4a5c8b130f555be6,843ce1242982a61bd8fd44d811d54e0e,15775
130388889d134e61,817889499ecaef46589d38d29756df2d,9632
7018b8c107e44846,bde159a34285f7aab0b43d3eea21abf6,22911
2c3f99a2e7b2ec52,a77b9c8ac1ccf6bf88801e52510555d8,3239
8d036fc8d641fcec,7a56af16f8f8f00c23e846aca0d2bc12,8367
ff7a576cb7819099,e875a08af3153d63d701db57aeb6a2db,6451
43384c93c137cb9b,4f6286d26bf8b9a6c6a2bdeb90e4e226,1012
1456a057fb1d41c3,eabbfa39de651294104ad2127a459098,820
e0412b9dc64b7e5a,257df7993158bb8e826958b38b7834a7,1432
69f23dc4789db169,d32aca40f380fb8eff20f64489e3c2d8,6587
4c0f1f436c7d334e,8ad2aed77c2c39b777726a49c88ed12c,8352
55aec9789b082950,d7fa0bbc80fde1ef8761bf9e21633e92,3801
d934808c488a8bdd,b61383155b461c80b0130a2551bfc31c,12223
3182c673f8b3aef6,a1b197365aecf34deee1dcaf37f216f6,4513
805585524d612275,dd05670e6346dd7c56658d5ac772819d,12993
71c7a801cfea5bbb,a2ddb5da9053ea843e7dd74c6ecf964e,793
a5bfab0d53122dd3,4c6287d51af71fe8b918db0cc2dbe52b,5433
88338fa99c9b14a3,bc55fd1b75d744804883dfb876fe2774,1240
a26dca3d9452c7e2,c5b1ee4c1cea54b47d150e4d4e1d15e0,8756
e0baf70e48bd32e3,20c2787471495bc390af4278d0c68b96,28398
cd2b0303672edd59,1d9f556db38bb52a613327a334f85ade,8104
102b9ed8a55e4f80,b0cedaf8ead2250045c794014862c93e,809
393334f95aefc656,b7302ae98e1ba11c5f93577e7ee94755,2870
aefdd93b1fb89e34,87eba1423c38503b73a9255d74da5426,4496
486a69bd4b9914b1,472a9406d8acd2ab445f70a6645e5eb7,1707
4ef4833d4f20817a,a6435d7165704c7e28638ae81ebab891,8840
f8965829e9c2e80d,999d7dc00e39a878e74079d1cb14f9e2,1882
c8d0776113629532,0cec18b0d22e84ba38252b2bad7b28cc,4955
20d329cec957162b,09797161038f2b0e96e0923b9f26f60d,5926
9c5829b54f52783f,37e5dddca7edca518d2f439da4ddddc8,2725
7277f6aa3dc05c48,4ad2ea23d024f03d9aed3fa7cc928010,1316
d0cf230377d0db1b,7a2e2ec306485c355f9e5e3e0a8fe91e,4088
84a72ccd098f1aa5,217fab91bc6bb63eeae2dd57002d4efe,488
120a0ddaa2d6d86d,63ad4fa42920fdf58bd689715a72a9ff,6359
de72dda4ba6f8c35,d6066d38f2fef5c692ea890eda1a87f1,3101
9a91610911d894ed,d8361785fc6e32b19f170c151e15b885,2598
9a8424043834baac,050e4608b152ef0ea968840a3541a901,2219
70baeb43673414fe,e71c5c27e8b879482938c039a457aee5,2580
a45b56415a51581c,6f3f241b25d34d3ccaf2e8f57c16a190,1349
a657d31e2a86f271,43dfe528ec29c0840919263fea5d4c57,6500
454b2855de05dc30,e23f1e4ee28963842c48e82a54822ea8,6636
c6b48b0b0f8e677f,871882d5b0773c6f05ea83e9684a532a,4947
3df5858b3ff965e1,4452e83204c425fbdf93b27861dd2129,4983
7c154d2130effe3e,6852230d47fd8d38bdfe3c1eae03b59b,876
11eaeb5daebc09e8,a23e8ca4785a61bcc3eb04a93e978075,2138
cfc6ae99f243b137,a52f8be6c5a8c5d629f60fb4c48ffdce,3806
0feeb9f09721c723,3d70bd6f1bac36d020ffe14e08b593ba,1541
86ddde0a646c1212,3bf0fc9bd20c19e9137e46b52f09bfbf,7035
c774457624af165c,bbccd4eef2d35bd88bc1a9a6b6255ab8,3280
d8c0c0f1ab7b1224,60dccab546121e289e29485b8b1fee90,9484
5f29b318475f4966,00678c613f2bc8d87b1753189a5e7805,5520
993e1f86d9e74ead,c5e0f4ea9bd0c9ca93977c1edac6e1c3,7419
c9fbc38d31955e26,a76db47d18b0ae8545503481b1c90cab,11730
a1411e85bad7b436,d2f6aa45f934a2f8a1fd9c98ed99adc5,986
6cc10f606e7166f7,4293a370c6f5a262bff730a230e5e608,2165
ac3f292e81be17ad,308cf132f60f7dc98681bf68396559c4,760
5b05fa06751545e3,7eba645a4ee52b766bebb2e6e5ef5e57,979
86a0c466a95deecd,98a8e3791c62c641a6073ea645acbb6a,4338
2a5f44e69f3ba709,dabd758722ed5328b1a8aae75a5f0d07,490
5c44aa88957d203c,5e4d3a8050ae25651aa996332544eb60,669
795f147d3685d7c8,cbc05851046c2dd5cfe5746d901266ab,643
8cdc2188adb16f57,de02988b6bbc978978d814631972cbde,1430
ee214858da05bce7,1f58814c9dbb23c43fc66011c0f021fe,500000
a1b5041a7d62f29e,7603662d047b4e017ccf17f47ac5b7f3,22403
4178cdecede9076b,d322ca462a71c7e722a8719dcf1060a3,8977
7ad6489350ff2c63,b1d4b5b85a5d510f66ad71187d3a8b9d,6892
5a502e6c2a044e12,1df3f69b47d98a858dbf676f7b6764f6,480
e89a1e81eab486f1,5afa4651b60619ee8b4e34a88bcd646d,8808
d715d668cf208a89,45901c94f5c8eeed2cfe31e0e99e4dad,6700
5f39d0e611b5c30f,2e61956165c60742267200ef0e3c3f4a,3557
69fdaec667518e73,59fb55923d547e81b27cb35860416c68,1246
b8f1b6f49ba27786,6fb94a0c002f62fe0d9d95600532fc71,13498
d6bc6a5b9bad7e3e,6716ae5c6f174f478b262424fc60368a,11745
fbe33bc632037da7,6ea8c6d532d9c8a9b0b73cc8d305debb,2435
7a8c71527af3f257,bf5914964696e43c8e929575c6acad95,3457
2a3a26017a2f2959,be2f36751018a7f5e6c09f4c8914b6b6,1721
58f2b5acdf63ab82,aa02dbd2ed620bc789535a3e05ae345e,3686
8ed6065ab9f64aa3,189b85d9519d8713d4309b5d608e9ae6,4331
f57400dbcfdda24a,f2bea9618c4ac1da024bae1bcdbdd1ee,7698
580a9e319373ccd2,d32afd5ad34ca4c5dcece1f01780d11f,1619
cfea2ef0cde84665,17022384951d94a43e6b49299382ac45,6986
d6ac614a80f4cd2b,73efe056cba547931e350a35a7d2d03b,6425
c1ab9b77727123f0,0787640277352199a6e596bb85f29480,6410
ca64eb4d5981d473,ea752c61c67a84960b531d3aa5638faf,8705
ad10bff6e70dcc9b,d517b804a365344a61d6ae7838dd940c,5291
6336ca2142ba6d79,f8917ecbe470c379cc1fe0354dab4afe,500000
6af342cbf473df07,c42c8385bb07118aee4b71d154b09ae3,8039
7c549955bcf08df0,78dd172e9aa7564cf9f26c0dba9a582e,361344
391cec3c45ed925e,8f7253f321a46b143d597869390c439d,6504
4cf30b13164ded24,7a32d8407c413df4fbff995cfb73821a,960
712246857cc43f8f,2c2355308f6fd407471e66f7e6cd4307,1492
16f3af1c591627f4,9319e9f8c08d51cf266d3c5f9ac1824a,9720
0cfc1c51e57d6d40,1afbf79252551d240754691810f456f1,3903
b0cfbc907117e85e,82dbfa0225ebfdc0a70f2fa9b8981653,3045
7760dcd69cee7831,2b6c0b46a832c464476f57c2a6448955,3533
ead6ec38efd6079c,a7978e5271ad328e6b2dded183494631,11194
c43d3cad8cacc231,58e635134d565fc39b312a5662ef90e6,4337
78adfba4f6d17624,c1c4be1f839ecda39a690e3307017788,7029
c87085b21e215821,405e7ff58bfae6eafe70429901fd5a7f,803
ca66dd882278cf70,263a3c2ba24bff46bb0724b374519b54,9440
1fc385de5218a069,0430d29ec1a8762334bef470fa8730d0,865
2f35e0dcf51ee744,1c576cf00e580884985b5a5d8859024d,3527
5ba1a4c0c017f8eb,e1b4ce9b4aeca20a97c6258bebd1077c,5981
c3df3c52e2926a9c,82a01e596993f84b83158d236f6e96e6,1334
9578642de32223a5,a2b806a404cf1fd6707a16ff8999da7b,5972
89ddbe67ce09681b,3df932ce311544cbf93dab61914e3888,7913
fbcfd112c084d86b,07af049c19343b313fefe9c8e3d532b9,7889
3b74ecea0f5a09f1,81bedd66f7bc51e3a6dddfe6c22ea32b,5542
b3c631eb2e254091,69942058c776d1a718d7fe44d4350675,877
d49d40b8b5db7321,28a2f26c817d6137fedf68c05f56676f,2054
df811db7fd1079b5,46c7556f1580aea6f457062d9c912c2a,639
00e8f22c936d661b,ed586461def81e504398246beff41d33,6558
cfd812e85492998d,c1685aa397701fb42949431175833978,7801
731e060c16f442ca,a9ccbb9c74076fb8a4439985700b4c1a,1002
7a174a05f944b703,202a8cdc9f30084680e3b4f3c34b3d3c,17005
c21e622b284635ea,0dd04f6bbcc9229be050e11f88d909cb,2031
48944f02e4889b4f,e6617cea0da4f47e51d223361eda3f5b,5877
91c112947b379d7f,79b798c2b5c9c6c908757b3ee4f16c88,5690
b90d49fe25d18646,fb3ee0ebfa14c26f4c85fcf9abe939f8,3570
897152eece2b822b,02395605ffade1cca2937c41f5664c6f,7099
a23d46e74575ccef,b47a0ea575d590c2474743034089fd98,1125
5f9519a395dbca06,f9f714fb7fc96e58f581ff338db83591,1767
48ab7ff35d0e06be,b9f2938d3d86eeed5cefea84dfc3f931,280
e97aa1bbed119906,5c6ba1f148199564dab2b93d14419bc5,6464
08df9a1ee600f568,60037fdab3bbc630c62258db647d2bf4,1429
2df195e4e980044b,8176230bc96e88d7132e70cc78a7a85f,1643
be4b37b9b8c85031,be69a0ca0fbaef4a3d0baf5148cdb611,2451
4768c31d11b753a1,36935b03a36f89e67c21634d0e1a2d90,1004
6ce6c47805e3c2f4,fc35d4fc91e267ed5267f0629c600b84,662
497c72dcc6259125,a91ded7f582bf55d766e519205f67ece,5053
f8770738bdb5936a,274cac8c9fa365db4194f19f7b426fb7,1700
2e0cfe1c0a1c1bc1,f01843509011f23f8ae3254f47032770,4347
58a8c1418a784ecf,6df7da4cf9bb0f0fc095a0ca20c243fc,2164
439eaa0d4a7a4b10,1a19ef058661bd243b37330357b38167,3434
41d754853330211e,9ac4b442bc12b3af90bf3eb4698b16fb,10956
dae005e15016e731,1f0edb97dae0b3fb708e6027cec20e1e,46530
5b6d0383dfcc06c0,f861b8ae6ee2ccf8aadddf2079156938,6920
fd8306bd4e097c81,c8fdeefa29a01b88438d2fb7e7923c7f,9514
11f1432e26ba9e52,86bdd2679331877e403406cf0d84f191,8679
4acc017cc5ee9b43,189ac60e72cd850301891fafc9ce540a,2558
cd8bdea70ab9d6ed,4ec0092af08f6a91cb1358912e6bd2aa,5877
230893af77b88ccf,ec78d21bcefb0e0ea8650cef3fff2178,8790
019c38aab2fa0f7e,9237521981c257333cb7f5f56ba5656b,891
d774a63cc044e3cd,69365ed74d2b682c9c2f4fe2231aa625,1083
6ae0c2df0feb2fed,14bdbb543d39d82c2eaadf1d38103fcd,2110
6978ba6bf736c8c0,6321739b90bd5a1218d65504ff1cb761,6067
0ef2bbbfc93d30fe,0959c8ed42f1c73aaef2d9d23425de3e,6386
313ff8e563860a8a,18fa1421652a555ca6cebe04258fefa1,7569
3a286817140ea60c,e9d260e23dd94f5a07bd33b4771128cd,2328
a6f8796d960421b4,a93cdb54689c80511b5df0c4651b7da9,928
063b16af9e720fce,d5b3e5c7127af1d1924c00fe2b0721f3,4679
a1a51ee1a2db233b,97c207d6aa47063f7a3b3e4326a8a0c0,364667
62d771d9b061f4b3,b5ea6f188bab02dd5e3d5db92c29c91e,868
f29b833a5f2a3809,ff8b7eff590e86ed87a651af71ebe50a,7793
92a947abc41017b6,8267d40997c78b27d77b1921cd887f5c,6471
12a51f8099863fbc,d3fb0a31e5b347f53410b15fae26c0cf,692
cdef6aec7bdf4306,dbc636b48e9bfe40c3c053b4060dc153,1747
21946ea2654446e8,3ec60dfc4999b9718b0111d1c66fc1af,1280
33eec3ad6f14aa15,9d5b10683810de1770c5c9a9ef45bbfa,1667
fc94f1b34956b409,3eba95d76b101153fa90a176251354d6,456
20f01990de29775b,95be8eb198a9530f53a838a1b260865a,6576
06d677d54fdee383,a689e3a5ca7ac46587ad391a2d36b2e5,12855
57d26d0e2972da34,190072dd12d648515a4b0e912a2e61b0,469
e518b38ad22ebb3d,393351b52e17fa0b026abd83412f3ff8,8837
764e9faa84c1a2d0,317b9891fb50c1c12e814121e5d4c60c,689
30f0d05112c6d805,f133cb77d85887c0c92b188b850c948c,3721
e5eb4460d561ed24,c13e44356d9d580af8a653872cdd71d7,1296
3d8cbe4911507443,01d6c08d033c392c4fb5acc1c52e2af3,6371
8c571ed2ea9acb77,15c4ed3e8bb80858ff7d666ac2955e3a,1241
7b7831a1acf7502a,153d559ed00b685cf3efd9f49a7cd2a1,5672
96e9dec741748ad7,6d1a11e2d89d570e8e55771e33d0a31c,9232
fca6dfd68b60281e,33d13df4817d7e4231e858d12db83646,7679
bf701756ccd5f163,049308d06f7a1318cef41fc8dbad5c5d,10499
a4eb7b948eadbf70,16a9062d18867bc2813add9956345360,6239
7bf89d30b811a1e8,0d25744f31ae3713b89ac71d1b5c3c72,2125
f6e0da7c08cc19e7,11af2127d163f4fe5674f222df7e5b17,1182
e6ae18f5b449dff1,7df3e425d07ccd5eb9a799ec29415ecf,1448
c054b2fba95377c3,754fe4640343ee8556bded651290d38d,1811
27bd5cff497727ac,0e12a1ada35c10ba1bc7b8610a233994,486
cb4b6db09ec24670,ee81dce75ce5c60c7aab9b0959b8448e,1039
bae1267d327c0818,2f92ed022a709ba778466a059d143850,7136
7ad4065b9c46cf9e,397d7f16dc508c432fa06fbc71a82b68,1058
b5492aaaaf8cbb34,41ec56a2947bea4a4112ef43ac2bf2a4,5858
3e22dc95902a79d2,c29c6584efb23b7445d0fa6e9e5bd1a7,6814
73662469cc26a161,843b95247f211a3e7c7c70cfb4ee4705,884
79103f06cf1d7bb7,4a1348228f911fac6919c75a3699163b,4541
b046d5fb5e6241fb,59c22a40738db5abcca498445a104d85,7652
54a81d9d6703168b,ea33b9ee21cdc2e9adb8fac15967d26f,5869
bc91c4ad749bc470,d6c09fccf03dcbebb5b144ff2beed389,8183
b9fb141547047627,dca105d287c65f19ee4b86cd487dbbdc,6182
ac350d3f67f24f27,c0d253152e47f4b8e240fd40a6e4a86f,3268
e265a0c2b8a6b3c2,22a93506e4d34e2a98439c97ae9d7ae1,4475
6316b2d91bff9293,02d38b528dcb4e3af3c8ddcc81147feb,10364
89086c5e0bbaded7,4aaafab9729f89da66687e127950293b,4098
f244da40894e6a7d,0853ba7a85944544cce0980b99864372,736
ab141eec808322c5,85d6baf48eb5f63fd4bef21316e971b1,803
30b3a80f99941f5d,980775a2f098a9363d60021785cd4268,1440
9c0afa7bbf824d24,344eeaa0da7ec9a055be14cd5781da43,9341
3f2b61a4bcd1b00f,2fe63dff21f3422c842a5a8a131de392,6347
1311c395b58fe1cf,b0f62f98d42f8f6a5fd0d30ab724cf29,7013
bbb2965d2479ec22,71f6b7da125ff3fd4f8247c69512c963,729
84fafb6e1a6f967f,751e9a090ea1c14e7804cd5d2ba26a42,5830
a4d6e709bcbfc35b,87312d04836f3b8b51f7d7972c7870e2,3538
461823944fb75568,4b9f25a6ab902ade25bf73b0deab32e8,6927
800fa133597b2baf,f2f7e3d8a4693e71495e2f381ed6b173,766
1cb6c269065c7014,4d215bcb7bd94365a382f9d9a489b6a4,5103
ff16d854795ab076,9147900d4bb9291af967c311848ce62f,605
54fe3abe975b354a,152b6c96c00bc1a22678f60eb0cda813,9462
0c75656c35c3ac00,ac2c40017d7adaee2f6d45bfd425ee63,9107
66f91926ab738c72,f8f3ad486dd01f7b5315705524af2606,1325
555d46fbdb833e7e,6fa808b012ed46f6a4891b60acff5d00,938
85cb67a9f6d551b2,513ab3579ff3cda7debc0113e4bf5133,963
c189dc7cb9320a03,6e5d896789c9f0f9021d14907021b2f1,500000
c13bdb48f116f983,8a4f882712de5c6e7ecbf2953454cc34,763
e56d0bcbce0528e8,5c64a38f5331145fbb8bf6d768a55a23,5473
d5c1dcb1839f6c7f,def735874d7d52a60a55404ef3015934,658
8dffe91d4bedeba0,0cde51d3821dd1bbb36b7c3feed97a57,709
2481cab2306914fe,372dc641e97b4b8080fa28e213b78b70,9573
e35418686a287bfb,02a738de6ea160383cc7ea2cc925802e,2129
47833ad415026e70,3f78834df1519a50d33d00fb6c7873bb,3622
977ad0d072ddcc00,21d3204e1a56db48b6c4d891eea5d212,3194
44f007bf0d1bbae2,7e83441ebcfb2ed8e7543a35527bb758,3473
9d010a6acad37700,3e6ba717f9cd285563535508b8d1cb7c,553
a785d8cd498f4981,5f380d6c7e1b4ef73bcb14accf8a4ae2,7802
1543fd4d62424101,bdece3bc04b85c47e77214952701186e,922
6a2af79eb07744b0,b5e11fc3d4d5c3dfd170824e9d2995d5,5439
a66fc903ffde8979,2182de48d148130e85bae0cc8e07863e,3461
ac7f34a2633f48e8,6b1ad35d5b36e8f6278bfd19a3a01dc3,5310
602dcb3fdd90a042,f4f16ca831f542ee3b7d486048bce2f1,6622
bf0e7be1fe86f185,9c3e9b18cf930d2b694c80723d30828e,3546
a3be214a85e017f9,bfb0d6226670c4822dab4b779b69a6b3,1328
e334d7eafcd0a5df,d527efcb327401b2a120854ee0c1ac54,8984
f47e84ac193d429d,9f763de90bacd4bce6d30608c830d631,697
cc70d20ad296df4e,7495defb93e107a38bfd855841ada7b5,9209
0be3ddfef550bccd,186e90779e8c8fc5429f933323dba68e,1010
64c405f64701dfc1,174099b81beff33aedb37a9863caf488,2604
f6e42b5a05c5920e,132fbf652bd80455b2ac1f5e76c41552,3231
43dec5bd157e4f18,fbbba51914c09ff9c54809d2114f566d,8650
6a7495dd2865fdd1,458ceabea8de36566434cabe084fc533,5074
ebff79751592ef18,0c2591abd5ea7c45006f5b26b94155c9,1304
ef63cfdc7e932d84,fe7689027ec63a1cf1f60026ddcd2d69,4555
196aec2d5651651c,a6634d708e404be5e917e173a1243aa7,3696
a0803f516a71f4aa,616d8f1f2b93ca9ec745e3e16d987323,1130
a55acac54a0efd64,3447e849e00fb27483d018a93e02150c,688
f725dc44f36f89b6,866edaca27d493dfe8cab477d635cbe6,8132
21847fc1d7099e1e,8a47799d0a37856e4ce587d241ba54ab,8886
15d17997e72226ee,73781ad6c058315aa043b70f4a478ce9,1072
2a9f1ca4cbb85b87,88218c1eabeb5c292a3f2707e1968ce0,848
4cfca826bf788ddf,4cbe885a6c8b94dbf19d8075320f1d36,5817
175ab0c37bea32dd,004838219875ce789698aad7de591bed,6559
ca61b2e58662f47f,31efc031eb3cb7d7ed8c9522c2acb05e,5173
c4dc1db0f18672a3,0d961f966c83a0ae5851db7edf702fc4,12709
5ee914b0408a3da5,98e7a83d023d227136167e4c8456bac1,1930
89226f4b50e9c323,0d1cc6d0b2de6619867730abc707caac,1215
e7c0aac0b3784597,1d62a417047a490964e771a1f25ba8d2,1512
fdbe194ba5682b50,be3b6b0e336a56c866c32646f02c1a75,6503
34a5d8f902ef52e7,e90e9bed44d7cec983f4a8af407652dd,7758
e9a889b2cd1ee222,93cedeb501aa8fcec087767fb01730c7,980
cd2336a8456e5c5a,5cc1948cc8819072895462d31e3a4afe,1303
fbd059e89fc04b1d,154aa7b62c7e1081e51180a2e3990a96,577
7d835cc7891a4009,6339d7e39329e9539e9ed0429c648bf6,8308
6921c2c4d73c5d6f,4d1a4d5bda511c28f8c32cf88998167a,3368
163d47198dd4ea6c,6472f6905d7d0f21773838509d45bb33,4153
c4a0d153ddc71f18,98896770562f0a389caa109d1987c6e2,978
e451773b60e01266,fd13cc02dd927ccf6451ac120ad80322,7803
906a7ce548b63739,9e5c21bc985db64dfb6c22bb5d398c09,1897
5ad422305961f487,e007d75fcb82085d91705a92d52da453,7203
8a6eb7c15bfe4a89,d2970e2e3597ba9a7d0fcc2ccd346a66,1928
238fe1f0082dc8ae,d86db6bdf0184e89a4bbef2e857b9dc0,5302
5c304523e9307fdc,d2c4bd62453f1bb1ee72b05d87c354ec,9169
8854a3283c7aa17f,efbe9d852d8258f91fb6679f407a9e3b,2091
0756a91a9539e3ac,88117c8022bb80fbf3ab011990d446c9,8380
82e9ba8f119470f5,80fc8995e13f94f3d894a1828e2b54d5,658
01c9ffd8ae767395,5b26199dc307feb8c4e72c291b9ee0a7,1471
3bd64fbd4ca29e2c,b4aae7c875a84c187ce3f28eb7765637,3480
94fe0f35fec89959,8b586b9ebe9e23574db2698f1e83285e,2095
4b655b2993a11814,d3a52dd9036c9d9d35cb194261ecf05e,1796
f17952b6ba2a6b76,d62a7d494f007fdecb7ffb16a96f1e7e,1233
12adf92b3411a189,c1cddf32488f002069a891264ebef0f7,747
f94d049795c48361,c82ce32811f7932be348ce4c3ec50e71,459
f0e9de0c3a117085,15c73e0329b167e825e9ab3c0a87feac,4047
b000e429dd735b8c,d75a024e13157dc62d09ba264bf6ca32,3131
ee470794c0912974,2c9c88ffbe0bcc117797c88330442765,4192
f5f35ab58a6fa443,0adfc102d41bb36ed24553ed20b7db24,7857
a387d9d76cb8980d,e4e2a610772891e98c05d88d0e211be8,8083
9c7649fb9566ec43,2698982a97c60cdeaeb84bb095229b87,2580
aa5a8427eb602410,c4edd3f5eee098b5f4fb05de3a19a7cf,7220
2668a7f35765add7,5c924ee709fd4cd84cbe9fc63e7e1444,1077
ae963a34862739b9,3cffee22e6e13e4038b6f005ff5ef984,3345
65428cdc7ddb9435,76cf370e422a3a2c33eef47cf50fd0fc,4411
772f1bd4ba16382b,6eb4e51396b9b44aaeda3aaaabe2e629,1619
5b4f56521149a0a0,92b8c57a472c1c8394dc501490b052a7,728
dcc719fc61ddca29,8295dd0a0bba2f0151b0340928e76f7e,6378
bdbd60ce68607294,2df736bfa1610396110c345f076303b0,5583
c0449681622830b5,c93bb4a0f3aa6a187665cca19a4e2d82,5746
c012268a2bae7050,cc8c5e0184fc4e4ce7e1170f5385714f,564
ab8912eb8cf7b30d,21d3204e1a56db48b6c4d891eea5d212,3194
c57f6a334dad0367,1277762bcb74820ae81415d43008e3df,6914
d2d38b4be7dc3546,8f856ae83e24c99ca0320c2c43c74924,7955
7a9d427b5e5a8db8,bf6edf5cb685e654549c68b2ec302494,17044
e2a6270dc5c04285,0de86cec0495331536f6c1c8ef4b1204,3178
22e6cb498352bd92,75eccdb1033f9d93eecce2708d555e12,7178
35fd88f0c9a9413c,079acebcd4576af64607b57f7a9dace0,858
17951e4a44dc4030,e02901bf3f78074cabc6056f071eb2bc,2940
ddb48dd6ac52308b,4ccd031dfb9ccf8d7bca4b02078d34f2,9530
b581465d1f15a305,e8b19be505610ddb72ce6fb63ac0f61f,697
e7ac9ac9c0c2040d,8477f8570300bea5a0eb064022d8e89a,976
d27b0468c4d469ee,e99c86add716c621b25e6f3a0c506cc5,4461
e8a1093a81bfec2e,0ebcd284bf08db05e0292e6be00422ad,3376
c4b23e7d7256b9d3,0c30bc5316171c1caa873c332173c96b,3971
6d811da04015ccee,75112badb967b734c9406e3299f9de10,654
6829843c7b89ad5e,b8246b17811897e2e75a55552ebc5857,910
b71bd6625ae5cae0,2abd725cb8ab52613b11761401570710,939
2caab71b236d8749,2cca3a0a19258ce0cba56870eac13261,621
c2b8d3e5f2babc94,af6d62100daa510e23144b86ee854d6a,6146
fe44e57d6f159f52,5595197dd11670ce756829e3c7cc5ffb,612
aa0554c1ef03fc65,6f74a2e66a96b3bc4fce03a80b66df1c,677
ffb6b334dbebae7c,cb12f5f81fd726404dfdbd6de2966bf3,681
ca591a54aabbe235,a07e3a4ce5a08077b340f2426e78d2df,823
19f0fabed4afaeeb,fb3ee0ebfa14c26f4c85fcf9abe939f8,3570
19d6ed16c38b0238,7bc4c6bde06e8c620e2c81023c4fe64d,816
f303d06c67711198,2f221e181782058451acdcbfc61a9906,8672
66f989f1494c0ce9,e2bea75d6a8a78c6a9f58c5f98cb03d2,6754
118f8a5c9a8e952b,d751aafc2aac62f98313deca8cf1b447,500000
857cab8b89f48bf5,d9829205782883b8b8efb1d575b39915,500000
b48d78e294a46459,c5e37dcd1e40f0d75e5ccf772d1a4521,2788
6001ebbf3e64b2e7,be7f231347a911ccca8b0b5038c42a3f,1490
3d011e4078b2dd52,00303c34d297dde92b9677f2b42106c5,7958
e30af06723242658,961fce7e4ac273635d254c72e253b11e,838
44f1249f2e790d51,5be04a66c11f516ed7595408cc35c3fc,5275
fb5ca90ad4559201,d3e8abc44f0e57412b2421afe4007c75,7798
2de6c5139b7f1106,c8bc7758babe1c9a7c9715726886fe30,7424
c12bb5aacb9c8c1b,20ec01f8ed7702784c93f1972ec05ccd,357643
d37281adc805a8d9,4926f342c651c8cb0d4cadb6420e00de,188
e170e7c04f421f55,b16c8f48c10210fa4e5643a2b7799e0f,3334
7da95fd7acb290b0,cbece8cfce789fce2313c75c4aee0163,3608
8648ea61e3c4b6a7,1fb2847974d96db4bced90d15ff0545b,4225
3aeeab7d52c50a31,0a63576c3cc99f75e48a23ac60a4a4f4,6746
149d97122de7f927,f30f7ceb4bf71bd73a081f903d1f1c4b,5442
93e2ef881d77008f,5ee3a16b25fae6926b1b947068c03f3d,5997
ba46780aae33d4ee,4e208755078fbebcbc612f1638893e2f,623
c8dceee8518e6c39,58a1cbf58304a0ea40ccdac38a80638f,9576
cdaa3624a2d0df47,34deb5c6064cf92134633e7e724bc261,6726
6e2f7b1719b6f7a7,257072cc7e12d82884bb11f73e51a437,8476
c8dc5c2ba0420fbf,709fe32817a8f173966f690ed13ed5f9,4949
e9ba9a75abd34c4e,6f06d93f60af05f3b288ea70184824d6,5024
83266f6399f18da7,195023e601a9ebb77c1c968e0dae9769,4744
09c45209c5382f9c,4f932d8f86ecfc56afa8482e4cc80b5b,4789
184dbcff7a2835d0,a8f279917cfb9610b6d7604098f42673,4870
87843b367cad71ff,f1d0094c559a8e4d9f16ccdbda06db8c,7276
7f8c1a82751798f7,12a5959d578ad58f97b04dfa357d0683,4715
c4ff12dfee272f99,d09863a0e48b50269e84645dde3ccfb5,1907
21c8535f6c157580,8f78be95ddadeac0e1692ea898cb482d,21758
f750d7bd90f6b01b,cf04c5ae61d40930e6c3cf1f3d0b0f3a,7775
b7039eb32b3dd2da,44a6357c2dd7152823b1c1299b4f2f0b,1565
6f6b26c66e6d7587,b3cd1a5337c4fdc33d69c3ebb0059d39,4763
f787f67c320e2075,a1c99a23e9bd100a3aa6cb9de733ad0d,918
b600238d14081c29,97fca424e1b2001f62d8bf5b2d615a57,15062
370f125aad27960b,26f508c18b55da5584989e0ee1f36fa9,5149
781a767e6989d89a,df86aa479e913a62e9ae05e5be87a171,481
ea745697d2e6e5d0,0c8ef0bdb1a15325896d67abfa5129b6,3331
c737a030663282e1,161fb9840c03f1193bd7da78d54bc85c,873
41f8fa73aea92f03,b57a1434bc580d3879d152c8783b49df,443
d858b1db6f960505,db34fa681ae3a1f15d49f3360381bda0,2146
8ac9d91e67709d80,440b01f438da20da984eed4d67863cf1,907
37b84fb96e7e86bb,85081ac3d212b96b60d5a9f85b3cec6b,2039
074cbdb8361b4a5e,09eb95d1cda53d718befe2fb8e9c53e5,5798
b9d135b1422be633,ba5bb8ee25ad507abf0257e332b537d3,1296
85a8a5b486806a69,42d4e23e14d7be1ff8c5cae6e7c2bdc4,559
a07e6b9c83755679,a375427e8aadf3b0e3ce06b7d5e8be11,691
79ce7bcfddade6f1,f8461e73589a7c771897416574a0a37b,7492
272712824be37e50,9f98442705d70221b295c68de6a08df9,15142
f8451020497503ce,3ef1e2e4fbf376d2a940fbfc20580e24,1156
37886fe290708953,0ed3fb7f1f9b1d11befe3136cc1614b7,5208
38efb7b840d6811a,6e91936cd7d982d7241603c8b46d044b,6119
8d86513ad59448fd,93115a444b8991ec51f5ac3f2214e0a7,1210
fa299a90d42392c4,5bcc0fcd59b4b1d0feab7c2f0e5785d8,2168
5cbcb55220e4f757,f458f5c08bbe1a0c5a682278145bbf2c,1894
f0b47f1966c6b727,938667d56fb9afa03e7e13bd0f592c3a,456
8458410f484fa3b6,3635737ec344caf27118aadefe9738d2,5623
3167f372cf603db8,e2b3249d4d2fca4537fe9498a609797d,6747
31b30ea53cea16b2,9ca499e3f5f3e9c05e094f0410aa9061,4017
6863ba10917bd3fb,c2e62af7d0d1796ce34cbd1f33b9ff28,2061
e9de1b4dc0c7170f,8ca9d0b13b667ad316c1b4d0746dd9e9,6073
0242160943ef87c9,504ff9502befeccdc6e50a792bfc10b2,9659
523a17115a0f3d0a,ec3cd178fcdc2fa138a8ac1c6b24309d,28351
ae770aa1ba9bb157,fec324b628e38c511183cd27e78e83fb,4504
b4ff51671b1a7e23,10a9f3634704b9ed063a3b420d34ac18,7518
4f07c08daea5bb69,cfcebbd23d7a490744269b433e55e272,19624
3d31573969892eb7,1d7ce81fc0cb9fcaaf78a0c2d8319a97,2099
727548ce0dcc02a3,d6905addf5e405016274854e89432ab6,7508
fcebbe29595dec7a,c3284fee1a74118aea0e396719469476,795
e6779506d888d7bb,aa7938c8cc8e674f4c9887e1b8ec02a1,1768
1d9b2717c4c8b693,a40b22aed6abf917e1394e8368a67381,17499
544cdfc5a7cb265a,e83ff06736cbb1cfdd71d3cf569767ae,1187
7c69b77cbd70077f,542a9fd242668e4563382d5269da4d26,10566
21a02c657b90a5d5,26f1b5c5784e1bc37ad90c5a07bdd3fa,6337
e90f3f4eb04a2ca0,eecf368d96b8981c8a702602c38ab2f4,816
cb7cae2a5f8bb2f1,c111ce2d1810719f1e5ae78330102012,1861
b243ca2c823e83dd,232f47d963629e651ede12a93c1b4252,751
dd3594120d81fd85,bd9b9e5628f8e8871901dd5dcde98dee,664
34b248bde7c93a6b,9e0740bce4ff52bbf09a1c9bb72be1d6,1816
a5042e68b0fae2a1,a1951444db8e2fa14de7019541b5c77d,3351
3a6bb6d7ff5890cc,1b36dd63186702474ffab8086b134fb4,3815
207ab4549a73e5d1,d44c22c347e6e6d5b132ff1a6117d614,5695
4f8f0b745fd98730,b3372603169c4f3da9316b8a0c678f04,3880
e61de8d646431b23,ecbf0922b995f35f0d83195f7f76652c,54770
893bdd799083d092,3d2280fc15591a6d6114f4cc59947c0b,3445
b95a54589fdb8fdb,20bde10e14926681b9531e1ddf204f35,981
6c35a8361726e430,bef3ec308f406ba0aa52425dc92b602a,1118
4f30c202906483ab,2ce41226ea06dd536e3e0c3e070fce46,3608
741e0792fec74a36,ea318314cdea65ec476d8e248c85b4f9,1394
5a9c5c748fc6a336,3205cba650c5c99a4e32316dac95c1ef,2670
65866c57c72d9246,8e049575412c8bd366fce6a839a1fe58,1684
4eb86afb40c55739,6b49263e8de1354b121289e577381fd1,2831
f63ab0e0d281d710,c9150837dbc301aadfa6a22927b432c9,1668
756dd249812d7691,4588fdab09f725c3557ea53b24ee80d4,2354
69bea694e7b824e0,6e2a1555b286d70b9a70c5cb83ee010f,2148
8f1afd11b2a40f1a,be2441d623f15ea08b8da467505c3f90,1129
e223e07e075bad12,2bf126f66e992d54b183692f17863186,13279
7feda492f943d438,4165592df9a4a35d759b48c3110abfdf,5279
a195df94c8538471,2bd9c4bde292edc4014d73da2fddba3d,5870
77c7e43f1f5f7da8,061ac39c10521f84e03b2f7045045a36,1945
65f2cf5251f7d4b6,8d0b3f050ccd1e377c378a26b2d02ca9,6660
b8bcbe007954e867,a3aa5af391fa6bfa9ef1095db7f8bdf0,2562
46eeed59e249f5fe,255808b2a208f178f71000ba77158031,3138
c1ed7c81dbb1c1e6,fabeeef97e45875cf87a9c2e6c38cea2,6452
cfc09011c16e6f6d,e922d22bb03f1093efe474aa98de6100,700
fd524c3b6fd26a75,f93992bc9a16905562e7bc28e9d2504c,2555
a58fb385c3c237f3,b8da2ded55a63e3c309d178f6faddfe4,232
c2e7d5db3048f1f8,855146269460b95d3cb1c3dd57116ebb,7570
05ef2f8ce50437ee,5166ffd5a9dbc8f3ba5489e38b157124,5127
f371049ecd867c8d,0e07d808e792b414b4a9b54952f87ac2,7316
71f2be5ffd10ba10,fc8dcb7d64a5a2fc07cb22592425234a,2369
d9a5d1ddb1e95d61,14792f2f2f09a7d3f15f0348b65d43f0,1349
cd2278202b44cda3,e506261b37ae504183343355f96c326e,5298
62ac6253feaa2e95,dbbcb90bde9d87c437c629111ff0b66a,7678
942cbd9d95dd8499,7924e348a05da76a6d98a859622aed0c,1468
be16a9832635bbe5,e481800b81c81c5b48c6b022c88f0b2a,1268
7f34142ae9da3cc5,7d68de28830a381737c002090eddbd5b,8926
224dec46a3e1f7a1,ef76859521cb671c6dffb01271f494d9,4542
a3e03731909387c6,aedad5d3d08c884517dd9b8c0577a3fc,4315
75a0c6f90614554d,b4fc7f4e8f9b22699d7750cd412e8a97,7258
6bed4c990b6eefd8,76ff4bcbce3b5570380ae312ba9ed10c,1136
3ee448ba80c898e9,91fced34832f1802a98508ac841e8b3e,6608
ac03a76ccd390381,5b70892eb6656446f46e5be95bc09ec9,727
ed1b8d55ac525fe6,1b1a625fe7e549a8e340482da90637cb,4178
d41a04a6c9d1b0eb,0197ea2c79b9cc4159e2562362faad25,896
82919c122a5e0cb2,cb3b2d11ac04ca3e9a16af332c3c0ad0,765
5d9e6d3fedfd6ed8,825abb1389bc305a55d8f8df7857a107,8365
666fd0238c47aa63,0eaa513fbf3eeccc3b649cb250712bf4,6382
11bd09d231674c11,903f64ca25ee0466eccd0d841896a56d,7617
a7936c649f8bd413,59170358511e71fa1ebbea2d95719e21,1755
65e2fea2ad73251e,abbc72c265db5e2957560facfeb65b08,1678
3e38299b61a926b7,bb33103f1a86432936d51ab317fb20df,1035
6c73476fa9098ef0,018269c8dfacbe08e3347bf0b0812147,8612
6155a0a2305dfa39,3f1fe03c399e1c6e9db8eb16852a2a4b,1162
de00a6c95e314477,0cd0c8c1fe95c9a1b99cd4741478f024,710
78b002d2c699cb5b,d5b66af33b0cd1d1a14b6ca95cdd30a3,756
2c2b1521ef1499af,43c3800149630105c1ea852a5e266c37,689
5f5cf549fd454bfa,89b6da32b3acef07406ef41337a16631,3992
b1787ad9d01663e5,c301c288f29698a1c8a433a0b147f7cf,771
412faa190ffbb620,eee5cb203a94ebfa5b8cd661a418eeff,8275
46c6da515ee13dd6,83123998e1bb39910f4254650b9591f8,8519
1fb8b2c1dd7efa7a,0f5e7c4c4ece8ce5412f55bab5448552,1206
a0cf6a477003f24c,aa54fb27f5c965c261eb9f750340470c,1096
1b1eee446d704c2a,21d3204e1a56db48b6c4d891eea5d212,3194
4dbdc8a69b60e027,f802abfb6e01c20da1bddcfd33593c17,7598
f0889ca4a9e758ad,f685ee7a0dfc68698a92d5957b76fcbe,1053
3cae5f1966951b3a,ee567d0e91b0247f5ca6431b5b94357c,574
e25caf7dcf86f931,dd710cfc281151672c2163105bfe40d7,4305
bbc71d015e772940,10fe6f35222d5dd410390429fa49f486,4280
fe768a92e8f8c97a,f5c47c0b253c3322ca61e2839fc229bd,8207
a051c472c3c46da0,dea5e712f6af37fd491bf8105b04fb48,8840
8714a988f531e3d5,d8f6b6d652e1f90e3a21227ef6938682,5024
38b7f4e437bdc36f,e0e2f8948d4065d1a399a34a858747bd,7576
ecc26c08b018b14f,b2c5d2ed6386a7fee0397ec05140fdc1,3367
10ae24871b7758e7,2dbdfe87b37f1ac686916ff3583c06d7,8073
74d6ddf376d49457,19b4c8f15e71faee437b859916fc3236,1033
20c7a9b4a452b5a8,f49e847f2f7345665bc3e8f6330068a6,11392
f9fd5b00bb0d0363,e4b0cf18b94d3ffbaced52495633ec73,8850
41af7dd9336fdd6f,5e6339edb2ec5a88df571cdb59347855,390
9a325976e5f42d13,63cf6050cd58597a795c2278bae5851f,2457
97574897c58e6615,bae293f317cf8afdf8e3ed2164204e40,746
b997fd2557e2e044,b5aafe72f02ec87217559c63dbff4612,9119
a944bbd9d768b9b0,8d7a9cdcd488ab5afcbc6918d1bb710d,765
5a619f3866fdd97e,7089f4048d4b7d754bbb869e41865a24,6715
a9f9f436ab0ce67a,62c2e7cb62b70630255a78304b579d79,744
743fcecdfd70076a,4e9fe724248815f9420f3c57965f86a1,629
09e5c17fd3e59cbc,7323101b93e6c5a86aaa308b305fc2b7,3956
e04444c6bd1f6ec2,41c505fda00a0e86c864f7de7a3becf4,4721
a9c85dfbc4800253,7c807b2ec96c79d3e6dd7ea2a64794b8,684
d297434256d2a126,63872f277a9dfbea2af7ace73a90787e,9141
90e2444597ffa997,c6072afa80de7c9184301c6784634e8c,7692
59bebf4c23e08dce,1337037ac638e1ceed00a7380ca9db7e,1038
f5c77d27a0471cf9,4df5114b1722430802d993d4ed576d13,930
58f04430352f13de,c96a04702a52a94120eff11d8ee72b2e,10235
839fa093d8761c58,68817198fd5c91b163901cab413e5470,778
062ff20384c5821b,92d49e981773100922477af6339cc667,874
3a4c38d05841c4d7,8ccc7973fa2550ee79e93f3b49fe9f59,9417
66c94d595452345d,19fd5fd5660b11a95ab9f4405dbf8c7d,1946
f047538233e87593,5853095d689163d10532f7b67d4a7ac9,8791
a08199221ef83455,b66b027d6a584396fbb22f08d00a3b27,7303
f42e0b9afe1ad1fa,f93b4bc20a63797b544c991bf8e2b9a7,1334
c326aa690b207984,12513231b471bf963216380baa0c81ce,5589
e58e89f23c151ad7,81a8c2b2352783c21aa15e96d7e4bbbc,3467
e4742dd83a7701e7,2aba51b403733b483c89b742135a3cd3,8208
2970acacc56c9b27,8527731cc7d9cba38217a5547054295d,4651
0783096b6e2d524c,d2b72218c2fff457b7d7d8cfa9c40ece,327
06a31726b4e6beda,8659be8a1a680afeff49ac764b2f01ac,5859
446b9897df350d63,add007e25a6f980504f570708795fe41,971
552f46750e75195c,280043ba102436b5023cec06d84664e3,10774
860e78467cd9bdc6,5febc615c8684f21cabb0047b4ce2675,3756
6e87ceaa7a60b9ad,d35ee721e20892729e2b0b91267417dd,5665
78d2f93d5e41b636,6c3bbc865ed94ec209269c0d69017bb0,909
3b538b31fabfe4a2,2cf791c90198ce5bda8f0495a304e9db,790
65da8af580505939,9c7b7bc7fb303ea5756b990c4641c340,3755
505c2381739810ef,530b92f31ac47dd9e4fec543f8a91446,536
eba20329debb8a64,4c8f12def74be947ed704550f66634ea,6025
f3413049f84ff6a4,5d3c1b1c4923201cd60abc7780528fc4,8758
6d0e2bc449d581f7,bcb1f1e87f587d674c10c0e3638fc65c,890
f06a5a46346fb9f6,bafd57dd285d0b8bb88106a001b930d4,999
1e00e21dbdd89c70,2a48d01918a236873aa16fa9eb795af0,1862
4dce59c636b515a8,ffb69788af4b394585e16b28ed0ac1cd,505
0312700ccb19f883,e61dec12d6285dc2654eadc225d57cca,2369
0b000e8df1b4bd90,cd3a9dc1cc60271fb3b9e5ada9061eef,3057
311f0043fa58789c,3599aa5b825577a17c75dbe12e800315,1615
3911c0470ef2e5d4,3e156872db3d39f621c890ffbbc34d00,2348
277cdc0d46b84bc7,5be934b8503de9d12fa9757843ff5db8,2111
f6fef2fbfc25c073,13d68f02bb9ee310883747224f3f3b27,1666
faac67dbff765dc1,ea5ba9859376ad31ef64d9bae0ae4f31,4762
4fba9f28abd0b5e1,211d48c1c67c8a7d74f7d67cde7c295c,1901
bc31f83209afc6d3,637dc24cb64fa2b4b31431bde64aa11e,789
94fe6ac9fad50b32,8492ee5ef93c323d7c96c78c564bb8c3,705
d97dae4b58b02337,6afd7b71ae2134700eef77cb9678c0d1,2764
e3ae81bcb047c6d2,a350b392e30488be574e72b2996b9730,767
72ec7a54b9487f43,e54bcf0accbd8046f6ccd520d133df4a,8297
6bf3c3ed518a9661,62a8eb8adc9775a6de86a224d2ce7501,6040
a798741085190f82,6aae3294966b0c850759837ccda90f40,984
f23beba12e4ce339,68205f9af5968669d9ff7828d43ec69c,13242
5a3078cdbed4f9fb,d6d7ecfadeb4512c1175d0f07b281f7d,4933
ad28d9123881ce89,3da0c4aae5a65e138e12a2f34693c624,5957
7e03af599dda08ef,05e692634a381385cae834f1a2c69e3c,666
6ac021e34456c0fb,18da4316ca6b35837334df686df9d42e,10465
df4f558ae47aecac,ba2820572e95c7c4e6844c7fee2d69b4,838
385746cea8b8ef55,b57415017ff6eab7e389616414f90a6c,4149
5a71ff1560cd9a64,08e3519abd0554b2231e95a2fef82909,9724
048c066ee9caa0b9,618e734d634dfe6ede7d2f3f6a0ff8bd,10214
65415d42b131760a,9e3b2576e7d1c995ac3bdc2d4f667a0d,1265
63b1512f005af87a,6d0d3f5406dbe4c90101b402aad44607,5678
a79dc43410f75fa1,fcdb692a4b727de92739dd4ea04102a3,703
4f2b2ddd88ab05c5,61ef333d96f783d07a0e0db052ea8fd0,772
cac658282c8be5f7,daf649b8abff68e05d037433c1a683de,1518
cd6e25aff6bdafdb,d132038f29f0aa12bd9bf732f6255df1,9306
4cd69f9575c1d0fd,6a6f780bf8b513317e8314a74852de8c,2395
3e9481590a0d3ae9,4b1c576b6b853ce8202f018a71bc6d3b,1596
6da1106841c1570c,1d72e3c5bf14b82cca3649114883f543,4437
19c1c9b5ee512e2a,d61d795ef78b858f04c52fa5561fa989,942
060ba7c7a190a5ba,b85d7230ed178514136ec098b44de740,485
0b2306837bbfe793,e504f0e638bd6f216e17ac9331081a77,10392
c0a1a475d87d204a,bf6cfbcd6a946d05cf2d7a8710f82ff7,6567
739c3890fe2d37d5,da659070097f9a1235c8703283d51e89,8735
1d695546c7f11912,e8e0df5ba6db28fc81e65d019b90f96c,1078
323dd2a311fbf9b2,f08dc8743e7f0add5020c810add1adf7,11340
832123384fe06221,0b1c8c58a378bb42ad281c3648ca9ffb,4071
0c80d7e738f2fd84,b98a6ce34ac790a8de5a9a53a6e1aa25,8215
ee221ed47b5930e4,dd2db020250f59e8a00ca4b06c1c41e6,2153
cd5c92445169799d,94fa9c41fcf039345d563e1d9c32b68f,7402
25c110022a01dafd,e6eac6e37e88380ce5a9abef5d29e1b9,16295
23c393c7fa7ce309,0c59f5924f6f2384a7dbef6252df261a,876
bce09f132d0b35f3,796f2944451255c8f38e5cf67a3e946c,2002
8583bc91184dae0e,f920984299db8228b0eab50d0c01f42e,6682
6f0269ccef974ef0,9c1bf0478198a7b9e2e167b95cb08118,11216
7b33e10179756c34,4c0b39c3e02fa5daf35289a633df8ed1,5760
f2434bba7cc91acf,0630a6268b21632b449a540540b143cc,1503
35581eae0eb5d6e4,98dff76d64c0d5f0da0727f6cd4a07b1,1002
eaecaecc5e176a83,f1c86c00e174674226f2f2201c2c4495,2030
8d8701df5ddeb512,bdd146af7e4a94d508dd29d1b4cc6123,10745
4f54715d8044ec28,1f9d2e0ed17e90c76aa7d67720cb9224,1165
3fbd1f9829a933c9,d05da9e57c4d953f7633f611849298fd,878
f67a2fe131680340,c211574ada858237de8a79ccae1c8889,669
6853e81d07af287a,5f0415ed9c48409953e365a9ff98594a,13087
d8670d7fca1eb406,ed01a7d41f7901f8aebc78be6dbbcfce,5218
b44cb8a4a0bfd741,c2ca9fe5b972f23974bfc8caa1317524,1023
33777fefbcd5b743,75d61e2db486635c09a6137db56cd7d8,926
657932fa69e3a475,b6eb73717fefc69c8b868fa3c0440f54,13387
80426a7057c14952,e9b7eefc443b820eb7d0a7c154f69200,6952
30b8c577feab61ad,7083eda73d97d1bffedf2ee99f8fda9c,751
d040d2d2680fa72d,cb1c1bd0c7d3e6fae4c69bbba8971463,664
91358c836d315f5a,c7cf7d4c93d2001929d8dd163120145c,4581
bc047c4de355bcd7,c42afc0b5295a1624af3631642c77ee8,1211
a6451217e7c3d1c3,5fb75a150ce8969e0da0d92d03aa6d94,8285
4f225ed2cc89f221,3424b60ca3ee0faf12e1a57679a3d154,4751
4e909d75f5b99ebc,58173546d83db04c94efe546ec57c663,4843
302897e506615211,44f0aefbba842a465859d51c063f6dc3,2095
ff75d23a5d3886fe,5eb06d69ec20360354c1546c89e96bea,475
543da811e97e1d72,f2457449bd700a71b3d887a76beb706c,2539
d5c5734ba93800a9,83544b65d005e80a1a9dca097af7ab92,893
f901bbf7db426257,d0900b6492c6d38ba5b3fd10eeac2aa0,6085
15fb12db449991a6,22bf191a383d95cb821fbbb9b508d265,6062
3b1ca18e6bde9f5d,09760d5c72e03336f1d35ec055c3068f,6874
c15e348465178c04,59aa4b1ec82ddc277448f163fad33735,913
995582b3a2808835,8301abb18f1cb5b7151e877b8dab1cbe,642
db09e59b2cf11910,96951617550b5a8072dccf39f7d4ba6d,2135
fe8c9ac4c50ff2a6,304a69b93565750f66b6f0b21001c2fb,2689
4e197515703faa70,34d9cc1f7ac31c79a679dddc745f9a85,593
040fc1656e67dc69,5b43b4983b5627920cf80145c9dcd2f7,1337
c621553a811d3370,2b3e48963af5df8a73ca63ded774967a,7245
e191d85a70058286,0d89229a0e910f1accb3b01db3181fae,791
1375cd16ff516cd2,808738d0b8742b6801ffbbb9e2a83bba,8189
6bf923d7defd6a85,fc9e50fff6bb2e15f8b978e3362fcb80,804
f2c27561c0b1b156,2cf6cf4149364c852de6e04057818d97,10695
f4ed943402da9c78,d2782328efaca8d2af230ad3971deee2,1393
d4d4dc90a3b1e169,0555943adb6dcdc2f8b2c3c5ba20d8db,1099
236f18a30d744867,58932fdc1f67b483e7f8023def655cd7,9448
13398142ba423b98,6fc991652347a9a4cff43f4e0b65b316,1935
e9425765b8ae1fa2,1a42155b8c961b0bc314b2e7d41d2931,3152
eae4ed5abea80b34,32cc411fa154a0fa2dff5da944c85da4,4606
b670d17de63f511b,babb5845a5dce4cf74ee802eac192441,6979
44afb220c61d69ea,b5b7c4349ea0da2f650ca5545eb3a98f,3885
4037e7402093e74a,32f90e30a20f28ea3b214703820447d4,8628
21cc1cf566fa48ee,74359dabe84fb039d6e6520c80ac5c21,4372
e7e1e9e5fc5f6cfe,e941f2ba4944289cd2e5187714962934,1100
f52741f6563b2c16,90bb5dec680269e9608c49200328fa6e,4920
b920fd99d3d6d455,af76a3ec6ae2fb432b2a42f138906378,6733
742f1c4a3979a746,fe6d02b9b42db41d8785dfa8155c24fa,6097
45a9bdc49fa5d577,aee9bcaf38e47ab7c4150fc93a65b01e,14366
84d3ebbcc2839150,db4e429b0de19e1a6393c95fc958cc2a,652
e673239c1a100a48,2e6ab3afc3951565982ef912c7baab51,10132
f3472993aadc1649,47f5dc99f7302cff5876c42f5ba7a454,5001
3eb5d5f47d18ef62,9495bf830eb23eaff72a8fd6b82bd215,1108
6c235e90fcca903b,7f20bca7f4d76cbf9622f305d86612da,8378
b7fd9647010dc364,8779a1f34d73afb1ecb0ed274dc092ba,2766
6db35a4add2c8c92,6290e87b539662287f2de531e1f99adb,814
047d1274ab1f3352,c9f97f7fb5d4eb00444376fc93c9de89,4166
64b5b88116003909,a506a2ddae5cee76aabe69cfaf79865f,1631
1114c4d6188b5190,62ae2658470d6c12d8fda83037a532e2,6470
aaf2310f9c3c5424,4b33a94b600d33e5a8d8a8a45c52b208,8561
8e754886f1a1845f,00f1ac4cffbbe0f2fb4424e6ace836df,7821
b412e638db7a4401,531f3dd558aba23e9c787a2c03a94512,5029
d3c12dcd2c753a72,e3c34ebf79a6d98b6a3ed8c613711bac,520
c7d1d7bede18aba1,5fc4bb62cb24d14078dcd8e3b27010aa,7389
b218a939ad1bc532,a03896097063cea0534c2a4ed7b579d8,1413
e5e1584f8158a120,3fbd9faf66acd21f5d175c99b1481396,2045
011886f24fc32cc1,6b569c45174d39f6eb703659489c5086,2884
26ae6a1835f04c6d,46213f155dcb6cdc2385463e4a9684c9,2011
92fb8d834d22233c,d7339a0e5a06365964300d4ed695a644,1292
b6783c07d4dd8b3d,b79fdf13ae35e42b481249e364ceb693,2278
61886eb7f942a7b2,f13e4abba6ebc6837e4d890514c88680,7720
efc06be4027ed5a4,ebdd25cb0a0ef6e1809ec4f7ae926995,5555
5f31eb86fa1776dc,7c4a51e90e9511b8e04a71c2566e4fd9,5054
a7b64124decc0515,8e0674ebb807ca2a14913a262f8967f7,3071
b0cd699eeb02e107,1556c1791f94e130db65ed3d57878789,4273
5f71314b1cf0f869,06deb3b840d65d841063cdb3bda8c702,7346
0d95438a61a92182,505b5713d6544a7717650aa9b77b3a13,4588
11313078770ccb91,8ba3a8abf5adec6bc6eb514448d2529d,6802
94b36512cf507100,275af0277982a1ae33117dfed5542d48,733
c7a802ef7cf9d8f9,8a1143953e8f7bad2e8ef3af5672f740,780
23bf9de2795b3fa1,5b15ae65e6515ba339e7c310b8632baa,1006
01949f2a1647fa3e,ca9120c3ec6fe1a36ce325c403baac0b,1795
7b2cb315d9fedd62,fe22364483e621a2921b82199778facc,1794
ecdf2cef747462d7,7c8da523d1dcefac9e2ff2fbcf07f358,1529
6feba56b801307c1,e9937129b0205ebcafa96f6f3d3ef307,5095
ed22dbb5fd26f203,149c7e2839f26ee7f2b698c9b5e7d281,631
9c435a3d1e63a834,7151972ea0c5430de93fd6d4cc35fd4b,771
502c074754995712,f2e64a3ed59cb4a4cd9ddbf1dcb8b0a0,8680
c57c6979453f79ef,374532846b8df35e1b6e85758ddcc63e,355075
f538d6ce50216f1c,f1bcaaaaf1e99914c7cbc5b6307e93af,1235
ce5ca4d7677d31b2,3a1e106cd4d67c16991f845800e35a70,2321
985e92a9816635e7,927221ae0465dd8a2ee7052f324d94e2,4289
3ce6600c59a6aff6,a08e9959e22340e46acfc1c6d9fdb025,872
4385fc07041e0bf1,a03bc0d7da4374ca6f0a3f5b1971b5cd,741
106a40eb614b10fd,2b0088220ba2753d7596191ec04cda1a,2242
b3465bff2d881f38,23eda10df28aeb1f7763f53bd4642132,19636
4052cc48b63af190,36049b30f32eb31ea4ac60018dd79840,1204
8fab961c9f806202,21d3204e1a56db48b6c4d891eea5d212,3194
0f936dacb8f584b1,ec6100d0ec099b19c2a64b1b48299eed,755
801eb7bd4a8b4e2b,6f307100c9cafdc3ba12f01757daf639,1446
c5e87dbfd8df756e,f35baa48376f5b62b8dcbf8608dc486c,5967
2d8a511099aeb855,29e51a1e433a8ceb8b2fa824df014f64,2555
ffd5b8e6e51200ec,ba8fe629fa504f9c920dbff061fc2cf9,4793
c91b6182d07dab74,38a3c7566dcf3a44a8361b914e4f9d16,6192
ad46e7c3fcd64f78,068f7a0687a9bf20f88837885a537a53,3999
f029be129359098a,af1018c579fd97a99ac205fc3bd326f4,4359
4a99d695b6e82114,fae0e063441a30e07f2bc6ad1d45af04,1227
196514ed29d6f1f3,9740e837d692187596f7f6a70ada4927,6480
ebc4af459b45f919,77808a1af6b94c5e6871d5c6de1aea22,16045
1fc7cc1b479a5536,af257d4dd02f78aa889a11c812c629a1,7801
86404caf27efc753,9fb092be9b576068e4eb04133f4bc6f6,7786
355c9c90081c2bab,09ccf51ae62712ccd0cdced42084f654,4340
cfa674c1eda1ab9c,43800ff3fab13219bf6613f6b03f3e30,5692
e24b3558ff929d7b,749c8fc2152d231902ee8a1151d0df13,5262
15cc0ff1f280e152,c3cb0962fac15edfa7bed0f470c0da36,7340
47a9938b3cfe6376,8d49313b40a7316d8b93f4f3f6a630ff,7442
d58e1f5aadbfc469,490a577adf8b3a5e7ceef9faa2526a6c,4759
780f13646ee6cbf1,97ba511781d09487befdfeea484b6dcb,5248
180adb985522976a,92c393cfc8b4510ec599e13c3ab280aa,5395
8fcc49022d0cdb46,4296a32ae734638d0e1c8b524ed7ed52,1571
27875c349103910d,c3588f24dd5d001c5987790ce350984d,9689
9de6a0debbc9f440,49f77e5668dee35c94e6ea90b3702cef,1493
d884167a05563d73,b8a3b2714508e6d362b755c9bc871aaa,1320
3e42b22c20cb5ad3,453e536e9512cc591de5dcbdd8fb5669,5988
fefe64096ab37dd4,91c10e60fca1fec743671f03daa8d9ad,7293
a89477b9e9a0c071,aa2c96f692cc4b51c3a422c9c3e7079a,13304
f5fc1341fa5a92db,1b2243d9c4a762416af283f1f07d28c6,7334
8907f091c7a9e528,72aba38db90acdc8554db3a87a5d46ad,749
c37751ded50a4ed1,f1b2d6ba3af857c996d186df977438b0,1545
b28e8ba8b78ac6a9,405e1c294a1adeae814071023d66e24d,944
860c65af3ff30478,3a53685f1397753ea8637a80336ae66d,3744
5fbfc54b2ba25583,ff0a21acc75c91361c78ef727769b767,6248
a9c2a8d5f68f53e6,159b21cace1728184346bf2f1a6c0b34,10753
4f668453abd9927b,f773613b4acb5f0ec76235c8b6f05276,8622
d8ea67cb343d4a80,7e696ae3c680c39ae6e8597dfbb4e6be,10341
e9a8eec749450a4c,bda11c70543348a0ef8af3b54383ba42,1090
576e94cbaf545c3e,df25a9df00abb066070222a288458c05,4973
081c8d8df3b43380,4a64dd56e93944e9d620cf2fb879b0c9,4566
a790266637527366,9ebc6a9f4ff55bf9cded8245888d4326,833
a9d10632a71d1b2d,0f2f6a2b1e3d82a8b3597bf9cc1075ad,936
8b0d66d6f616b793,67ddbbf7e6a599a24fb7a44cec2014c0,401
4d91560a69864230,76e6d449f1debd606109e3d42b7fa4c7,544
ac92624aad501d54,c078802951d4274872455f565a97a1e5,2960
fe46a27a5ee13fed,2f021826e486e88fa2bc5b9647a92335,6657
9565e815cfe87b28,7c4d19da0e0b5b96d5d70e7646c2509f,2043
bb80d8005d0f7e92,000124eb3b4c88f61b591e1262de9621,961
4c83c170f89a6c29,9be89caa50483e1b42b6aa09331980f4,824
3174f9e51b1b89b9,07419b7710cc83a91560793cf9b5f6ef,1211
97ab487fdd2ce97c,47c2e383c373047a642d12f51d52c533,1223
dc7909c2d63ee5d8,47a5dfb08753867e9d5479df5d975b60,8269
903750ee41e084b9,84d81d58036a880f452c2acbc5bfc353,728
e4488a0f44b64d3b,40115347d5f9eced0d1c95625df127bc,485
10b0a301cf85905f,eb064c2e7d2e914eac48433486d336cc,6716
fe2978a390f0d10e,ad3ac0410ad61b1ca4dcff8be87949c2,7143
62f8558dcdb610f5,de38c8029efe6b5a11d62e393a868f22,1240
f01b7526cbe32905,9d4d6c6a8037d7ec5d136b3eb7126773,4951
22d5aecc1c689c0b,8a8c878dbbb79fa40d727b5da656bdde,684
723a0106b72896f2,c04cbc3c9343aa00f80354653132e55c,6919
0a8b4351491bedf0,144667f478d85adfd652af855d29d4ed,4928
6ebfadb3e73baebb,42ec0e0215502f5ef573b031364c1450,5550
f1da5f0c8673da3f,21d3204e1a56db48b6c4d891eea5d212,3194
4a097ff91bc3c58f,12604a3599cecbf681499b42dbf600fc,711
e1dda67a087d67cc,5838440d3e8f0a5215eff9f8366c4f02,737
1f6e48986d744e05,a230da296b16fcf58bd25a1df793156c,26216
f014990e4dd23d4d,2b6f32b0e1b07015ce5c174c483259de,7746
707f5d0c7ee2207e,67218db834f4f1a9c80f370cd6880c92,1572
b013fe1d390dba97,5d3ce3cb28bf3c2672cba07624f98933,7940
f06ea372962511ef,7c3c2a9da8ce6e01fb5878c99b2ccc78,3390
ee0ceeae7908f93f,b9c624437aef98a3ddd616df10a2909d,1017
71f77ae2571f5335,be330c80e52d25a0c2471162fd1e752c,5081
8c7602baa35ab906,149664a761acdbfa5b3c8a0d35e885f3,622
49438b4b458368a2,8586c71e70f2bdaa41e4c8a9201e8e09,5260
4a95f6ea6cc9b73f,c302500986e4c1339876425fcb2cdd5e,9222
11629f725e3a9412,6293569d995fcfc7169f3181bbb11752,5845
db3ab073f395d1b8,1b8f00b784685fb05f14425b9bdeca3f,451
0d0d89733269d9b3,0318152eaa5d7411f05854833d9bb3ae,781
5cae4ba2f0a2ca7e,8933dfc2a60631a514019f25c685c870,2138
2c564e63c49fb72b,926bbfaa5cdd82caaf0890e48c6e177a,3796
015a86560593d8ce,a99194d1b4d6cc6b03408b077a987788,610
191e657de581ce19,d0fbd8f019bfe510e305b94d6ec37e9d,9455
7a8452dec64950d9,fc22c224251113ec9aca3c85422795a9,11059
11048dee0ebc5de3,cb68620a500ff10e350ba9f664048736,1104
4c967bbc28315fe4,89a2faff064086b09914c9ddec7bbbfb,479
57e498bdf71ef4cc,1aac05c2795fccd1a3ef5ec5edbe2c61,1135
39ddaa1c9e0ddc7a,396b5d30a2b6c7d7a9cb77490a185ab8,12811
c4f7bfbbbacbc714,b52b13ae0f93fd607e0c15eda1b8000f,2219
4d17514ca17dbf4f,97cc3aa4a2a2813959357f170086a4b7,5789
aadbdc47131eee9d,876282b95302206525c3dd564cafcdd5,14826
be9af6a674737f25,e13188a4a25d90790629b8ea3a16e984,4743
ec9b4d40e6323753,e72eda584a15c36f54db26a62803c7f0,8106
5735c53e7b5fc791,7980f4fd428ee70c99d0de55d4c93720,7944
8c60469bda67964c,9138cbead2c09743dd36c4e2f309bf80,500000
677721d8a8a40697,e39db080e03a533b7cd7398906d78fca,873
2bbd69cdadce19b0,2ad7c618130093cfa4270878a5431619,10162
3c277f2f2b482fc2,c62bf5a622564a810b076461c6742e12,866
abc49601bcb96831,634e709f9d0ab091eaac4ac49014b666,10151
be3128641907a507,87393b3e7a4b95f2918307462d7de6b0,746
4d1e15773c49333c,79783be940b873c6a65318154a073b53,5518
b76a8bb81f1cf4f8,f41c2155fb19a0958176fccff6e63d77,2255
58eb9c253de6a034,f41fc702cd0d22f8740cd961f18b85bb,500000
54175ed055af4043,5c3e81f1cdce5a063072e96b2e2bc028,895
479795ea842dbe32,3a412393c7a70f9fa12795a289e5bf68,12082
7e924201906cb12b,5fb98b7302054bf672a0225c8375a73c,4093
04cd4b38b238806a,619d9046e28da0d5bc025d8a626a53ca,4216
b1f4c982a455cac0,33d73f9d1e40c7a22e7f72cd715c82bc,8701
98097508ad400f6d,dbd1584869d87a1ff240fd2a47cf5360,2396
1600ab015107f2e0,41579c0e17d2e0523ed8aeb5f6ea2b0f,664
d0ede095be211e72,0023953eada248e962aa29aec11fc9e7,9110
f5b67e1a607065c5,bcda1f147f612d177a86c1b9dcda6685,7283
c6f253c2fa607ff1,d15c32fc2efa8c57afef345f1e168fdb,7841
9a38fb481ca65e11,6b7ba0eb11aa9a1080f27f041934725a,656
6c0d31a3ed8c1d4b,b21cf0b9a72a4b51eccd6876d48267f1,2471
7be07793a4b836d2,e4722dfb6f062c08cf4885b31686fcd8,7114
5efe9b6012a4ffbe,2b1b99e891ca513e76b025468b6768dc,6876
f2d781935bb57f41,5d6665f784486bf5ff0ac6c10cf5d0ef,215
893dbfffb0df4393,d6640c7ea7582ebbe6d89838f2cd70fd,559
c7a3a64fe2d774fe,3494ac9f2aade466c9f86d63507635f8,7221
e70b59b8c85c5ee7,ece6d19a1d09e4db562bc59a9039e8cc,6075
7363b0b5b7280d9f,d23e98d9ebedffcfba2a83c35275ded0,6824
69b0ed1ad4328144,dfa1fe167068d2d4b43fc8a3baa5f44f,7928
dd98ea93f43ae53f,072d3e3a16bb89496455ef4f251bb721,8229
60e8441388e0e87d,591ececfb4ab580edd7368fd4c472d47,3664
ece7bedd842f1f2f,05a2bbdd22147d30cec2ee9ad15ec811,8058
f75de42d84372af0,85acc1b963bedca130e1771656c81431,1581
32862ef5f331c580,bd6414bf2d8a927e37163cdd20b00f1e,645
bf38d17962a2baf5,d4b91289aad37367bfc718d7f37fcec6,540
8d10ad37f3104eaf,43952f3538c3f1a1a1a818ae5a04fac1,854
7cebac2c36de3369,427d70f2a44d1a1dd4ab18a705cd352a,4941
b564d22a435e2504,b946ec869dd51172433539460fff39c0,5718
f3a35cba1232c574,166847c76b1b7516a3b71f0bd5b0f286,408
0a40b7dfef7c46fa,63c481c41f7ae70a8565371c5b769cc3,1204
f8233477403820a9,a3756728fa9efc4fae65b30e402a7b1b,450
e6230ff83fa56fc0,7e2ed9c95907a51f09413c17ff009c71,512
a656d66021e23adf,74027cdc7f5317b0cd278bcf1f6f9faf,1948
7cdb8245b9152085,7623b84b079673ccac6767736ee51b81,4588
88fb47b2950280fb,57f02ac2dacfb1b8688961ee9c91e23e,837
fb30a57186d06596,329542d22cfa7ca6b21fd2cfbc25f2f5,5342
12d239a7cbb7ac41,c56c9a783d516b541ecd018997b9c974,692
7089a34bf67ec31c,9009d4f86222351b315cb5bb658897cc,9985
3e654f2f9b5eed7e,d2adb13b5cc8353ba5415df7c43d23eb,6058
00c23d61e4d80662,2b89c8280b6df4f55a11e295612f917c,733
a8e8548ed4434fb9,efc90ec6b367726cc5924562397292fc,1296
673a8e3a159f1131,77e6e3df52e6d71eb4243070f14e663b,5330
afaa6c7e0c46cdfa,672ace0b643e29d940dd76c694e391b0,8027
ab891296ac2686e6,759a1352d270034cb006957795006fb0,5427
4ac20cc0838eb2e4,e90c0d067f84c2873f6ac20688156157,8360
60aa7c89134995de,6207eb62752ae98365bca9196b0bd077,3999
318001f853c5af2c,fb0fad221fb90742175f562c6e68ab55,2795
8a77488568bc1c20,8f088d0ca8be711d8f291886bb86423b,2589
d722cad355d70eae,c83bfafc173755105afa594f63de92e3,7758
43f91edc52a54167,4676633298a1b71fdfd9e2901f7cecea,902
d7db9c6dce632a62,900e8d1e68f89dafb7962a81284565ef,5160
efdfb6b503bb4d5d,09ae09b044ffb9876cc9f71836f905ad,3452
242cfb461139b25e,83f67dd66455699b32a795528145c717,1772
4d010adbc0b01d01,3bf79779c7d223fcac845e97e27f0ae2,362756
cc3607c6d03a4b6a,28bb8bbb0a66be58bfc18c261f8fd21e,2225
6700c294440c1d6d,5f296d035136a6e31cbd6b4807718b50,3107
8ebecab8b6cb1df4,98e5d0171f5ad1edd11a9a077af0bd76,1789
d7a07b7be183b6ed,55dc7e5931b4f85bd6f2f7aac456e32d,6143
6e884b0dd80cc345,68794f988d02c85d38735aa0d7603d03,1561
fda4a9397d17f989,065bba1af9c32cbe79e9796446d05cc5,7133
d49e39923a07b8a9,32e2077e068409f838441cbae03df09c,2450
a7a0e42a17b2f8d6,a7ba4d89b484ff48492c409a4b146aac,778
e1191aef15081113,8d0ec0eda1693134ab6f2d4377292558,8730
0d560cbddb9c90f3,f3e83f81eb7b8e7563c1d046a83f8722,983
986251a425970fd3,191a11ccb619f650f3518978b1c9a5ef,5891
f504e4bd46e96f52,07df4a4d878bb93f5e0ce9b2b7a5f71b,4997
60ccd8ab9b3606d5,e4d61e2ea6d45f47072f30cf59c03568,898
fca38c253e56ef21,3fccfa6e6991ba15c362c97c1ae8233c,3302
c3c5f8c8ca02b9f7,f6da1c08bf1e2f9b6bb6ec9bbc4a7ce3,7822
fba944b7ae78b6aa,9bf77cc11e97f9a4c827aabea80b128f,1039
f9d2581d2d02765d,4a9d0d9e97f6e4d115f8605a97a4ef78,10597
f65e3e7ef21d0396,05e6bf7633043570d68cc4492b3b10d9,6456
26fad2d356877b1b,e28603a3dd0d9ca28b1058e025d9281d,1228
adbb02cb3581d26a,69856aa5a63723bac619099ab4255977,1344
ebeda9bebaccf72b,b7ade928c43a7e7c445cbf3f39cb41da,4065
c88034e6caa8291d,5431c97152f15613f8ef890e393e72ca,5383
5dafb23261d1b7e9,1eb7dc88be53b80eadbe3196e717c177,26875
2b69ad8c7d9b7f02,28d5bd9ead159bb920e430cc923f4f27,1157
1badbd9aa14e55fa,ed224b383a3abcaec2437bd18d8cecce,4071
58066042c064771d,2988e9dba23c86fd7929be45597e56a9,5491
49e12e0a35e348ee,bad94be8f0041c68e476e9c1fd53cb6d,706
be5a5fea2e0d1686,59a684468bb44b9d64d20b3c05db81e6,5407
63887136f7e0103d,2ee92c6ed84139c3680679e2be4f4765,3995
d47b4cdcf92e9e56,b557f1fc23107c4d8ff6d9ee0d3d40f8,5217
af0bedb206a4c589,5a4e7046b0bf342a44097355e0287f0b,6995
fca3a97850d0f13f,2214b8ad7dc05572baa8ed1c09d63b44,1180
dec8180aef385431,5c61f79c176112124165ee31dbfc1ffb,10449
48f11d9f4a40e21f,6339974e60ed9044ac33f3c470fed911,656
43ee56edc0e5d063,825398726e0d64198f799b8df50d4942,763
68016b7e20efa9ea,15bf0a860438a197dc0e84cfeb340519,6540
a32cbf04adde2395,3e0186104475d2dffa1f3206c9a84b58,6722
a38f1ffc499cd25c,c1bb0f63bd4b718cb97a9b83788c5532,5637
9bcf46b1a82c2170,864a7b672fcb05a1e2a1b249ac68cebb,11775
81efd6677bdc6359,0fc9bb6dcc27aee32cf884d09964fbfe,807
0737974dd1b4cff7,c686f76234b4a7abd8702326169c7a2e,1145
23a1357d151d711c,2a1d7e442176d4514d9f37600ec549d1,8314
5366142caa2e0392,56276f2bc67daac0deec07d53af64fbf,734
cf0f77464968ed72,f635173ddca7d5fa6cf18ce4c4a45bd4,1014
7f86f5eea633d0bd,49162cf97006e60ecb489791c54e747c,7379
6ce51edccd2ec7d4,826c319d6b6b4395da2bfbad2b1970cc,21342
7c39c72cf0f85bd4,9b26ff80c4d7885efd24ea558f4dfec9,960
afe5a3d2eb3dcc12,62ce2d5378b8a3786a7564d3151533e3,2147
d467d8b1f2c908f2,9bc0be842ea35021921e4027a10d1984,3683
577ce851af81366e,398bfa1f17e0e4ca7bd31426f266db37,4749
13e4725a1e10539e,cb3635841a5dba2d34bba6124293cea2,1174
3cb854535d0b3ccb,d5c8cfb6a6ec6ec5db6392c2a1576065,1007
f479a4b005311421,19c6ff830e88619675bd4ea827d05776,19560
b9e5edd06e0a423b,badec63c6c5c03f274389919e6301935,9319
16e6f1226408cce0,f33f232710abf9dfda68c2ee96ca60c7,1098
370799a7569d6ec9,59bcde4207dc2c508f25dd9a8e12f35f,4320
8769b3fcb3a542fe,1016d88756169748bf49213a2ccc0905,6692
08ce48f55a251139,ceb5241b6da79a8cbd78cc5ce14036db,1134
7df7ffc284403c25,ad3a88f7ec7fd69f574594196474b05a,5964
4ed5061d8be7368d,a743308f96bdfe36cd400ac6546305ef,354
ec20b6f23fe6eabe,42dafb04b66061b2902ad5042f10658b,299
ddcd784d93611553,05acbd7fddd61824cc6e3d0f76e70907,778
aaa634228bd5eb80,f6bfa345352676d84e76e268e2a0fdf4,2669
92c3022acd84121c,cc895a7b37cf37ad5a88cc2c0c7aad01,843
13ff7e36c4a443dd,6e965283e6af53cc7923134d8143b30a,4702
82d63a066eecd265,8c469d7f4ba5fb1ab0581599d42259d8,1774
e0d522d490bb08c3,8840fc7b4cf6d873c24a1dfc4f494964,1278
fdc99bccc11b250d,33dd7806f63adea693ee848f5104dcac,8234
f862a9a6ebc4c716,77ec031215f147464bbe5ba16bd91a8e,6132
a193949c3a6cd6a5,30b04a8d11e2a0d8899a7e6327e79dab,1547
1607dad0fb931749,58c6ab800b81899e0cfe2b1edac23ab8,5343
3f9c5609a3f542f5,b403d89af6962737b30cbb52e9ca863b,5199
1385e87276a58770,911b54fcc4019003a3b1a940f22a8294,7335
4a958670ec252506,dc2acacda5fe49f8d244cf0f86467fe7,1763
62e9607f2d40acec,2d0909a46247a5e0d9e4a5d1541998f6,862
373c356ab67e785a,a155deb9cff554cc5e58b7cc33761a28,2107
81855bbad26fe874,b4351864b21178966685219e7cbc283b,10400
e07b730699051864,1383bfd32d2ddd2c12f25aa8ec9eae72,517
8e783cd2e5434d11,f9612debcc5102fbeb493fd311e56e71,844
ac58328d9abdd682,9faeb850b646e350b1a6140d402107fd,503
97c263dc4aab6ee4,9c1197fe11cab5035040127f884137bd,3608
bef3f7e144452645,0d1acdb9d66214334cad9ca456c4f755,943
199230963bf5af98,9b796ad46a1456e59054dfedfe371ea6,2090
076de1cc890c2442,fc18e43fce7e6c6438d153b9d47faeeb,989
cbb3751fab54fd50,6bd431989c1ef75ecca5df784c4ece0a,852
24b16eddf4aff3b8,8df3c91760c73181f730604750fe471a,10123
5aeae75586723842,5930546b35f252d85f93a2d4dde5cd54,1317
adb103fc18a9b8cd,f8b006e945a64cd1a4478ac706771ca9,3830
b63ba768a42a70ce,3f26003576d6eedd89a883c47ea8891c,6062
509019a8ade88bfd,c485f21e7b5e493f8a1d9dd4b3ca60d1,4251
767be4bed3cfe5cf,663b04b36651ce92de03999bdfb8468c,398
e3d24aa6ab8203dd,77a9feeb8734b6cb325ace1b1dc9a340,3256
d7014777ab7f4a8a,9952e8ec4e96d92a368759a9066e4ff5,5877
a08cd46cec5665e9,4c2918023a309833e18cf486a1c4407b,1164
64256df9cdd71df9,d556563e630a09ddbd44e293ae6816d0,4405
2446e648c8350ca3,fdab250ab94342ff363a195b14222072,7837
2322e5189e78abba,f9dfeb9b234dc48a6dd4c2e03facf554,15946
fab2055d50d0f2b2,d31a552efc44fcb1fc9fd51fdf6b4708,9950
bf366cc9c0425e3d,73a6d9e602761f5fa1813f05676f2a1b,672
88133e782749a880,6b37faf6bc176789cb01a0227cc178e5,4631
d0b30eb09a1bab7f,08767022e6ea6df1f149c35ef9cdfeb9,1943
0525bd769ac44b44,6f99526c354263eef2f96802485e2ff6,5386
c54602d619a48f64,d15a95d1ec9cdb57d26b0f1865443a6a,2353
c8fa600bb5ea6b55,329db5984992c136c8cc58ce8963177f,3233
0b542f1a484a8a72,bb1e55f1d31158012197e1e297cbe2a5,6322
d70b6356229ce914,0f1362124d2b99ecc6b0a490b331544d,1102
26e54dd44f12df06,947a193b744ac34cd5728459950d5be5,6519
a17efa44413ab92d,fa8a3e5aa4c7da7daad5f6130cb8786d,3242
c5029285a35330b0,340de9eadfea5a4fc8874c9a1a800314,668
dc2d0c610a7753a4,5714f6aad677a47d43d2e6cadf004015,8525
7d6772f61cddd048,c15dec19972ce79f4c1eb225c6572596,474
cf7bdadbdad3c619,7cc2f403f72abd15a64cf4bbeeb6e341,2036
8c18ab6c74d82995,3eb997b61e286f48f199a7395c1eae32,1012
cefdaf1106124ab1,beee57947b3ad6a5d82c4cb0d9b62007,1286
585bf4ccbd89ce40,d13c27540c34a4f9acd76bf0f7d2adf3,17659
14e35bb77e3c0c39,23fd2db413ede9df9aa9decad8e53629,4523
08c50c20c66bba15,96b0fbae827f401f7aedb2d81ec302ea,6370
f0c06caf1f8e8782,90e2c8815c3b30587f4134f3048e18bc,15145
945eddc583707724,98a36fea39036e24d96a7759a025db13,493
22e20bbb17bb9a6b,21d3204e1a56db48b6c4d891eea5d212,3194
ef802328b045c143,764e04b6661d1c863dfc6f1ff7563dbc,804
ec74ad78abb67457,0005e698aca48893922ef5810d5e0333,6739
66339f0a31b89d20,da606feee7506b88229373138a8fba40,1059
33d7f82dcc4aeaf3,62377a0c81a569b6a8786ad7ddfd74da,16054
7d1868c425e8c7df,df97c519f0c9705ec1a1367c4977481f,14356
ea2c5e66ce1f1b61,af8a19f3c179c5befae004dce444dd26,1415
90423ff237cfd275,151e0c4659ac574efa9bf75ec9f2b977,5773
826fb06643ba9ea2,76b764df1b8bd835bfcf3ddad2d92e58,1004
992ba9c010c29668,88cf128d98390528bd387ae7a1125cb8,7337
78a09144d3c3bfa1,b25bcbe58cdb4e3ff0d84cad1e4a12a1,778
39ac2c91588948b7,e7b0bf687e1e28c8bd80fff4a985e5f8,691
8bb9b62a97e09e83,17c140f0ad48c34dd75e5af9997d341c,346
a0fb9fb61ea44cc9,1b7ec8af073f82f856422379f8389039,2243
22c1c7c22ee21698,ef9ddc9fbd87fe5b52cf5b6239353e33,576
f4ecd9699c8afd6d,ba225240f205ebb4d30a1f2ba3f564b1,721
bcc8722669ee976d,03bef6dfd75ef043f748a9ef9fa40a4a,866
bb3d03ce97a5849a,cbb09fa94b1ab2ef330af38ef95e16a2,3320
c03ea53c1b770e85,0441ac91d6dd25f125e10f1c337f85ad,832
1d2ebd68509057a0,db3260a9fedb9f2d43de00ed93eace6b,3402
3af00ba019276fb1,0d0f784b2f458afe425b4a45f00e9914,2883
4cc6a0db92c1f7e3,aa83351180553872b4542098d0d2deca,1467
b151b38a6935c24a,0c00d17a632936df536f9d5159568f0d,1380
9c7004e9279393f3,edf6cd9d6f5dcaf57a40fc7120517811,1092
02067d71098bedaa,24d3fc5bec5fc834217b953a76380677,4409
bfa7df42ab549b8d,015a2130fefff6bd8bfa608853e4c35a,903
e16e053d87982487,3ad696ea8b555582634beaf73ac2121e,1552
849bd535a02de3ea,3532fdcae4757e0659f14f023769e486,4456
91d3faf8d19b7343,20368b40ed53426e74b75185619c6ff5,5972
c7d3003b32f7ee1c,f674c9becbd1794074c5f87bef5a49c9,3263
f846c8f25a06a253,4ee63bfc7da4734351a558acd377f9db,2720
dfd177f7c16df520,efc2350fdb95d0e6834f34bad5096065,5987
8c0e87bd8fe9c8ec,7e80d33dad29e5f6c9fbd6ac8b68c948,3647
9df597b1d8db9538,2bc1ba59f62b6c6ca783668832ec541b,4565
99f8c1ae5cc5b4fb,fc792397e305b590ec34a724f6ed6e6b,6561
f3e18a0dda414b56,ca56b43e732b3c82aef457bc356f40de,7635
a29c7bbc652f4b93,869f01329e10edc53d76eabfb86b5989,7253
3ef2b9921d15dde7,a3df4ded0eebaa2c1d5fccc4e26c8f5c,763
9fe863d7a3fa2e60,98df94e014a8a4be99ab37893afb4c61,6865
7ec9b943aaacd5ac,00cdcda7539728e149b5f06d7d03500c,4074
c6a36986b2d09036,8a0a41ef016c5a3dbb3927e483a83fbc,739
08df59674f348c50,19ce48a81b6597e9db3a27e5bd2c4841,4139
ccdcb6187bff3b6a,436a1fe2daef84bb32124803ed4cf343,5514
e0369369ba05099b,6e83b4dad78094bbd1048d997d978444,516
f58ad5d7eef7242d,10809b56a2032c49863a3b045e686146,5932
bd266e2f252d9537,a38efd3402e165f337c03bcf212186b3,1472
618ec4a1f0301244,4bc81b2ba1a6be88e2cfbe23276db1bc,6914
87680b5fedaaf1c0,7a8740d1ad03ef2863ac5f7fcdab3d08,1535
587c689490e73afd,1942075b4ad311da409039e34d2abb8e,746
a7627d75a4986643,7492f3e3b7a22e79401347b02c21e946,7707
d746d05692e0d95d,0af6c0840d49d8bf863de001d5a7064a,9497
54c67929888880f3,98cf08cc6a6d276142d802d0ce73c1be,925
2ef360e8d66ce2be,738ab5bf6f954958088ae18293f088c1,7238
8d2ea7b4693918d8,aea1825ea02badcd1fa0e5af1a14122a,609
b514c9faaeb6a65c,6a0ba4db85b9917bb8ded01e4bda4ece,1251
9c6b62adda7f02fe,7f1bb5d594e2dd726b183477de21762e,5418
75df65a1545aad0e,65f0479bda6b0f62c6d5a2e6d020e4cb,5377
5dc0caee2d91a415,811dadc721917c2dd102236d22f9e161,6914
d946effe3e8b7773,9d70d08ce97e99000f994d085a4c7573,1884
2436254452a219c0,728ada31954c84dff85b49237e729839,10843
03c6b9060c85dd8d,4982a83d55b74268217b8e75b95e8cba,3711
b3ca004d23939165,4343900be4283e046f913db72e3315d8,5031
70585ddb542d1e40,edd7ae6cd8640ee52eb45735cefe37cc,5315
ae875518aa646110,1c903b755b445bba9219761068ac0a5e,2723
ddc83546f7eca89f,2b37845850df7019638dcba878f08be9,6526
dfaf182e9a5a7f97,887b7a34e098697045e0e5ce86ed379e,7494
8f15b9e80114d94d,a635754c8c0b65e302cd714b249ade76,1357
8d92b879b28a8962,74a192b390e7b3b3b5dedd161e8a908c,1986
57572f298016d1e8,57b36190d295af8eb00372727307563c,6529
dabb80538f76b574,323f8c7ebd1d9dc160a15c6f021d06b2,3573
d43062201066bd66,f74c686b35de5ce63612aa04a7192dc6,4675
d387f018e82c1d0c,61e56cf6f7846ad8897327f182a2f9b8,3512
6513fb023bd89634,ecbf09099a96e1c3aa243a88abce1fd0,927
c6209f16f5966a27,75f90da4515159532360176b2b48c341,8444
aaf1975018a396cf,904218d15ec4696ec1f088af0b15c625,1827
7a575840988f02c4,21eea0e028931faff1c4354ea542ae47,2839
b83a00c5bd383b44,c425e2ea32052c1b5e8f4a4e6ea43b02,3254
f8e4b47552481359,d76962d7043ebc517b653ee38cb13330,1718
589a7854a53cf436,257172408a3d2dd3dfde52b3c6d74ed8,1340
d8ef85088476d227,838f4e5ec40988f556990432280424bf,927
5ebe559eb743265f,125936af0ae6f3ce91b35514acecaf9a,3130
0bb8884c69431b8b,2047a5f4baeddee51a0232c524014147,425
715628205cebc36b,8adea49f3cbe6c5aeb9b8298f634ddae,1933
09fb6f8284a84940,121b4541e36487f9cfd3b4fb2bf7b63a,5158
be48244be64616fd,262f58bbfbb06c316a6a7ad75573be5f,7653
2fb359ea42dc79e9,f8a2cc2105485ac1c8c6f4f46aeb2638,9394
dabec1e562e5014f,dcaa6e08e3ff8fee69053333be70e379,1145
8f271181adafd666,419da8e2d2559c395c5b6979774b0d1d,716
4ecdf1fdc5936b23,9b9c095e70e64fc104c3e3bf4cfb5f3f,3510
bf2ed8ef5dbd6f4d,6b1cda813b33513362a3b2aa3aa74611,783
88adcdef57d42048,1d2be878d567955c70987d3eb6c75da3,1251
769d0ab384bc663f,d73dff6d65564fe62ada76e69b847647,7263
a1e5d1b2ab542e05,435fe222e7f5a36c547aa1d539c44c25,2067
4c4689931a731ab2,75fedffd3a9ac4b73127da5b6a4d1c9c,2147
d6b2386ffb1c7bb8,04e0406a0a3847a5ff154c674edea387,8269
0c07929a70bde650,04a9615041872eebced184065f2b5a96,6796
b35852a16cbf4c97,2673050c45bbc5c202048d58c3721849,7031
5b02a53af972b517,1b55e329ae9493cc0e48c430a5bdc08c,869
16c7a4b39cb0b496,a486b980427a35a30782ef062b64e9a1,9577
4619afa505839c18,c8925c1c10f024d36d7c19aef2ce8846,3074
acf6a48ea1aa1486,739fef9fc248e24b7467ae8647e50399,6351
c79cca69c2eb7e26,39afd5cf0a696f1187665d26b1ed65b1,3098
5430988e54a0f96c,b7e4a4a21318786afc25cc6964974637,4585
962ab9a126ea1776,79c7e6eae004f493e83e636a7622a3ab,1048
e0df7ca7c25db15b,b848e6f9e77e79158ddfde6485d3780b,3867
76e78f569c5e1ac3,29afb97c31b2fcd6c596bf921683f8d8,5645
590c16634933cf93,5872f74e4613030414ea797f9d887ca3,626
4e6555f962e10900,4bb2a25ebe5303d214e167c3a5864f7a,5072
ceb1c71186dae016,a7a214087f0043dc63ad9b96687229ba,16935
0f9677ce603079e7,dee7658e58f7ceef6bb01c55eb27e862,727
5f9b8a4229fab1e6,a2793cd0b2e6e8df9955a350bf095f0e,5708
f908f3af82383cc9,9ecae55fa2c2eb732c339b0c35cc0bb7,6873
e881f3adf36a38a3,27c47c807546beff50c5f1c1e6d43e71,2587
cdfebc96f6f01a66,c7c4e70f6b3fba164ecbca9a0770493d,1133
ae6a5ba94816a634,64423045cb176db1df135d36e4c35f18,4096
b019bfb8054260ff,157bff13a0de415807819fc0aa86933c,7260
be8bf655c314baf9,96e81d633807c5d4bf2e16de4f486e84,2978
1876dccadb538b7d,38f3e231433bde352f9a7c2239b19c52,2274
766aa41d1ca22276,71b9ae8b7426839b60d18d60944d04eb,9332
3599e49f4e485a98,ddc099cf3e5f46ebdc1bc86169fe34ec,4183
da186e01bd530ac6,1d1ffbafecc7e77e3275d6a6e95d41b7,5746
3e294536dcf925d6,728c28b77a20acbb1d41df322e7b251f,7215
c28d369c86dd76f6,babd3fa77548000402ec86c97a49197d,831
62b83a53b2e24839,c213a29bd67d7db0c76f9183414a1106,840
09ce38b0073d872c,617ba37c124876c8febbafdfc5873db7,3936
929623b54226cdd1,0202f6c9bd47c51476d25c62db722a75,6749
dd802af4e19319cf,8ffbfd32ab81c3cb19d8417088581728,4858
3be5f4bee156965a,573da8581dab95f568843f8a9f31e4b6,966
1e9a9636fa6e16cd,0d8a58d901e7897e8628819d15d4c900,8859
65e8fb7db7254ea4,29ac6b15cb45f712904776e96f141428,5524
ed17b54e2352763c,b057524571ff5b4ab46a5822d64c6556,1140
b9debb69fbd21609,325542c7956ead8c818e0fe741516557,5805
375f4dcabe6508c4,feb99aeb7a2be5f3e72409b5c48b9cca,500000
5d61f00f9d8514a0,d3e68f00af495408197dee6b92c94aff,7291
5dbe8b808044d9b9,e9c249da9167ec40a7e676298b7bed15,659
f73eb2b8cc5bf0bb,f7467464e456056bccf2157dbe82ea5f,709
20528ccd5730bd0e,dd9f5a5a80b10932e98409d19f194a1f,788
2c6185e6dd2ebf1c,d3f4e96ba4f0de0aef7dd352f42dc961,1420
bc9f946eb618bd42,9e1cc5bbb22769437cc5579c47944c46,3477
80000a4dbd533d6e,8faa1fbe0529a553791421d216a7ea13,483
a5b135beb788f601,8c3af90af86ecaf8e0dd7a5157c11342,3435
43a7ec8c6844dd68,7322ea386317a287d780126eba52eb2a,7331
a402d9d377629d6c,5b7053197028ec93ee36a7e64dd98147,6280
0c81ac9c26ff50ca,7707825edef874a9b18507a013465970,8845
92358e8c31ee93d6,cbbea091836a85f1e5f2339769d84766,908
7e31e9b2016a5149,dbeb07628378244086d9a03d27f083f8,5075
6bb2067c57bafa64,4b85cbbfe1dc7ddf71a78f7fc4dbc9e6,1336
b06fb82b4f096c7e,86d4e5cf7861659223121c28bba6c214,500000
af9313e06a4392ec,321af56e2a446867dd02a8df0d443c43,587
f2ed6e33fe8bafd8,6319c23dc269ad23aa4e21e378fd4305,3359
ec60d82b318f7d0f,5deb0e47c390dc1d97413e5f853a0b49,7618
ee6d95fe078edb7d,830d45bb1e5eeadfcb0d4ec185ebc9df,3581
6b4573659a62047f,af80e88582250a8052de86c6f7247eea,880
c8f97bb99330b88c,78299e6288d3154c5c13bc98464cc20e,2030
14424f6e82bdd509,c4fe7ad0d790699988fd8e60d2cd14de,2071
a3931cba4ff1009c,f924362817ae8618d51b734370bac51b,20489
f0b9ce188068d4d2,20af80866d9f3283abef539f45fd2e79,1040
bd194e9ce5aee3ba,dbe0d6374383f6d6010dbdd1ab85a53b,819
48cd94259859c2e1,56436a6d0a02134c62f5ad2a28aa42ff,5464
29c547cec91e319e,23799a901b499f59646e1cad220ecf47,5132
25a6e8a0387df1d1,ff15ae39fed7b9c859a385144835fec9,676
1f5974cafb91ac5f,09d3982c2445d806dd91782a4559953b,673
7094287a1f0c9150,33adb4480e547e6cda7b588807193194,6342
5fd5a6e9e5874118,0888a51d1b07e5a96293cbc40c1451be,1289
28a68d6208f10874,11607651d4d5bbcd0018b3b0cd9655ec,4820
7c8e3c03d4179338,8ffc1b9d96cb467cacb6f46ed82761d2,8086
072d10fdd4f0d7dd,605615178e7eec69fa9a42306c95c989,3058
9589f4c6159fdc79,e9d10e9dedd357adb7930182dd584f10,2554
e911c33b9b06f370,d53126711c65926cbaa0b773580be44a,3070
197ccea99612be2c,78945e46aca443908af414b8e74bb160,5978
0b5976b07ef0c91d,46108604f01a456d72e8b1a4fddf82b8,2880
28d76e7a55868b6f,241724c44a7eaebfecf79c1dea1563c7,5561
79df76e702e36fe2,4bdd882b82d48bf510b7fffd60eee719,7080
450218f5f7d738b6,e9d56612bf945bf655a7a697ef08815c,4569
11906705b6bdb091,ae0ffed779f78469150fc198b992d553,471
1bd92b2c55f9b9ae,bddd0b64c008854b3a992afaf79b44f4,698
1556cd4ed7e262c6,50ab9db20e1da48eacf55f217248a820,1047
4ba7bda8e35147a2,b699ed0cc822e8c7ec99de7f91ad848f,5416
a77ebc9cf14ce64d,0561572b29268f08c54cccf09ca7d51f,445
01bce976e77e8a3c,3020d9b9056a3c88a5efda605484c5d0,1109
e0be4aeaf2f62abe,987cdcdb055923e84cb680bc3647eea8,6003
e42272c68ab08c0b,bfbee166448433d877769ab06401d658,1380
f8cf5917a8b2373a,a7a1ace726c07d14febc396df8b7f947,6773
5606857dbd6b838b,38ba7f48a02ae46df083db2206239590,609
9aad4ddad9b31cf3,0be123d67588af5cbae8d9a920414b9b,996
61eb085ec49a93a2,f046f2d27b1e632d5617aa9c9c65035b,1466
4f7fa970e9465e0d,f7180dd9187edb3c88879c938dac23ea,3924
9c1ae48f294c25a7,abd3141dc20c0cd8c87170cf460c4017,9802
f521b86898be60d4,e37b40053fa14bee33fef5c9e98d48de,4666
4155a75e77d0d20f,87b20d385bec9322ae9c11b5a420de50,14986
9bd1b1527cf2a1b0,393a279d8e188e5040a350b4ef749cc3,7245
325c47c426ebe44d,ab089fe1a499204b90bc0fbe46dbe11a,1094
492a071bbd638717,f7f1ac06c6bceb16db6251ff8133b30b,7885
44af1c82ded07e73,ca2c3e34659ce07a9fa94db508166797,11815
eb8e7abb6656d972,e6ece4ea49a28607695581891e60befd,4891
d3a30730f976520a,36d24ff0165cd654bbaf3b50df8d6747,17501
d1b8c7bd1e52200f,3e402c587972ea80ce5fa54e7e2cada3,767
f3f8e68a92bd2c52,2987f221f4d5335d810c4ff0c04c1669,537
101b45a5e85c2fb2,4fcaa0fe5bb5a3d7e7cbe33483a4fc13,713
653432f76dc550ed,937f67adaefe3befde41f42aae5526a0,948
6a23ceba85d4eea0,b1410669b86c22360c4a5007576cf2fa,6394
4b3cf2e5597ad2e7,7eca9847a93c217bfdb201a440272d88,11092
b914cf06962af2ba,a0667050373f40b48696b1f5d9aa9050,267
d39ad0b235f3c049,f2917adcf2ee53f772d25ea3511f47c2,5457
103ed61948c25203,4837097e98d9466bc6a51d4c2ad573ee,3782
4b149cf509b4bd3e,711bb384201a4a798aba13649cda7450,2284
9dd75501e0dfecc4,956e9465984a67e6eba0348b4d996aa9,1251
67a1823c1fd44b10,5c6f1187cfdc58f3f594ac50d8768ebc,4111
d5e914d97d1bbc06,67baaa4e274d2a720e0e10891ad3001e,2169
a5205649d9024cc0,47f396e7df771702a728dd3b06920aa7,875
07e2f9ea568ac483,5a2375cbe294301deca07e0cfe20e6b9,10244
ea73317d6f2bcc14,e93d3f2c28aa958a2d46cb6608067aee,18096
cc0e01676a6d81f2,5326dabb2bf85bf8c53f44d68f66856c,2655
81f546e7937cee16,b48df8b4053782286a6e32225372c6c3,3626
0ede0b7ad9d69a2c,77498288b1d8ba9607bf1b768063d7f2,5150
669e46a334b7d5f6,0abcb5d01f8daf70b5623ce432646992,11894
c502f146a62bf325,491211efb1eca5c362081c28100b5361,972
cd78e6eb76de222f,f503777f641119c6f0a8acec7b68e5f5,4516
73048f38331ad81c,406fdd9c4b7c77339df2a3c3bc9334c9,5254
1278a5661d626c88,3fab09d3b06d398e7a555ba7b81cc6f1,1513
b8c67ab7fe6c23a2,3c87feeecd54b1df95d3c68fe314c349,1432
71684034aa4a7286,0cd42ed8c40ea8f3c541febba6497e59,10152
03bc3c75b21a39cb,a33be2d1c3a7d9d52443991c7d4c28e6,6131
6d9df34d907a5401,cf522185fdbae307b13783ab510a378a,5742
87e2ada329368a73,7e59ff1b5b55002dd259d192e16603bd,6581
fca164e2ea5955fb,4c9f3c7a5e52c3e040e5734a195614d4,15122
b26067687bb0d7c3,945e50751b15eec37430aea8bc843416,672
54897545ec7c0094,ff5a9aa9c052abde307bcb6bead008c0,888
51862cca62a62147,983bbfac79deb6aa9e51551136bf5d65,395
44cb0ff77b4b4c8b,8a8adc6e2451d275836fa12953b2be62,1606
759a0bb679c2ba51,7a837c8e8923aa732ab2e6cd482209da,5542
6c0093bf04ea8767,c966ee079e645c9c2f0bd378086da1ad,1707
52e8a01bcb1372ec,41cf0e15595b8a43634c055a2744bb8a,3345
5033181fe5b16481,83b22e09c3b3e1835c7cd1d43f35b60c,732
92e12d3e34f018e4,b649c225ea79e48d3688f799ad44a2b9,1058
8a5d2d680c294b68,a0befe09ebda05fee93917b1916e1217,917
8c8d0a3af3f8f97e,68e9a87b6f1e8cdf01891c9c2510ce9e,6310
3e73af3437489fbd,fdb8289ebd5803427e4313b707dab9fa,769
6c3917bcfc21e20c,01a79a2f8680cbf5bf514f34efa1d828,663
6e3209581e0d2a07,67b55e33381d7123a18e61b6f3767d1d,1106
317c9632e1a948f3,4842625a2e15dc458309743d93e511e4,3174
3847a30013155921,7ef8fdc7b27448932a3483620f9fd050,5776
b1cf3b6d3052da13,4f42dbc9d3c09ed51b356ea8071bad6a,14765
1909a46be23d38ac,cb37423e99b4c0201867df335fb27f45,826
b4f631f8114bd65b,1ccf1907f74ee7c08c2b795615250ef6,5196
3d3be51a2968cbde,802435514158553997783744c58bfae2,1776
c28f89563c26856f,cc3205656be80254e03346a6a85580b1,107710
562a682dd5181678,d2195e114c749c702b74c07706ed286a,7069
d4ad49ddb131b773,f67d205f4cca9daa0526837ce455493b,4783
36b20eb79f3ebcb2,bbfb7a22f3558ec76de30a5f7f736384,2564
b736117f98d2ac0e,ee37d08b7b80f5dc19d03063dfbb7596,3043
a2e04c556e4fc61f,e15f6111db99425295bfe5e79be56b55,617
8de1009c8561701d,21d3204e1a56db48b6c4d891eea5d212,3194
d4522a4b463b3fc6,ae0a4590d5ee9ab4607e5d30d31fb564,1853
97e20b7fc7e3de21,165bfccc04a062f774292b05160b9e5a,1238
c6aa1faf34054737,8e2dfc4f242842af60f1613235f3ed58,4605
d0ddd39b7e246f61,26e1a17688321a0784e2414d2657e1fa,1943
905d326255ddd194,880f4db89b88e03fd75b47a3af7c5ec7,1090
8c55f8991ff4f668,e7be455540a2a1b08906fd22bf678130,610
28456a74dae98209,7bc25da825fa1d97bf2cb5b65e172966,2855
ac2e41e318f69795,b6f6d8b36112669ba3bb9e05f9cc351c,1864
720765c66a8231c2,709cf9f632e5748625954419e48a886c,7783
264052374084c4be,c8199425762ad782cece382efcad8b41,2468
1e69673a8a647128,46f40acfb700bef1ba949366642f8962,5693
2f0eb8a4006c1d00,34916ab6c378c10a6fb587362b9fe4a2,11951
1bbe0b75e5b51724,7ac09fe4687ab6376aa2d6a76c10c755,7579
6669313f049e25fb,d227168ecb20b5e02b90fa4490786732,3850
77b829fafaedff64,7a001ac735103dc3ada7a9c71f718dd1,1331
4bb7c76acd523f00,e9f5485740d54d13158d970b6cfdbd39,4611
bacb185144c17200,b516e6b8dcc181372a96a82cb16098dd,11031
2c02e5416e1d116b,cd5e4d35be2ccfd3bf9c6d0761f76d4e,6818
3116fe279c4079e0,2ea706b9a54f1aaf1a1c742fd3ffff31,2783
178810d699860549,eb09d340204e5969bdf61a1297a285a2,3493
de7156d0efd7bd1e,55faa14b0ddfc7c2f9503fb3563aa922,589
3e51df888bb89f20,0283e6a5fc7e8fa6f4c481b599175840,2402
986923b4b09fa65e,e63ae5d69338bdb697f89f4e2bf9e68a,5270
b69f6670b398f38d,9d98e3d15a384d4ed557ec6bfeaf3e03,724
e8c9e97aa8f51424,c0eb2498d33f5249a68a1c36ecd12ce9,2048
e463c715ba37b556,f1fcb5f6ef4aa77b5ac32c5bda7a64de,6380
0c2177f902efe609,0bfa1ae07ef3598bfaad7285f8f4ced9,4409
8c3db6dd82d2d31d,68f9816295b8e43bb9bf981525ad45da,8138
a8d92ad59e61e382,a117bd6a714f74ae57d0eec388d4bd82,3905
447681cb3b3a9be6,20a9a5782054dbbc712b12b30abc130b,1466
a7f14a8bac0272ec,d5b56f980aab27298d034bbac3f251f4,498
c5d54dffe6b9f2d9,8584f53e28ed5618341409d1e87043d3,1624
447c5e11e0e93701,88def036c504de70903f4149afcdf4d4,8755
dd67f1a33ae93a81,a87764ad0676a5521d81ad192fcb06f2,7528
9f61a95cc94669ab,230a0da1649b2ff26036b749d23b10ec,4997
68e0552b53d6bac6,c81bcda4408e4b1ecea4d0f0e67acb36,500000
2d8e80c21b5a1bc0,4cc99f215eed276da111b861ea48a42f,1906
f517971bb2815a54,99309fd65bc88605cfcdbf11aec8d3ab,7154
40175c3eaabc5648,277500d8c16011295fc0f282d40733d5,6063
9a44ffc4257516a9,dd0fab5f97f7a26887f5efed2c7ec9a1,5022
c759d095ad5163b3,15a4c3a974f31dbd3eb5c20a147242cd,13911
1b429f697fb3cbf0,26d342e4bc0d551486af69215510112d,2931
d8687d276bc51e2e,00bfa68a170e3659f852a513e661caab,1607
0c00775849f6b248,e32358880b6ea648e0dbef30b9ffbe3e,1179
b259a4a85fab7ad3,f22aed7780519ca63590c162992d04d1,4700
592253f34639706c,1decf8cee6463483184d8829ba6ee000,4502
f8c5170a056e7cea,d54ee877109b61ed6b96562501c6a45d,1029
101ff45e20ef7253,1f2bb8c3ba1e8c1ec8123cffdc0dfca2,493
a0162039d0ef0fe4,91292033260d5d75fcab4a29a5eb410a,2038
93cd08ed5370abe2,381fe100d6f027810dc8048cb871d4ac,11757
0a09fffebce3f4ba,cd76f79109f31f3aad830752598cb957,3979
b65344de964caff1,4be31c78a396c0706603449f4941004e,10398
6468361a9a8a9f20,21d3204e1a56db48b6c4d891eea5d212,3194
23c85b4b18e57354,f17a3db234348f9ff54888f9fc5ff293,12110
b72f4d45cd3bfd74,088e7b763e0c1c769dbc34ccddc8bda1,4749
3f2c8ba534211a01,d463aab98cec5fa6627f8dd82e7dbc40,8619
ef61f74f20e9b054,8aed198589cf75c5ebffe7a215b266aa,2667
d021bf7598254230,8ff3aa1ab8d39bcd93dad0dd6c873a00,5729
ae6dd12afc0c88b5,acc2f7910d48c03f3e42fcc77c8b3f7a,777
24a544880b08dd7e,2392cef165266cb3095f3ec00164c099,5410
b3148f753bf52ae8,759f646ef7b71b1c7199a8bbc56082a2,3661
a3a4d14635f43117,2104076d7449bf24be46995f9f2cb3cd,2663
c991cf6e6e3b2a6b,bbf5b355c77bdde227ef50a7454d5055,927
f13dd063c7a5ead2,e349834441ad4ce546837503cf52303e,620
8f9d1fc88bb5dcdb,df48911ce87af60f8a975ca74f660b17,807
9a611e3981717aa3,b8d623e13c122da85a9c451f3865fc21,931
2bd9ccdc20483321,c83d30fc47dae0ead0899e78f4827eb4,2102
2d9c1cd3deb0daec,6ff95709e8855da219a9ffffc9ade997,2481
9bd529a49714771e,144df861374a08fe1dd565ad497ee816,5782
e1c52d7c807a56fd,240a203480d5de11ba5212be449588f6,2813
4c91ee940e1faae5,121e85dcf0e7211f02ac641ea25ca091,490
a51f1e87fe85646d,5911c553c7e90d0b0c6f2d54d1e4e902,934
c5728651e06f4521,b290ad4db241434061bab34cb8342b87,7748
c17850600dcd9487,de9d8e10482b37e3fceff82ec1a2dbaf,4307
d3cb73e4d59cb3dd,610fa167697c43fc08e7af4f6746914e,1082
29ec784287c9bb7b,0cd1576f21973cfaba3b4215310c1967,761
12955e94f2d5a252,9ef59714b1ede0ad0d7f2a140b2e4f1f,389989
d8ca5fd32d2603ce,ff41c913bf02b07961fff35b8e22712a,508
12fe6859ce469ba8,86073cd7924f1b9c0357ea1c9f422a2f,691
47186db9cb9c6d79,7158e73b30a5a262dc619a0f3c1bd5d9,7548
d249da4a181363dc,c705f607103973965e05e845b31dfb63,5106
072dd2c33229feaf,6948c1e287583baa52c917677182c04b,3754
ad86b75bfd9dc50e,7cf7e4771687be880e879f6c781db883,1082
41a918ad07734cbf,bb14ffdec9e799fad90377f2aa96690f,9883
5c86ac71e52db483,338047f0a71be9045ac59657db2a3bd2,3435
685e13431939b1d6,49a8bbb70bcf781ed5c62f405e0f1a3b,27723
d57dede3542ab8e9,6a32e98e97e571a555dc1e6d104a7761,7830
3901f49e70f09cfb,5bba7441ccdf817a6cf4ea4b24eec51d,6733
b9b380c83ea6b50e,939224cf5ffc1bca1d58d8c44b21d6b2,7590
b5aa6d2a2c14d690,2c51328dbb229cc8a550d43726e002d1,13795
b527f8fc85302764,9a95da9c8f299f8a04563f3a595fa965,500000
e7023f0ab714960a,b9d1c6683e6b13e8d0790b549241235a,7548
aadc24bf9058c782,f3821240fdad0024e3ed81fad9783ff5,2435
0f5a3bb8c4e923e0,fe7503e0c85c31076f28bfb363baeef8,4976
99abee64f8d612b4,8eb9395aa12999680f1e52a2d3ea6d02,2986
943e80757f0d8f2c,21ed28d2f8cb665cc597f3f9e31a5475,921
433c1555b24b62bf,42a65c00b46d30f39608c3377e3a78ea,4418
20bf8d8bc36b83f9,d1fa0494d54e7f182416aed1d76df0f0,4170
4dc3f3aa9817680d,9c08d53576a405f541973d553c36c2d1,993
65ff3109c566197a,491e9130a5cb6c0e7c64707ec9265c8c,2268
a547d2ba1ed54a76,9137d92cd328fee766bce1e40067784d,6068
11d8be73c4b4c9d8,4174ee5ca5fb72fd5e7ca3d38e5e9d5e,8017
34e0ee20cc0eb1e2,b23df8f8d6f34a6a6e39b9f79b0dc236,4562
9adfd772f1f4cb88,9aa60b3822e7e9575ea280e07f115188,5259
6a07c93df7c47450,99abc679c317e1c8a036fba13e0f6e2f,827
a2ec04f6ccde6a1e,9f8139f97edfd641bfa91fa4c4767276,2188
6e23c7b2b9716586,82ffc649714f35075807e9d0cc3bdabe,7433
6d6f76c22bed7548,3b318f09b4b15a302b0e486a93324cba,3373
fd8cb76ef0f91cd8,66e9abb9e1e4cfa2a8382554b8074664,5311
5b288c976a1d52a2,bb340f94c42c398dc5d5aa565451b7e2,14074
c2a446f20bb8de47,dcfb339225ed3168ede799615f3711a7,500000
2bd12c6d81393d34,086a61bf83841e00c4bae62f3d8694ef,720
b12392c0e988db69,400a74cf414b23265de9196ec7925478,7647
7845702c88cee4e9,1920be2c96c60256fe99859deeea11b7,2617
7a2fce420412c7cf,e587f66cd79013c34e667a800255a7de,2973
6f71b9167a563c5f,2bb2350aa16c162f7c6a00ddb632dc65,8165
530ea44e78e2603f,a4a602a585d7dd561ff2c8c5f7d69226,2511
c073784ab880f3f2,fb3964aeb1258a5f1637ec4e3490c7cb,7635
407e00cf205e11c4,707bc4d10a0cd89fa1fc2bec4c141c5c,3289
79b40acd9253e820,fbd72447c4442b37929722f2be97a3e2,3057
4f38d314f5baa2ad,b52ccd1c97c94b105f6021e45149d8dd,3657
cb50e313b0a391f9,6a5539c196a95f6a788e4e7dc38dbbb4,9139
45e01b0a23560548,bf7bcf8573c07730fde4a2dcf1449bc6,5142
6f84c67d24373731,5436b67e73ad223fcc573012c96a6f81,5546
c51d7946f9886f73,5ed1898a7179c6aa94e5c927e57e94c2,3812
55a84e7f6364a708,00a854678df356905279976d67cbbbe4,7074
1b4f46f7763957db,f6c4ef51e8cf73da7f808934a1a06b91,6511
81a3f66cf42e9169,e710c12e8560243e8f3c54874d6ba690,9668
de6950d65db772ab,faac63d9adf47e26ed210878e3eadfe5,6362
d30778592ad410cb,f382d843cf8e2fc26e0cba43c69be66f,4096
6898a2a640ff265e,24e13918a9ebe6946730c0e46742b3b8,1101
3b1dff68f6e0eec2,fc07226bed3103e1684b8460b983340d,16943
e99527cd3a4fdfbc,df5ee7633896dd3f9c9760bd7274d548,4051
030362154440054a,cae57f983d07a7d6e575cf313f1b39bf,2468
1b92ee6d5f7d4072,087fca11b8bbc22f64c463b614771859,1090
27bf033ac27a317c,d5a80515937c204d4b71ad708252b6e7,1924
e4ea288b3857b7b5,ed4161d0244fbe502d55d11f2ff8a321,8343
f003d4cbec3b35e6,47e8477707d944fe0e82a9489964e52f,5321
b71428dfe4c0f707,aa491fd0c1c362778c7557199195d784,7182
7041b67267f90f1f,21d3204e1a56db48b6c4d891eea5d212,3194
ddc285df6e5ddb0a,fdd98390afda1d4baf03ad22314a92e8,727
14539ff3a74df2c4,78eeb30fbbddcfa2c29b0ca3cd2526bd,10529
9f93f6d4d119147e,b9bfde3401c35fbd3b21a2e395008b5f,8204
dac17e063000b5fa,d54dd0e976db073986698859e9cf19ba,6809
a334d02e2ce9f308,9e7b87efc645d8014df3c4c77ad56a90,8546
b52911b42fb06935,3826b2ed495a6e4ad4fe6ad4fb7cb1d2,784
55b3a26cf7ccf00a,08b7a40e40c4099a9e5b5c2d217674a4,4358
da7c73a1af428b8f,9deeee76e302d1c796c66f235e64885e,3157
2e66321aa4e0edc2,6d640550ee30f70efa67744f15d2ea41,8496
238a19b5fdf70a2b,73684a759ac7f92581b1da142c1d75c9,31121
106ac730dc38c64a,f1e8e176ea4ae6969b4dbed66b35109e,7648
1a8b8b51fd156a50,4a53cfc3adb6bab6700535f895c07056,1217
05ffb0c22880cb45,badfe6fcc9bfe548fe1f1e3be642cb38,910
b793f04834fae2e6,fb2fc8e52144a27b4ab703f532183f4e,4897
bf40c443cd2a4a37,166d9dff78e733dbda4ec952776573c1,4635
999fb27dd0ab9b34,cf9bef225534a4c9bed0b78de707ce6a,3079
7f912bffd099f203,b6dcb9bc89ca48138cea6f98497e5574,2436
ae570766d325e3c0,a18c952e23925d9fcf0c762a7eb68895,4885
c84500ddf6ffdac8,927a175753166e981a99779a3f26e750,3536
7e40f074bbcc758e,1de6f338cd3288a1deb8ad89bfd8fced,1740
66afa7790363481a,f22d5db515d10ce57da663c575d5ab46,5578
1454998cba85d934,573c463976f2acc7b55e56ba4e441236,3098
c6839fd1dd553322,49e807864685a00e7e053cda5d5f15c6,4017
bdbed4fa5e2244d0,80a04e2287df83fe5e3de4e4eca935d9,786
7e9fd373d5eb7e73,34e801378043f652254a60e8c8086f84,776
799fa3f11c75ebab,e01ec1c0b7603dfcb5357c08e09589da,7196
27205570c792318b,21d3204e1a56db48b6c4d891eea5d212,3194
2b9e7a902adef62e,1e9f9aa651692a860dc96a8ecd1c6c54,2662
a2b505b5e4623566,b9add40b7487c93cf48342a2bda82e2d,1611
2a1a011436634ac7,d7e0d82d1e5cd93ffc9236f20897855c,4895
8708c0f0bb2cc39e,e5d9ecbf41de6321b3984d58deeb19bb,749
bb43212fe21a1d84,e591ff8cd4ceb50aae7798680c03a887,1214
5a5beca21807dc03,c1b6699758b0d825393403e5bc78abb8,1056
bce35c597250b1ff,fbf7bb2d75fd2d9ba93880ee0a19d18e,7122
11f6d1e4fa4476ce,8abe80dfcde8dad0584b0f5b3f31a230,2267
8ce37ed22af64faa,df4b9277dde2fd75e82fca2c40bc1054,5269
9baef511d01fedaf,f505ff17ca0e9ad3854e3d6664de1847,1251
72de135fe59bd3a8,f93487e88bad23395808d7135af8d2c2,3347
52e4b1c53e1791b6,0a2c63270426cc33427b61bd6761a972,4614
9627406da6f90bdf,883a543047856b4852d86cb0ba13057d,946
227dbd7b474531cd,eee8d2158837ea144eed551fb2d2b457,4202
4c5f0b9ef2e8a003,0ae81c641a29cefc0a856d97983d97d1,775
432a16d5a9015500,5178485b83f36245ec9bef3fe4b5c112,8246
23f14b58ae55dafb,000e76ffe2f67a2f409534829685fe6c,17017
58be6a346a78b4f7,0e491e5464e6907425053df288180a45,15422
e118771421651e87,dd660f5e8193e4d85a2bbf889bcab41d,1868
bdd84c2fc85e919e,b9131e836b06e124895e86e617b583fb,2777
b4bec727b7810b61,fb4845a601e9efe3d8df53cda566d035,3440
98705980387f640c,2bb86c3157e44782983a8caf8da786f2,4567
540c40bb0d282edf,13ed9ea2a4852f77f02e55b467c08b9f,6822
02eaee2a49861144,b6f88f273a68fde6434c9ce8a57743ec,4076
8ee4143ed7bdbd69,ee59147e58e9967f92ff9d67395dcad7,6021
1276c30cc006bb86,a8b63fafbfbf31fa0db43c95f07c5b1d,791
fe579eb00d9ab47e,574b9f02aaf65ad113a49c491f341210,4334
207d60c6c94734f2,8c7ad56c9a3d0033fc7dd72e77263562,5209
19924251dc4a113a,db0bc78d10a16ee4adc64195d8b947f7,4239
d12dfc1715097c7a,ddeb5dd1b659d2035a044fd8b326e762,5080
a05a4fd91763a9b6,39b6dda412f8dc8cc9c0be5f73e0801a,5125
0a22b60dc7d73759,14e403c73555217b2655200b475e56b3,675
29f1032922094d7d,6e32f0f11aeadbcbd22d4a0d682872c0,10522
47f32aa8dcdc7831,c183e9ece95661cb6b48421a01b01332,1774
fcbf2350a298f450,836247b898fcf7bf235166996cfafd61,3919
951be34255a12f91,f793d6bf66b9ff0f499e8fa14a6d11d8,2978
c7185df7a28d6d21,8f179f1891871a1f3c7f72476ff5f032,10281
81a102092be510b2,0a6a3e34c5ceb0c99c5b10ace298822a,2997
270c4b04a9ed719d,6b4bd91295e8be6a8ae912e3c59f5ca4,193
670714ad6add2417,ee7ba3edb826706305eaae3f774d964e,6335
02911164217b7f6f,f36c5fec590a48431da4634c8284c777,3313
a654f0867ae8724c,0a29124157800aafd02ddb90dc777964,6089
5861b2205a01045a,2bd8c622b20d095c7a06ed7eb1f7e385,17358
f52ec552da444331,77e2a7e6dca2d45e192a6ed1cf4b7bc4,1168
409e3ce73bf01405,b093e0394b965cb51dda259be13105d2,2408
2e2eec73394bf729,35a730a841dcf8bf52a19a9b0420091c,4609
c4f9feccd0e824fc,397c29f237cbfa13e6fa3c1c15774cd0,5154
a36bdb0efea75af6,92d51d15821f6bdfb0daae95b24eb584,3249
c23ffc29207e9c45,1365cf3bbafa261a8898fd24169aefcb,1390
48a8c065688a7de9,ec32ec84efa31e435f4b1a0a72b6ccb4,5531
9caa39d7cb8341e2,f69fb62e91d07e5695bdfbf3a6a55a6e,6968
dbc823c54b361e03,10dd9f4de1cb90f05b2a623d33b80277,7771
94f09bbf978632dd,9112acf8ba3bec5d65eef2a6327f9bd9,1560
d0505581a0f77e6d,ef146044814138f5ea692225b265b233,7759
8c94fdf6b454b297,ad70ec926e0e654f10549abe7b746e59,10537
1f49f5a845a967fa,51992f49af2cd38ca74160783eb70a9a,9549
a835733054023b07,a8bd8b6aa4ae73ce59ade497c069a225,9037
dca7239a16390f48,736d32529a04b05b00b4f7bcfc502b0b,6878
0844a0387e3346da,1b918ca294293bd95f810dfcf9839142,3252
2d441a65179a0540,1f8e67480090bda5d80b7a900d3a9780,9165
9134ab477ce298f0,e026dbbcf414fe736a986bcd9cc1e925,8656
afdb450307c70bd4,59933d9b5f8c6036fa3cd0d0334a2325,8741
237b95af3d91f195,6f90702609646de5449cebb1cd5a2332,1450
731d1e1273beb343,191d216d8c4fe47bdce0bacb5cc11b12,2026
4d95595de1d128d6,21d3204e1a56db48b6c4d891eea5d212,3194
3e3e95fc37e91c43,3d33c39d25e9b2a76eda4a11500f167f,870
d312858cc2920722,9bef6c109313dedeb7a88caf2e7ae547,767
83bb75e7a109fda8,0722879f8a1effb97112e605ba92c573,1017
6d4dbcceaf3629bd,f6944a7e6619a0a6ab9a3b774ae5f53b,6085
00a2d9d10f2a77c0,b8c8ae47c152eba2b8ea9c4a0f1c8930,6577
b40ff14558048720,14f5f912d1bbb2e07ef7c52d1b295738,596
aa26ddb13dc2d8d4,7eb156b1c7d27d1723631cf32acdf2ff,8459
3f91a32bb2840611,be3184f351188a88095c1fa841d1e712,1053
eafb6e77ce9ea2f3,d00313731a902af85606f43b3a7b6ca4,3229
9b097ec8fe536347,7d69169074d3a5da1062b1f9f012fb27,4475
0ef2ed5662427557,3d65e912e05a364387e79c6209c8b072,6807
37beb2d5e5be640d,280c9fc70620d7fc8f5a0d503ee54659,5034
12189138f6f7bbce,7d1779835a6f24578f9ec4d9067a4439,2025
2c4f073662056e0d,534a4d6b9663efa1c79ae01b52e12bd6,651
5be64051d0946391,2d4cffe0cadf727590852b0868871d1e,500000
68f65f6fe29123e2,19f952d2ffece7e73fea674296bdbc15,3280
a1ce343eedfb3bbf,9b2adbfb7b3b2d9e61e5658d791dca85,863
b07d98b8409bb85f,11a443f5be0da35e5023b544fafa974e,6796
a37c283cd1d1cbbb,cefba2ebb9b11446de85de61d943f7ac,667
d94d3f3e0f4823b8,a1ac8744958e9930c9f8c391cd63712a,1129
7e716bf02aeb81f5,f26b9f41e5f59b8329a5bcbb3f6284f6,683
1025a2427c873645,cae7392147ad5e170441121188d2b2f9,4219
c247f457178fd0fb,168769de09527f71809a720c189a8281,1951
07fe2cfda8e723e8,f3ed3e75eff2855dc4a021bd3a505015,5622
32a8b65614d13642,acce193f5030acc7478dc1751ebbdb97,3936
045f0107538e2c36,111aa45fad0ad5a7a9f7fe3cf6c8f12b,2943
26f59337c3d065fa,a99f78b466fd05039a62edc7327a3727,7995
0406d71659dc2ddd,ae074c085b41c35f0ecb66d35e810269,500000
c2ea5dd662b6896d,c4bd86f26b45a943f2c86f4dbe188f28,741
2251a1cc2335383b,382e5323cf15420b9bfde2814d88c07f,995
ef9daec09246ba45,13e953d649302c1e66df0956307c5c56,8656
f994ec8c53262a78,45f9e4ca653560eb76a92918efa44dc4,1744
3ed451f5234f38ac,97ce773d98b5993ddeba87133c8726aa,1809
47689d08b5aa5626,65236ba1e27c3122dd35cf6018dcb519,529
dbe4c06bad42ca74,f6e557b7c88341e1613a0b764c546b55,732
5c0845c9a86cf6b2,b999d9797f1206f8dd5c53eeeba17fd0,825
8a0bff44be6a9bad,923dea09cfbf8a72876df5c467323a88,2267
2a33e2a6129d3d2e,5c099347a248853836318cc7df4088c6,808
d5ea1597ca979e2b,b327cf18f0808d5dd7badf79a8557f31,13138
567c84f647cc36b1,29d92c40afc66d59ea5094200d33603a,2176
f99814c3f72897e9,a1ec5a27130d455e54ec04b1abb3851b,11127
cf07386417384dfe,5313c628481a4447321b39066581c693,6065
005f6568c0e3dc5f,08b3abdfd19239138ff340a0acafb18e,1630
42942a89ac158f78,9f80194708655a826f3fca1bbbf97c5c,6697
b099f3a679fdd743,f8ca740af681c7576e65ba5a4301fe0c,782
1ce48aa231afa834,f83ebba8175aaf175888a964917f61d5,10829
8aae1272c9138d71,dc6aecb02613c38897abc5ae8c2af0d9,15276
708306d50d9ad895,d82b065b3f68ed0a8a8b2a2a0b0622bc,255314
b91e04076167a4ba,3a03c0c7a8af5db34f1c882df96cab73,6006
07a8a0ae5b572326,a56fc7be72c3fb021ead195b2a2b2a7c,929
3b4b26469405edd0,c71a9181e2dff89f3c73409c376c8c81,8035
a33d48e2bd617f6f,edb50cf070970970aee44d5d4548980c,975
740edadaa0cebd01,9791c37521d0912479025ec589daf124,8402
28fc4d747c221549,33a7b36985acf165e7ea6401ee5340a6,848
505c07e535208a44,154d146b28b7a4f6b13ab9f1c9d39723,6527
56be80833da3dc09,497a468f8c3c86b3891a6115397d630f,1402
0edbee74fca25ecf,43916e0346e363f445dbb5b2192ce1bf,5121
bf29d20bc54058f5,426b653af0a0cbacffe59b24f6db0182,4701
9d5110322f32ac63,9ecfc429001f7ee7b281e6a7b61c4a13,6513
49d2d868367c661c,deaae62e1611a65cc4721b0d03a90ddf,1811
515d5678e935d0ba,e50cbbf3bb523dfd9bb165f9833f3c2c,3384
40f318f3dabf86e1,dcb9e8a76e5ae7d3b20d88cc6dc4d114,3796
b5d28efaa1fe48c8,58ae7b4f698567adc43ceff62a4ec876,2014
9db6119b2d64f36f,4e4513c0d184b23c8339fb7e1aa71eb6,5734
669aa35a03520fc6,6e5f827cd3cfc3e44e006678e213e9c1,8295
118a52c9fa1d3941,c5659bdbf1908a7ac4c7c79339d3688c,6470
df0ef7e981321d55,b496e51483f23c5b377aa849776b22d5,537
4baaf33f313cd8ea,8d8f22b5bf27e8a388177afe29ec9b59,1262
748c45d0f1b8a427,d5440e8e8a1c9f397114f2c76152ad9c,1371
9a60678c7c9267a2,3ea05d79e3e6c9149bd5d8481f5205d5,8720
975c8ff3de3dbf67,ca7967391cb13800186ba6163dbcf5d6,9196
ef63cc54d2d4b5fb,9f2af6f60276990f29da97d04866724d,737
fc424b912b0e3369,f33cea14101e5c7f718767fe57771093,889
7e573407ef724fae,ed189bc8a2b2021ab9616639dc71d4c8,1578
4b5185c63b726950,86e7dc46e4392925466d257e853cd667,7306
0740585f064d082a,e184667e2c97b23ba0b4953ca5a4e272,6316
23d138ef7a87bad8,8a9316839844bad8add34518bc0a1262,1276
d4e8c43618bd6b28,b2d42d85073f663c949a22287554fcb6,799
4cb369b47be03ffd,ce310087426f1e6fb022179577975c64,1769
4c766249c176c3a5,90858a20693e3c722fb541dffaf1658e,768
334a9a6f1637add8,6d8fa1940fbeec8c2539a5ed6399f448,1040
45a12a6efe5e3a9e,667193a9e44c80590ab7da801aed1796,4771
1d27c0a6957221ea,4dc748e8356e8191d440f886e4f76305,5226
ec5784c5a8a58c64,d3fc2032ca1172f21a33b9f7a1686510,8548
f7dc04cd204c5519,20e387f51e85ccb2df346b68a59ffb04,999
d0a699af327b1cf2,5b26dc57a8442a6a812af13fec9227af,863
813a46ba54330ebd,f7ab819cc766eb14578c923548943fd6,6909
f8b3cb0ab446c548,2915f0758238eee8ab88d4d834ca0e7e,6115
81823d87c16a5759,616ed49c5519dbee091bd6586db2cdac,10722
286c50dcd9b333a3,aa0eb131aeac4c388928c93510851060,1780
5831c1c6e3caf294,9650bc45102bf90d76442aa4e8a28962,6760
fbcf585286c08e82,716591588bc9f010b5cc1005032ad740,4950
884c6bb4fd6e0515,2e2e5b3a6b2b524672c4b13680752997,1387
51eaf15777465e2f,9ba0ae052556ff5faa1debc8fc57d59b,1956
341e4e7873545928,e16289d0d33c88b4763e5976ad6b9ddf,1681
a6743982967105ac,13d16ef7d755ba6d32526af82d2e4a1b,9383
b67c6640939f9d22,3c7168b5e92e641f653c1ef0cc726218,8178
5247bd99aad3e0fb,915306b31129fcdf1a95150543ac68ef,7508
33f6b361612011d3,1bb07a2d2690d101629171f3cce729a7,2049
3a82f8b051dfaa40,c1d5ec8e2b0cfe03535b2b25c3850cfe,6253
ca42c3f24ede752a,e2c1093945e47bc22084aa030e2ff4fb,1910
de63d5105240cce1,6fddecbd1bc0fdfa03fa02a8de6e4fdc,16641
1b7cd60ed620ffc6,48df2f5ebdde897ad8691f584e0ee577,1625
97c8f485d3d3c27c,333715353bf5525e3d76072097ec0161,6529
10fa5a9c13f6c451,6c6f81e5039668529fd1a8870d13dd3b,9163
cbbdba490511fc5d,4e90b783294f084991e6c993082554f5,5613
1557daa223d33472,aacc60c8603a3a0b3820d1d6de52cc2f,416
1111befe33e2a821,94fcd23504cf2cbb79b0d35760491ff4,403944
78d8a283d3b7aa8d,26ba1a4e81dca0cf034a703f1d05fe78,2530
6cd48a33ebdae20d,811d10313c4002cdee977b52afa61f04,1194
5ea5813b5ce53f69,df4b9277dde2fd75e82fca2c40bc1054,5269
94966c41eb769b3d,1a597bb90d931397585a8c1208e18aa6,850
945ab2fb766a4b5d,f2f41d3fbe8a2525af07efdc5ee01fe8,11402
6af98919577b8025,9be0e08157cf1148bea5d5a7c8093ca3,933
a9aa11d0b0a123bf,c311e2e125d8dd2225aa4d5c12fb876f,3618
dfb795f0afde87f8,93986c6f70fd8cb55c7f3d7633f56ac9,6672
5993065c9936cfe6,15ee8334e01cc7241f7c6493888785a5,3512
036423927d28c56a,15ac90e2bf075c55b58c44f883b89419,5602
76e0a1c222eed1c1,dc065c962ec352bb4e88287d93204b8f,683
df1029fa7048bd71,1d8fddf04fdd6da3f003ccb583a1fe49,6686
7156da3bd656c7a3,e49be73d540121fffa692ad3d85d41ca,4382
02887ab2ca015412,026e3f1a5821e59ffa8455170fbd12fc,1390
6b3a8c97063e5d76,fcd4c07aeba1b0776fba8fd93cd80c64,2295
f7379b6c3147944a,5618343ac5ef219bf95cca52192f3999,1079
a9989a5c7a4f13b6,ed48e9b7aa5ceed89cb4b5d881d7ced0,767
125d28b9682c55a6,eb55771d59bb273887c9ddb9117c2c67,2983
5743da051a828d3e,6d3f7cd2da9ceb40cc893ef1d7bcd66b,12688
a892e14deb2ec439,cc8fee714f4a0306a40745c925d45f5f,8444
b690b336233f1579,6ec79377b302a2fadfbed4a1900f0dd7,16323
5ceb24ece7abdafb,1a13f11410447f5d55c11a1b54ecad91,6668
c1753dca4fa4f749,51821bf67e39e856cc4f46276e910219,1317
77ac2a1f5f442083,e5d727186fd8d8e6b7d9eba69071ef4c,2819
a28bbe5dc3488db2,18a6bdb6b380c23d85c68fe9228a0b2e,5040
348b1f5848421c3d,3736dbb870c7c8b0e5d53cc95a753453,1552
2bfd9612d5e9a30d,ae48612c1859230b9b56ba64b357898b,5611
a766e7d5cd39c0fa,b8a7c045faca371d7cde46cddb09ed7a,3694
5170c7365d3d8478,45de23f7cdab0650a6275df6d1e16f79,1204
c49e20992a7cb03d,d83458b25054e88aa0da74c2a081883e,529
742059577478fd73,02cd934b75ec3ad7ba6c4e97371daf89,6730
00f8e24f6cfcd0b5,a7e23c07e3a9db4c6accbe4b62fa933c,2160
1339afc1490d9c4c,8e92c696dce8b0fa20a02b60e99931f9,8747
98bd4fc08d2d8c8b,b7b4cb1e0457d8d9e786a3009e7acd05,5970
9d5e7d99e15edfad,d35d11f5dd6fdae22da5dbfe3d989808,855
306b4d150d941bd3,f0c8f1a9f7084d66ac24ec938f52c087,7990
b718ea82244fbe83,66d69326878e7b687ec12c683fdd4f7d,796
880aca75b276870f,9044816320c280cddbf0ffed8c0d40c8,7305
26acdb13c88c62f3,47403738f492e8c417e774fe31300982,625
50375906e0f61379,84e2ddfe412853838e66c1e94467ab12,867
fd71e8b8860a99fd,703f28fd4a22ddddfd20b334f501052f,7396
f0431efbe663afd8,50a2d44544972e94ff03880da9cd09dc,2679
3df4a213bc98b3fe,ffb87e4690d9c9e6730948f95f51c791,4411
2b7562253eaed955,5dccb3618e7544331c5c8c8c5b6810ef,1586
f1dd30e5fecf70bb,0dea3e1d917607a2da4d7b87482f8e9a,1820
c42766dba8494e6a,7e7bc48a127e291220a11fb77b7143e6,6858
f5fbdfa8c2efb140,719acaea7af112969e4786dc19b1f1a9,2989
b36c33dc69312b8d,2c3fd416f89133be4844eaf5a9037f98,7754
8e0dc2cad1a086c0,a64a1b35fb150e99e94b3f5946f45338,3740
9c1a060c0de97be7,1f2223a03952119dc1c4e6d296bd3057,1006
a2f4b1f4c6569bba,d80c203ca0d64cd7f98b2d0198bd7b40,6446
a5e5afe85cd3241b,0a071dd9b9e9e2eb97f7071a04dc70c1,8176
88fd72e5953b35a9,b83c3b33079941d6e5bb45f38a1ff830,803
d31b02ef847a2e44,cb72a9074b1e926ba28cc92e820ee716,11292
a5243ec4920d6425,a1cb3eb726d51440b2370a88624d3fcc,3950
87b09422f3b57129,b06dfd05ad47aa260d775e990829c5a1,1481
45b307edf656a23b,07f2d23e04095fb9e8e143b0cf2a34a9,56
09c813454ceb9daa,13d571745e9b6eab09b6a8348b364223,2888
f916a357af2513a1,744d9065b59f4cc693ea762111edae43,6121
32ad06c5da73dbf9,39987c63894c26974a6337ab5dc1c7ff,5985
37e4a50a3f4363c0,6e25dd6d6ff65af7fc3f072eb07619a4,638
fd446bda1cb2cfe6,885d400263983260d57350edef12df63,1609
6bdf6e55daaa2c2d,c148d902bc19c54d503c32488a016f12,1097
98a890835278d92f,8975b843a6eb1fb3887266c203ae952c,935
2d6bca1aabef093d,5724210467dab984bb7f225934328333,4617
bb12b310b85787ec,d1f5fc909db7dae9c346e4392e04c494,1902
37cf64910a8cbb58,6ef06203fdf37ba3953ac9b88ae0a559,1046
5f647b3cea3e70a1,a53364e15a34384b9786f4971608e385,1758
12bccfbf154d537f,a07552382f263514aa1fb005a4ee3f59,7168
ea60ef1991d48f52,071f3026c45ad25e71f846e8de61164e,6420
20030894166aa2a3,3d6b205244ba79b2db9e9a664fa4545f,6446
75c8b5be31314c85,9b4e07ac2a30b4d2f0cb0b27613fbeae,5001
e84c2c6a1fa95174,ba30e221e597b9e85b266f5e00096e36,8125
2bab45379032abca,93733824bff8ddaa8589ad5f991d4b07,1358
964389f5c84ee777,00c5bd45a0d55f74eb08f35f6cedb66f,7183
3b9fdac1318cb180,d4739607b789f39b633a7ddfaf2379d5,6731
b08db7464b27e8aa,d62b35b5a6388e7ab543e397f0f5ff59,3596
623f32cd8ed8c75e,179633f6d88c16152a1f52cbd4a29ada,644
c4913333fdedf41b,c6b8ac5fad645440d797c13d16b5a138,5035
873ad9608f48688d,5d273009e4c83258ac2983016813f2b6,6327
5e199a974c4cd08c,d8f4dad318cfd9899aaf4d3f82b43fe2,5692
8c383438d0353d9d,a9d562aea0079b7a9bb7d478c85a1800,6554
15554c27508e7af6,c84459c5127995ab560e11fd259d792c,4348
7499994c61db20e4,b398174ef3154e3439529aaa658f8c53,5201
f6db89aaecb4c68e,96b4bdc187dd028098cbcb263b4e49f3,14065
8e5804457d01aeab,b63c479edf4c82cc2248a2446219a558,1186
e43751b5ca569fbe,274875788c0d82952dad88b96e928c1a,6397
6fae4d2fc206a2d0,35f911ee859996afd6d644f3699a380a,5945
b1a890cbf25d2a13,30c68e13f31ea320a0df1569b59bea32,15922
7ade07994b0ca10a,5e3ae8e151d2b5f9799530dd99745679,3613
3bb0f6b7140253da,7e22524a8a6fdfdfbaea99055778d59f,7915
8c4ebc5b809b3509,912a4c80229d9d85fce7e88cda530178,8135
8835b4244f8118fb,7e672db7c63783715897b8feef32deee,3580
b39d0fb4f6f29222,72627ee804c93ff0904cd4a8b9126bbd,4536
2a750b10bd331b5b,1c83920f698f311542377d91ef259779,10812
c584195e612c8b9e,43ea1cb76367fc7005d15bfc5c2cd89e,2371
ed51b989e7e01a92,63aa43d6bad14c01dfa96146dbb3c4ff,765
f94b1397a4a740e7,94f5f1d5d904c00b2e526c944d22273c,5829
9fd95a0da13ac01a,0d883a8a845fb4aab085510e2ede099a,4028
5f29f9ff1f411f03,5af136c0ff757456b09619f8b871a83e,1477
dcebc933dcdd2706,193328c20a921ae0026209a3615923b3,2272
ceef86f189b24819,2f651f94aa343f25d3ca23a4dc0ad427,1043
6234718214a75181,ae99bf6ae2f0b01183d3e7ba78486bd6,19904
e1e7e9895dccd933,78e83687094c5fe2c42ede61c185179a,8346
c07d56be3edebe09,f24fa8324a2d829b6e78dfd1c5f132f8,2640
36559a97ad04c945,5dab889f0c0a51e0a4e8e97d23628795,8002
d278323ec57110ae,83033a4d3182a224526416ce2d632fba,5684
54c3ce80ae6f465e,c8b7f2a5fddf1c57944a8e85b6e0134d,10110
a4b4c7699515e343,cc04940c8310d7988e517e116b52c172,4977
27d7292a75aad79c,62963902930ee992ad5ce12c94c668c7,6470
1dca66d139551790,8cafebf8f08c57b71fd57667705dba82,1301
d3b07087535630d1,cb01ae5828cfc37ecf8b7d3a2fb7c613,5276
1feec9a6456d7f46,12175e3d92247cdb13a319c219d1692f,4524
50ce0e7d7b223ff3,13637182a27f8bf21e6deec84a4368d1,1222
710997a0fe3eec66,6d1e93b2e084bf1b78c85f3a5ceb2710,3072
02da5f8593107c1a,8716d0f27ecf1616ee234b93b7ea85d5,6097
e6714d3547a06150,87d22d7789eaf196df85b81185fe7c53,6545
de45202a440556f5,d105f6d0f45e5d926c6572251d1491ba,3027
46a7ea419db2b104,2f941f76a0f337d0c6ac28cac7ef35d6,536
999db439d9802c0b,3e2c37ce2448027645e4c308ee77315d,5604
10f784aac9163b41,a8013f1aabbd42220812c68ec2db632c,9503
595f20c6f41377a2,548adfb7e636efe9ca8a0ce0712a1a39,2007
b792066d7f17a22c,332e73a64b22f8d0c6e42d4847984eff,6475
a262a9e21ea2197e,0353b63fd6499a2b475a0efe4d728156,3258
1ae0882bc4018efa,4f85dbde3fdcc1e2811147f6bc68ccb1,1781
5be0fecc36075622,ebd670d54c6e8e06ba024c1d973eb641,6655
02dd5b428895cce7,fe2cf819cf0b42565e2adcc15f5f642a,5755
fca0ab6006ac1e75,6a9611d53356e393c6f0b1e9c459bc9e,950
57b5d1ac661ee6e1,d9d4a7fd75cbd40a9a54d0f49947c15b,2081
f1df37ad74971a52,3706b768367bf287f4cb0510b66ba125,818
5d6d64dc3aca89f0,ed1554b17006ec86e0706bf65b8390cb,995
b8ddd0543f14bf70,ecdea87aa8b2441a64aca94b64aaec53,745
4c7298168b7d7638,e111b6ac326431c6d453bbeb70d847f1,707
e4974925b20d4ee5,579e72744573f8d0c52fea6c3608f529,7230
164d4b72fae44884,17173a7be7d375535d8a392a43a87360,6933
c4ba03b146b0a7fc,8d9b6d51dfd7a27051119435f6ca4a0f,5499
a1ef2438629ab6e0,32585348f95cf7a2351f0a8578511d1d,3906
9f29cf3c149723f5,08daf2c6ef45881a093c6f934abb0a90,11155
100b602bffbb11ee,2a765ad33494c11cdbd57acb90e8b324,1563
fed0708c7fca6065,b178de8538f2a306feefba4b4c73f3dd,874
e8efe1511fd98828,12de287f408bc77f4fbb1cbdb341287a,829
513bbc7ec3bcbf81,b3de46ea104edbf0857cc4bd92280eac,777
973e075bd809e175,0ffe83dac7f9678fc2d523d91171d9bb,720
d24072eb0514b93c,71cc88007e1a1635b6b0657a6e2ed9d3,5674
a8aec49ad8f67b53,822d55b7dc9b661936a9519e3994f37c,1876
f25ae024f7f49080,4cb3beb6090b16a87c561ec8914f9449,4319
3f602552307e10e2,1210ac795894747567960c274e1aee2f,1014
714c76222829f701,9e9851ecbb0ad1f7c7b4e9ea02b551bb,8744
d167b10337e6de9a,f17cf84670b67ce1df445ac0bd22d60a,1824
ed72859cebad0597,1e72c11c46d329e324b1c616000067af,7905
7affc8856ba1e835,9356dec8ae382d5c95baccb9b39b8aac,5371
2af79ef96e37b734,434a8ecacd8a4d0fa9f0b932cfb07696,5794
4c1e4cf29b86af12,d5947fd5d0f8f95b5fc3b723e56780e8,1674
384f15e1300c1881,6743fea792cd92437404c5b6b74a2fd2,1939
2244e0f6a4c273ff,11505a383d39f6b6a07db0c101aaf355,774
517810f445039030,513ff3127f5bc94f16ad7dd4426e2da6,6602
d1115018d2bd84f2,00b930e4cfef3556509c53eaf3ffa341,1366
dcdf3b75b5ffaf7f,ac3e518b88fa6226d8a1c16b24243e2f,1212
a1f0a4e18201fd81,5f5b0387e00abad3f81b8a248e7df18b,2999
8346c17c9687b38e,b516e6b8dcc181372a96a82cb16098dd,11031
cf5cdccbdab5b7e3,a2a8f3cf2f53c4781882cfb3c7fb9f0c,5409
2d0bb930cd40b369,2bd9b26c90745538d010e773ba8d05a8,4220
72fbe1f2ffa093b1,54a6dcc55ee4104cf48eec2b76380abe,795
9e6539fd7a3ffb81,9aeb244b4847d2ee4edd8bad527a721f,3091
55a819e73249e4ae,dfe8406580f56fe3455fb86bc2b39b4e,5012
69cde1ba3529a93f,8c6849c5a9b0457ca7acf9c95aa06d71,943
9d1e4e31a8880ac6,a626acb66d9395df4fd0923d173d5e56,7977
1a77cbb586816b69,8be66b016e9617babe59a77bea58e969,7816
647a0c471cfc604e,ca654088e8cf0a9e9d23f7af8dfb01e0,12049
02a4e6a2b1d57583,4bcaf83fd8c9808e0ff1144ec1a626fb,129492
38a17bc64f395edc,35ebbebc5e26dcc266c05c5a030d4c35,524
0ce5f7a8cc5e348e,566dc7b0d87a04ba1934968abfbc4017,1415
532593a82a8c3088,a007f406106f46b9d8ef595d8962bda6,937
c0be10528952e206,0af97b38ef7ae9693ba7f20c64b406ef,4914
5e9dff47fecbd3fa,84a089624d0559ad495bfbca8cd26c20,7483
656eaf557aa60ffa,3204fccb0f48d20abc8af1020620b01f,2460
f2c8193e20587571,875c39d6650eb390821fe9e9372392bb,2803
84cd90cb3ba6c258,c243bcadc7e74e0919af0649e598e7cd,1090
a7baf0b4c5338279,04fc427bd000e5c2f96ffdcd87e6272e,797
3e640cc77ac500d2,d297d5c9b8dbb23d58eadb0e5ccd27d4,4526
18aeb1cc91e4b42b,6a144cd66b94713fda160c942d32f84b,1171
8880aaa987aad5ec,9a0773a70f8abfc77d8d8074e22dd9fe,7388
48037b7524738855,e0e11e0d0d4cf8984caee2e8ae867e76,1947
abd6b2fb5c4511b8,76edaad6ac5698d2b49c27632916c378,4156
91ce0c26c183db8a,8f852cb94f3400909883f0092a4cca7a,1475
05a0f326712c2147,b991f29c9c17ff157b01eae854eae078,3769
6687d084f471ba0d,7c1127764ec089759dc4856175102894,2523
d7cc772db79ebac3,c1dfbef2168de891ca500b7cfa79329f,10448
2a9d714c94545b8c,96ae3c1b39c0dc71222fab0ae5854070,5173
08acfb47b26318b0,023c67b11c296f9ea16f5bcc1e67d7db,6748
6d3e93e0094397db,d1fc50021e86dad9005ba944c2b192cc,3149
fc68b390720d5094,cd3f5f0132586f53b79d54a0250ca9ba,1285
5b176ddcba7fd91f,47a3747c1c5d9cfdee03c033bd5e9e35,1806
55037487d114a016,bcbb2b1e82a07738dfc68d8fe7e9ca16,1120
9389ea2e71f45200,84dc74fa4e50fa4e4c65e25b588ead33,9748
4e5853cebeb966c4,95547d55e6138c8c0c2c67dbbede9034,656
d64249cf23fcc899,f356163dc5bf6e97c7e93f2db437afb8,758
59075a5fe2bbd08b,0eeda35f4a043383bfdc56eb41c63c94,5967
0e82919b9e5e1300,314c051e3125da569e83cc0d5db08075,8263
28e9a6ecb9cc8ab4,178456171a5a4fc3b86fc44ae0c27920,762
f6723220a80b72f1,822d2010ea74601e477059dae490f5f2,1115
dc58b33bf7f77ab8,a70a488e38f0fc813f21673e61844f9e,1016
25996088bb7a4339,c108c4b01f9210cb28da03cf227f0614,13967
ddc8912dfa625411,585204295a148ff50d7acee2c443977e,9166
4bb4cc6a305eb937,73ad21de99daacf6b865dc26c54f95b3,6870
83cbc2e26878b9a3,74c0ad2a035b8db57da20c5fed0f0d6f,6519
6d8c3cbd1ad0b004,0c598f96bb240ab39c9a354331870d75,4315
9a41776c1bb33313,de65bb59bfe0ce3a7fc469f62b6457a8,3389
e684498181290730,45cc14e5c11c5724348b98c53e37f00c,11360
c7dab865c9a90a41,8180f936dd1a2fdb4b8de3c0d06e6262,10273
f51f9154936918d9,b107c10e346e48ccab6be2fb5824d56a,830
87139ff8d9706a12,aaf44ff6dcd9822c626db9c454d61aa4,2478
691ba265ca4dee19,58d5c3fd6d431e3013ef824fc6697b84,10487
e4e62cd3ea93bbd4,c5acf5c4d3c827741246dc4a83331d00,5626
2c5d0c5e112f8c6d,4cde5f5cb561185e7f13cfe5f6ae38e7,7071
0c27f62705a4afb5,d1b28951ff29f80c8b173663fa51997f,1204
df466c2dee93c2f3,e9ddc43614fae4b4635ef202316a0461,1353
566bb2999baf83a3,1d7b88d6a5d59e1eee2ec729f8825ac5,2633
30eb09d1834a6b6e,903125030df74cb3b97ed7ea73c287e7,3794
d5f095dad5721143,fdd7112ba6a39dd9555d1d1c01957642,4369
249b3266a7bd8ab7,b2bb50526fb241d2a2315e136d021713,2114
1611071cd758582e,d0639f6fc2a632de65dbdfd2c3a65e25,6215
d0e9435d8df74bae,8ae78a8f4ee685aaa08575a756c5f8ad,37192
98cbc3b6b78ce4fe,828546c13c25c99fe0b42721ec83b950,7172
6fdc0e82d3d435c8,73d94c677b81a01085d848f548384e1b,2770
f61ac7eac6217664,1be5fa1a255d43121c203392d769fc80,1091
07031a8c03c64ad7,b1e6cbdac24d2522d0cad4a991e32e34,10723
1ddd0c2fdc54047a,67e2c907dcf5bb9c3f7a896d260b90b1,439
2ca431864a2d4ba7,2ba3cb5866c6ae8b83b18f8bbbece4b9,3261
9c5bd78bcbf90661,a62f3d95613c98d4cb856d2eb7477e37,1168
de6210e38b12b398,b7c63c6dfbc973cd49f98287cfe542fb,353989
a1e25b6419bb7007,5f9a00124606d616ad036eac54441464,7828
3028b193b5d026f5,3da70bf30f82c77a752cedc5d3d09bc4,7462
4209c31926ea651b,5b64e8a48301b1cac1f69baf6567db6d,380
7126f6970825211a,4d53c7df26be3b160dbd0f0bfe436e4e,4473
0febc44dba01c4de,a9ecec9b16a5cf6d9f63fe88a426130e,500000
c785992ddbdac860,776fea1dbfc8e53c8d1d61ca7c087fa8,1686
d46149f1bc1dcc38,585e8d97fee62493e87ec4d581127ddd,5296
dffee47f70d6fabc,cc64c2a547f5fd7a61b24100c6efad62,5488
fee329558ad0888a,62461743b4af620cc275b4c54bd70d1e,9094
ef3fd013438e71b9,a62e1dceb0eef5f546fe34063fa9dca7,1185
31d2f3464168d970,30b5f8e1a44cc11bc411bc9d82f5f1d7,7817
62177bb815e9c34f,7209883e909b8ec09ab7e1636c594f68,6323
8ee8f79817711c3d,4dc6ecd83adb8192d42eca0caff4fdde,5216
dbd1803b4a6e6c31,7dbc12c78cfa40fae291b6a5712c8750,1154
db9f23e88710e96e,49d84ad14f82af64629e4455baaac7c2,925
7da667e2dedabc8f,976eb345aadedf3a193350d8db6c6d7a,20908
c86d6d112d4480f5,ed754cc5fb2be623a003b668ce5429cf,921
02c047478016bdd4,4d0df62e330126e86f243e660423fff4,549
a48d60c52737afcf,9e25b519f6914b49e0fe62608281758a,10442
db648d0b81861974,277e8221546701ab20a0b8f9f06cc607,973
14357177f5d1483f,b333a6a49afc14584288ab97395c3af4,2357
0a55a149943ed797,8989aa2b7303a73706a1600df6059940,5506
bd83cd15d41e9caf,ba52ff6a8b3230e8fa16e7fccfc78de5,8569
711a02961e681a13,e6c27fd6673d62745ae655378488621c,2761
c16abc20ca2f6358,e6d250c63c031448eaad9fd2434d65a4,8634
b076b266c6d26841,5a3816b4969cd55e464ec3f84d28c0e6,3880
f74c68e252bf4944,6042eec28c7155cc9af95d74c6b61af1,6501
db8ca8aea54fd2c4,fcf55a18142427c921be0f697c5b61f2,9621
18a3c67ebdb0b906,dc8a661ae9f8bb34a0bee1091d965584,6103
91a51dcb78550bf3,83f0b64c93d3db782aefd0f7e2670517,797
0bce2ecf47696e6b,9953a1acf4441edec4677d48a7bf6f77,1757
7d653b4adac3ba06,9c17eb103c987f2b4d55155ee231454d,13516
e5a05eb7e760abfc,6de23f8344ae828390ec15a25e7de252,2310
5b0ea260b8e90b2c,643d00c7a1195ce098a9fb163207b945,1267
d98a407e6ef9cf85,a411823c147bb7576ff8dcb62ed25778,1046
f6ef2fdd15f7cfb2,ccd9a6119848bab0e4cbe3d757f5da4b,864
423023977d087edf,a670f6139b5b04bc5eb694eee558d7cb,6191
ce35ae3a3cae7f54,dfed7528079d24c13405f4d770412fb8,788
7f872a0f4ea73c81,6466585758414a3369b02a36f43c9fa3,1054
d9182786f02c8526,8b69e832931144308bb51720e6b34141,3449
b0734ded2e5da397,98a85da5213a607285d22ea2d8d4528d,4764
a8ad4a4454ef2113,711232fbaef50ff7adc2b020407bd3b7,11166
11d4d24c5ebb5dfa,c1ed8982d211496ac791f560615ac6a6,9141
c4eb4f199614b741,3a8689ef2eb22f538d6bc4bc4b4cfeaa,6029
26480c25d675de0a,686879f0e7427fd6a26b746df8b77b46,1112
b30d5bf6e1cbd6b9,890ecd0a3fc9055f7e016337f566d1cc,1273
b8cfb06d638e857b,21ce5f8da47b8629379fc31f2b8e21b9,5822
5aa5b12d41fe50ad,a84d72917c61afdf00b51cc6c5deeae8,5866
96501247a6a628e9,cda543cdd5b501cc68ab1b32b53846a4,1332
bb7efa3a0dbba61a,84f6a0469d274f0d34960c249d9b8022,1621
70f79cc1b8b09c5f,c4525674dfc6bc828abf3417354635eb,3835
8983ab5214a8f1fb,180262ba4a62845101f198dee3e29c17,605
12c55caed8c32b16,b8baa4d7c7203e495d06b186ab13726b,4380
d688790b9feb2084,2f5bfd51d9470ab7543b8b628b181bed,2403
a65cab149f9dc1ba,dc2fc99763e721f251bad2e1af6ba9cc,4797
74bc9137c512e0ad,c6748896c99a2131bdd7fcb38c5fd2b1,4849
536fc611af2c571d,1b2334bab6be4cc841d3031739689506,1939
0fdecfc917f60503,fcfa12f45205d71aad3aee8c2ca0846f,2312
951a332f74620d74,21d3204e1a56db48b6c4d891eea5d212,3194
f43a04e0b4a35f66,4b94a4dde6b123ceec5151025ae446b4,4883
ab63409b31ac7e3b,68171dc35a85bbd2175dd4ff0ed49e53,1633
28d82ba4a6f4834d,e91b3d656be206e0c3ef05187f15352b,2996
21b4849317031b7a,9fa3e4798c97c0e44b61710634e489ad,7594
579171b9523a0d4c,5980737fd20e14b62343a5c0b50a50d0,716
3fd9e363acd82faa,08f8e1cdfaadeabc0dba8017ed82a623,1391
0ce5cfd234e23016,519e58d224903205c87ddeff2fdc1d59,1809
40c93e84bf75d568,64a51f9bf0c6493748ceeeb20910c1b6,1723
47f4f9dc7b8a7e1e,a5109a1694742b9b83011a1cd5e7e62b,1011
a533fd6ee176f84c,c6432f3f38b07b86ff4808efdb2327b1,7431
8bbfe24689b767c8,3e466b00e745b6db8c4a5638c63c97e8,3703
baa05ded14392a70,945fdabfc19946bfefbec3b74eaf5dee,621
051401944bc9215c,ca7239e7a2392041ab995f7350dd0a00,920
a266a239fe0026b3,4c82827e94bfe277aa085dc00137bab9,4851
a40b6d981883a90d,70402baf4fc6e6b243c048e704a5a48a,860
6fa23ffb02acbb3e,ea85406d4c9071d957e0502f7f071468,8415
01e62d29aaddaa33,5979802512304e4422afbbbe3b203cfd,500000
bb4d95344944f88b,4342696642cf5a550bbceb732a8cdafd,1436
67a18a6176868e61,489c9c8491257a3da51c1118f4171149,2541
14bf171674450cf4,8cf51b80480f3f6e615070504bff3968,5842
2c406bfba7c11906,cfc0b3552262b54a1093fc96cbd9571e,10799
5f7d4e1372a5c80c,88a7d83a581e8307f62337b286ee164a,2709
281674c09f8505f3,a7139862bc80469f6dd98bb33d20b43b,8828
f2684bf9282c1c2c,cd56884a758adeba12ba1d10154bef7d,1657
af35445232b7e598,41fb2118b4c1c7b7ef54583376281b2a,1132
672e42f9de94a9c0,82ca91fb40d6a0653c6bb492493a963f,372037
49d34fe0ae544941,6ff1f231b32cc7bcb18ae16f717387f9,5171
18517ddff474b3c6,0024479bfeec393d79de2cfa7b8e2507,11302
a908866c0023ac81,0bcb89c205f3674a3ad1bd543cf2f536,6050
b88a3185a2b7aef6,fe96416366ae177626297327218ed644,767
b17a6150f20a32a6,4e367bac8af9e5f9a557043cde2d8ed8,183
7d8dad3d68f4371b,cb8964efd00c843c102012ba9eef373f,3590
d8469dec96cc8d82,1ef0b9cac702899fd82dff6ed53aec56,7994
82d6200513094a28,664f6280b63aadfbfa0e70b48c027aea,4887
3a077bf11cf7959e,2e59f6c898fb008d7fe74b9908072df3,856
2cf4d56bae277106,16a489bd02e6ac2f8fd59e4aa9c6785a,371689
00dfbd7bdf9c0ae5,5febfff0ccbc4a432e2364ec01c69033,7007
8387d7a6f1d0f216,8a42f6b29ebe4778a148fe9d8e2e7080,6787
8a2a5e69ce734d7e,591f936d64419e6bcb36a4523992506b,6025
7f722de6b2422fda,6a21f00109c52ae45b0b0ccc7f1a9978,703
9d94ba89af6cc421,62d3d0e6748d6655e69b4ef973385155,5374
3b77f0a644185a7f,eedea763816fd61d4e90b41ca81c4ab8,1442
e2affaa309c04c34,bb82e3748db5650009c163656c3753c5,5168
e9a5c5b2b4173c77,a4e41a6094eecdf54e9f00000ce94574,2013
6d3486fe7f7200ec,3d2e664b861974701d67a2da0c963fe2,8280
d2c211c042c1f666,b500f956fdea2c60c96bc0caab6052b3,3534
43da2fb6d0b9ae5f,8c48a09e82de2c112a3a4b5b9979501b,7587
ff0e500cf06296f2,3472b7aa917a544d7bd3da73619c6353,587
fa61ff7b120cb26c,363070f559c68af35a3520440aa59b9f,9080
0d05d49621dcca0a,0df63d8eb18dddb78f2e9791dba0971e,1229
7f3fc7a851404406,e4a9891156239c26887d4cf00cd5f440,7043
b2a396335a776e31,c37bcb77f80afb7f2e11bf35f281eae6,9938
65e113a0f4d2ab91,8fc68cbe2f04982739703e8f4a9c6603,538
f154f62f8d4e3a3e,e7f86f4ca9bee24c8d94118b1e9be2e2,8522
d3b27958e9e6e760,824712b4fd62e1e36b5a4ad18377f391,5177
57c0249c0f0feeb7,6c3036b979d7e405b648b6d6cd44ea8e,3813
7f8d8546bbf93b7b,ccd25b70d34c0b8cfd47f6f3430a565e,763
0b315d06b577de2d,f2df8e2d13fe25dda1f9d37c30bcb617,976
43b1089c8e1dd743,edc267e7fd96f1fdee04739efe58ac9e,1005
13c3a6a51d489c88,6adb7572ddd3af56ea97f56f2e66d8a1,3133
906c71cdf9d7d843,73202e73e2ce6c1a6ec0ecb14ec3bc6c,670
c7075a695e6369cb,e32450de11d73dc39226dbd7a1f56e42,4261
0d89380a83b3edd3,593bcc706014368b37404ddcf1f9ca12,1015
17b572a487165a48,6d5931fb5c16e8f052a7f76bc959903f,1224
7e876ef912d115a5,8c03d8715ce40b020c0ddd93687cdeb8,1062
cfe3cf33e84cbfc4,300cf1871da83a4c281993ed584c4c02,665
bd433acd012a2108,e87161d626d639027a00c4beb0abdba7,6187
e3e38b6a7419939a,6ff79dca710de9bb346983450eeeb1a9,4271
93ff464dd729e6f1,e309c7666f5d0e0dd75028a3c115e228,775
f62dbe5c5ddb84bd,737802db9a63ab83e51ad71b5bef8008,1787
d56bd266f795e296,73766b062131985f7e3d31658fa02aef,1073
96ef2efcc69077a7,cf9f439d0f285c64029d4f444e21e734,4274
90b1edc25ac9baf1,af75de1114a3d537b6da5d6919c5fc68,320
b8d29a8bfca9fd09,d71fbc8a4211073014cce438423d9e3d,6835
f69b5e9ea33b06ce,173d96b6cc6e793f6009b04d71f8f2cd,11856
ac90e7b59ab436a0,c2cdea2f3a93806a4040d29914fe5a47,851
83d314fd8e56e588,d24aa9e2c0197b0fbf4f556e450cbac3,1017
9a83440dbb9c6bce,a74d2a5ed4e821c4950f73065c35a480,29315
21aa213597d5bbb8,2363968ac531605482f30a2d14ae88af,10290
1e56bd0b4905169f,586a7311437be0524dee026917432bf8,8456
33cce3f4e2d67edb,033a5f24b5cfcf5f0a02921392ba531a,8788
82043017f7f6e850,cb0d63f8312e2352dc73e8ed99ab3025,746
f08975280cc2909a,7bb113770bdf6e2e26dda0cf3ba2cb82,1750
748b597b6e6753c4,1d65759c6b16a8c56e19321b773fc85d,6675
07ff80e20906e8df,a73126f312aa0ba365d3c40ca057b6ab,1196
75a81d6e475e72dc,56e28ad819fe096d9a0b8220436029e3,8841
5f18f90f99530958,ed3f74178e50ff58468235cf6a21132d,6286
c89bc411c0fd4a6b,fac2519405353bab310cc26298e707b9,1908
c0df6544bccead62,61e7d0d95f1afe2430dd9f1f0a30ae74,767
8397cfeb7fffd868,72f1b53d5fb5dc0c8687fccaab082da1,540
dcf46bc15c485289,f6f681d79c5bb11e969ea748fba160bd,5904
fd98c1c273af54d0,305089d82faf610802110906eba43459,6142
bcf6707215d7ce81,7c6db1569f246e1a1d162b7fa27331d5,804
08989a8df452c7f9,8880cc84b4712a53f46c802bb1b1e967,3309
858682e118734113,01014a4517a494586de10af234b531dc,19607
660b22fb5c5b53ee,e5e9823a7d112f365f82279f6796ab5e,3197
56336d1a51e6d731,f512c9b0d58e67c6adca7fcf59c9039b,1678
9a010e4fe23b7fa5,ea380b442f82d7cb6d89ebc838168e27,6801
d1c6e5a8612aea4f,688ea083fb77080af155faa93e2bac77,662
af5b7b062aa76607,0a04f3b672b9cc87bcd0a01b0e24a4f7,6591
151db6fa6a275561,57eb5e3020225afcf9f53b47a12025e1,4818
b0e97278272f064f,3ef59674bc133920765b2333aac63cef,1638
7e9bb7f510241c0a,f2391e6ee2af0fc052c2b2d7015a488f,2612
d06112178b50023e,6343264e826aad508050309c8100e930,4319
b9fa7660e92ba41a,37f16a699d81b9485f4a7dbaa4ca2e15,1176
f993591d3a86d9b9,ac78d0a1e98ccee7f12afad1fcafb065,3343
13b710cac121e7ce,980d994831a0b0fb68921cdd144d670e,5365
c398ed91f28bbee2,f2ef0ec90548261d4dca851a1d0953a3,8723
2c270a352c1aae04,b0f255c1b4178fd4536139224a60dbfb,5722
c5e36c98571609af,2822c85b21b0862297cdce2f9469074d,726
88f3abf6c4971f9b,339b2c4a4a2ca062ab7beb7795955159,681
eba76acdcb2fc5c2,0434da303f6b5b70d724a6ab9a24050c,2387
f85b4b8c12e8467a,afb4d5a9b593901f8a6612a901ee8a27,6853
41eff8127a883533,e8113ba8f91c643e29284bcd0b757651,5687
80002c7550e05751,01641fc1fe5b7c61cbbb960e5ed79491,5519
0ed67d093dccc6d9,c2d1a6bc4cd11527aae6ba9cb9fad962,4014
d17bf8d00f7be74c,1fcb2a7cfb6f840dcf128c56b6cd4a9e,500000
7be7d60eb50190f0,e78a83ed2cfb3a0169e7c10f508ff00e,9491
48cbfb96a0b385fe,c0e379e075ee2f871f6f7546a3d05e9f,7920
ea52f97a0f032d18,ff249f5f4a6bae8f931d7a0a4ec5e45f,7502
d8c10e6fa9c300e3,49f527e6187da6751b1a018966a77665,8252
3ff066e951bd352a,8f57affa4b0bf739bff41a8c7a3b0c47,6533
6411b11e9be9b927,22fbca6ec0bb331b825ae09afbdc6e47,930
2f7b2fa2d1dbaf16,2bb9b93786117c7da8114488f5f7c270,7039
c509caefe065d19f,77ff155aec2b09b3d9e63d66e8771a29,2042
3b561e008ebbcf92,777c2df4a1d21a6b7dbe3a82c211ef10,1867
a5b553ead920f1e2,7a6f98938b951eda6bf1d6b6b9c0f81e,4192
31e0f5d813c89c13,bdaa8e707188a627c6514961c7c523dd,1408
b31eb4521d58c61e,687992741c21a0f006b3b066ae601537,4920
1c9a594821b35d7d,e79aeaeaf17f5f6ebaf984d2caabd6de,8610
5bb7c8062402f270,fe0c1012ae2ae49dff814807bc6e5f90,4370
92b1cad2c61bc448,fec66eb7dfa598efb2e7564ed4dd8a7d,3658
7b35097a33e0d747,13d2c6e9f4c622f1128049fe7915674b,904
7816040c4c90ccde,ff6ad0b7827fd63cc18bb02b1a5afeb5,3808
96b16200f4c6dbc7,a74d63002f20454a7f0434479e731df7,3429
c4284e636a0747a8,cc0abed01dc42a50c067a3c06515e927,4937
e278616b9fe574a6,e55516dfd47cc39a4b858fcd6d8dbcc4,5907
ad77d1c7c7ebce0e,d9c8f0c345b6977871b273e81266ef1e,3279
252bcd88fc382443,22d0f1617f0b068bce8d8a0444bdca68,897
91a1223b76c03255,87370cf956ffb3641ff3efaf161bc881,9480
9597e51c6fb02f98,dece33538b267b0914039731a4748bcd,5640
94c4842a45ee76e1,921d84cc92420001f0b6494e3395976c,7623
9a4ce09fc064535d,7b9aa7c438aadd92cfa55527e91d6b76,6195
6ca4e54414f928ae,d997797cf2efa62637dfe829ed8e067e,4067
e5840b179af4e74d,41559a5e6953ab510389ffd639892224,5038
7b10b33c1147c347,f8ad6360bbc41bbc573e0955fb54ff20,500000
7f4d00223d2991c5,68fcae7d74762874719ce1a646add58d,5071
848cef7a89979da0,4e6fc65633f744b0fd6e5f7975105070,3970
fd36360cce35f8cb,ce8582157e3aa9f82ee69744c591b988,8256
7d6ba63f93dd058b,87011285398ee193795e2d6b7e9b2b58,5608
add4d8fd43e81c1f,9170ad40fc28081365eb28cfa8937122,5431
f18824b354e918f0,94fa9c41fcf039345d563e1d9c32b68f,7402
d4b2601055012997,9f6a29d043665de5de3ab3dfd6c0c6f1,11631
6f2574dd0205e609,f41254e64302bde92749efbe99533ac8,2164
76be7c6150dfe489,88fc13a4b2d8716f4cc132a8dfa2009e,1638
e97358e554f33973,ea36b3727a4468d1d9c7d3d89303b0f2,782
246da42e34cad198,147f3790352de53909359e3c31e5642f,3920
0a67a7aa7ce15e1f,f5415eaf1714a592950df76991a8b5c1,9421
0c00222ca6adf607,d21865d44d73eee88bad039a38f5be17,4985
8487898d20755505,0ac8aac607a9ae25ba6cbb6b63eb523b,5074
8d5410ba7630ad5a,f9e133b58b45e3066e8cd8e8700699ff,6702
a4563ca001b44138,73f9dad88d3497dc339bce78662d5ce9,8751
87c6b6940a95885e,608e36e75798325d9f1616b1024a89eb,12797
a530ba48b59b3618,f54d6f42f9bf2f12d138641dc2e242e5,2037
13eaa3bdf8bd4c43,3edc58903aee0820f93ca549410bc403,4740
56dd73396bd1ad90,23101e51749fb6966cf07baf84fe0ebc,1250
6fd465252789c5f7,d5926f9cc25b0f436654440b7c6b4008,5194
ff9a5e1317a39dc5,04bc306d71898dc4a269fc2df2b58e24,762
0ed65dd76d1604d9,5083bf80f70943216b1f37c9236e3193,1827
10eb21363a4211e8,a2d1331be34e7e553b00093b05ba7789,876
13fb8f6338bcbe5c,fc94adb1c1f02523838a8c922ebbbe3e,2373
e2c34b606ecac46e,0de4e752806614b4221a7d7801b44676,2036
61782d96a31eb4d5,3613f19f7c89d6a8cc6f72cba8ff241b,8163
e11e50ff745eb36c,c1302f07084711ffd69ccedd1965185e,6856
53102c22dd6d39bd,c924afce5a4a22970a1390b69ed223c0,4029
796913c4880b8804,3fb4413897bbbf1e892c58fcd0d779e9,9577
320ce18682f8e98d,a44be19eec3d095cde5f53651bcdce78,500000
f0c88203166ca018,1be3f14053fd7e8d6e7e9ce32b20488c,364
5297b7c9c24fe559,d34f15143b69cfa9e126d58252b63d5e,766
c581eeb4c3d7218a,3b1e167c2b624260cf8577d5e9fbabbf,2086
7da7f97f396d8525,590636cd4268e20b3f516a959e5b561d,1005
7850c153c5332978,929ecae59045efec183d24d11ca89723,4626
26cd984f052f5476,ef228d57c4fddf42d4ffcf35749ecc28,15103
0443876e19e793df,927591036acfd397f17f79065420b89e,4207
de3633d3c9592964,a6abe647eff9e7e757a11ed95ba8dc10,722
73792ac47dbe0f5d,e7587e78ca407bc3cb9233c688106090,2161
c5ec13ee4d67257d,c0a99c305c604d39c4adeb777cbe5813,3885
7406636a22d2f2e0,0512f594ec9ab6f66ee42de9cd77a50b,848
a36b58f8a4774486,4690af05d9a799bed6fca325cd27c492,6024
f9515a05b9826a19,570b299e002e4dd491a2336bb66573b9,8896
b608342d81af607a,2d47ba759aa9cad5cc49e68c64170773,5765
dd63a6f9d2ce54fe,d6c5cd9905fee162b0afce8cd1d782fd,520
5c2237388bf54b85,9c905414b70024d793c4cda334d4b866,7100
da512040c2e82099,aac60dc676f84ae2a7e38e047a78cd3d,3107
0d6fd0c07beda2f5,f38f5180f7182aef3d25fe49c47cb3e3,5990
ab634a44d4ec0dd9,1cfcee26e895046cd528daeb7a63cfbe,1462
27e357eb98e7e8c5,b905521be0e23f770f4ff0fa0bb5cf05,1168
cf7d32fb80b14875,9646a17644b145e2d14bb9a2ea6c5bab,901
b938ab0b778d2740,24527971e1f382a3bfd86e6f61924d49,1339
1e9d41d98f7be13e,e3fdd6ef8da0ec3c4435bfb7d6d71253,4480
f3262e0fc9aa7357,7ef4bbd21a7873314b3a75cd85d36517,5113
bd2c862874c48476,3339fef8e8ccae883382ff24acb7552c,3317
adc802249209b53b,8e6f58b139d5887b25d4fd38b6a0f165,9210
85651373bdddaf84,2e4339f97330e99ca91acbdb973f48d7,856
255be21230104e51,ce6dfdb4f5acb679cd5faf05ddad9eee,4889
7f72808e49020126,5c6a8d4a68cca3512c2762cc69990d5f,1865
f017c6a977bfd5e3,353086073e4a85454c595a398f3e0180,7500
330efbd97305a0f5,773e725844b5dc7c59956bdb08dbe174,6311
6d22a824a5672f3f,d6b23c5579f6d2d79f6000ca77101626,1573
866cbb0c21d6814e,2772b88a8110121ba28fcb5c101e2f60,10439
425a40c02a69fdf6,ef279a311949887e2afcbb26bab212d2,80462
856770377eefe0f8,47001157c2bd1b909f5f42ae4cfa86eb,670
9543bcd4b9b213c3,342127436012c0e26becee31e4eaf879,1387
6fda9935c4d9f951,a861cc8739f03784452572e42b829289,9710
de2c8d57bb7bd9c5,729f826a41fc21c2b035d2c2f2c114a6,524
84c68b6fb89c5198,c18dbe8ac3634ec20953050987aab48f,5586
f736cd20f6c71d4e,d9366931b21528f14c37cc896016ba4f,602
86c901256893cebd,7488f3b6f38fe81c301a5533bc5b4938,804
7192d6eaae592e50,a39cd8d4de39acaf3032662a958f2b69,2367
4f00239b2944b47c,1ef88d386569e8eb669a507c65522cf6,500000
d1f7571cd7a1991f,5e626c26a07a6eb9a637af67c0322e25,885
55edc54992f68eb9,938c542db0c8b01bd5fc479cae7a1d4f,7974
c968e7f6573a82b0,5bd7fcb9654b328894828342aeffc826,704
e75972eb9fdca64d,8c0c536709ede0d389421ec8a030a86c,845
2d226079dee51474,e2aeac60a4c5255f6123ae152d7d99b3,500000
6befa18beaeb3028,daf5517b534ad0a42a980bc886150bf5,4821
0e837a83a59f6501,a955b06270febd9b0d0c4f1daef0e23c,4910
a7d2b87af571ebe3,7aa9775661763c790fa92f5b1f94e27e,4979
11761cbd537a01a2,c787f8b3c20ddb89a96aeda9204da4b6,5058
cb920c197e4e2b57,dc50df8aa80baa70c43f807c243dfaff,5537
2a2e20d595980f74,21d3204e1a56db48b6c4d891eea5d212,3194
fe98177b5cb9d652,d0035a443252c081b4ef17ab3cdd029c,7569
d3792630c5cb158b,d7503a91de6a195021af55a2b42ed03c,1121
ac3fc747ff13999f,bd0ede85cbf61b76f1138c3bb666c9d3,7765
fbcd39a868ac2823,632fa2d03c55071ae385736bdf8361b5,2157
8cde587ff8ae1358,7dc615cf197f2343c008580c5594ed50,8469
425d469e468cd0b1,c74b0ccda551adc4f62ac67ba918a717,6979
75750c33456fe932,e06cfdec3cd992fe02c2d3ed474ee0bc,7147
adc973dfe58ca744,6aa7ae60b87cd7cfb3ee7647099807dd,970
a2f3ecc56c52ee3d,377c9a991b0c3197920e726bc10a7a3e,4502
a5bb18306c82a5a5,0cc33ab2b41c10ceba5c7b499f3db85c,1072
17260f114d32e99a,ff5050b9c667e30f01242e6c24531e3c,8907
82d0d94950984c1f,c6951e3c131b85d7adf0cc9ceea81e94,1387
7b1467a10c442cab,778fe51b3aaf4575680895d5cdc95829,5577
f8505538120d4dc0,7e83cc6ae9b9a534810dd15876b54cc2,1557
1f83428f4dfba7f7,75ac9ee433686109561f4fdf9a09ffed,6025
799c7aa21e88a876,217385bc0af523189fe5b9164ffffc8c,6651
f1ffda485d453b15,865813d5a79ea03f162412a5f6e077ad,4595
38a4725b2334f039,21d3204e1a56db48b6c4d891eea5d212,3194
b7dbbc0822438b8e,76cdfcb6c4970b2dee816403d7939a65,6685
d06c0b40fa692e92,8b214953e584dc4888eb1d2f13973d31,3524
5dae490337363def,bc00509ae2f4ab9a7fd05cc3a348d76e,1000
d55760ebf41589dd,65f82eb37f12c6cfe48b06bc6de0c79d,2194
83882023d8cf2301,4c8d1ae4fddb0b2c5b5cfc1a65467c8c,6383
0abec495e15193c8,c222c636ff4ffbcb84b6cb26eea84922,1474
7c1600e707c36069,b55a0d7d0703f271377e72d4c1a4d459,7291
311025de72eb4d70,2efea2c6d24f9a608574dcad79ae24cb,4393
ad77217d92e8a8b7,386bb1bd40e150ddc870d768a4eb6463,5247
54809eb5b2200b80,356a3820ca695aaefd398067994e60ef,3526
3f2b7e66f49185e3,0c9932abe72bbb2afe18a468788b13b2,9282
a8ab28b78bbe3886,0c9c1f9291bb6b90b1ae0396bacf2c09,3484
d5cb9d80ece9eecd,a21fed198dd62bfe9c0692dd80afe168,10579
ad2ecee4cde65912,7a25979eb3e4290680a1822268dfcc72,9065
0407bcad44c7464c,4d1b7bd8cfd226a3fabfbe84085691ee,7734
eb889ceb6e1ade05,6e32fc90487806d7a406648bcf7f38e3,4181
19af8da72510e10d,1d38a4b39cdce035016b03f7c29105da,1874
b7e6b42cf596b6b2,14f173cab98ad0680fc578eef1ffa026,5336
4e3247592e864741,f3a6f5d0ed89fca17e72dca4f9402c29,804
4290e26d46925be3,61d88f9739e01d9b22b02fdde95befee,8521
0f0d6e73490bf8e4,39e2786eaa48ca77a8978be8e6b461ec,6467
adeedc997558e3f0,be7f077779796929f624af4005d5e70d,3491
ea39d06e01e3f9e2,078c8d05c58d3799f5b0ceb2ebdfd5d7,1026
86f16104d6763c37,c0fd5663e8240f97e5c3ef046789683d,7974
11979c19020931a5,9b3578b539278f3022782145bb97c0a5,6106
312d777b503c5dc4,d41ea882413b57549f7aee3e6587fd2d,4184
54bd71aa245f23e3,4441812500cb445a1349160b3a75a6e5,5959
838e7d6ed6a645dc,b8d5ed022c342bd8fd14a26d9fccdb14,1066
eaf2cf1ce08bc451,55ee5861bbd2f43b1b25a07f37e90d01,6217
c15b8f274fa315ef,21d3204e1a56db48b6c4d891eea5d212,3194
e162c395164e771e,6c84a88d3a122f45ff5e52ece318ffbc,29697
de85138a68c0af83,d58a55a9f9a67e639a31ac30eebd483b,7648
e8b2b05ec5b90188,58403a25e3e039aa0a2f340e7bec43c2,768
d499a9464a46e762,b453a2a8a849142f3909cbeaaae2179a,7082
b262049f36d93fa7,4f747908b11a5c0659d4fa78790c82c5,6255
78ae42fc5a3d13ca,07bd9f6861f658c1676988511990a6e8,825
a6e892455804103b,36926f6dd6ad57bf493be3e9aaca9cbd,5694
d739e90cd22ceaca,f1be37e4ade5beaa0ad69ad7b65803b4,544
3e24071639aab4b0,fa68c5af17f687bd9ac09453db09a714,479
02a5179af1894dda,60f4d5a079c270d4262dac63913baf2a,675
6451f6ede0814889,734c5c4d3ead9121f9529178a3720039,2078
f09e5d053cfa6b58,b3bf835b9cf38b81625931cbb187f165,2640
e45e57cce8277745,615c0d22f6b482bded58cc6b7d33005e,1258
0d7092fac1da7d30,99b3e42535203a0eea644ee8d17ef1ef,706
6f8adebedf2712fe,5e5f93cb2301cf8410e2083c5108238d,32634
1be573a167deb9b6,5e99d667c245be52024c2f91cadf67ea,7532
92fdf28e65ba4164,b074b15644886cdb249cc86642b97046,3456
8ecdaa566474a623,88deb4fdeaa513c1de0bc4d75238068c,743
244f96ef8a33548c,9827006fb7f455d2a856243bb5c57d3e,6435
3f1fc94b1a53a600,c60fedfa13092fa56ae08acfcb4f42ed,2529
ea3377eb3695eec5,3c71a621c749d53fdde700f3e7143770,3409
037668e96ef4d349,125ea9b50f6e09a740b649c968414632,6527
b529b7effbe25a15,a74890144392bba57fafb0a74e2bdeaa,3049
89db6599ec869e01,41e6e72436a4d51541543474baa06c22,233
cebfc423a507b48d,f67d0ed7c32982c3ffa32f41d597e95e,685
728747ae58a82d4a,dacf84a2825ba1a74df5d63827803b0d,10251
0e11036839900c01,ada5d6057bc07a92b5bd17d32da76de2,6781
28ac9eb2c106cb15,969dd8b9f2a0946978ebcc9daa9ae3f4,540
2a50bf08681a9c89,90883b52ca6e06324a86a9e9581c2d12,4566
dc14152a4b49c696,236728df6098c75b59cfd4359255a8a4,613
78bd0e78fcedc8d4,06c2c6df573d85a2e8cdfec02ee24b07,689
59eaec0cc25ecbfb,ee78999ada8a403e486d86ddbcf0fd96,746
02298d7d9edb416e,8d9689f95750ea0eec4f91dd15475ddc,1089
cdb9263d44104e7a,3c0834c710b2eed6172546d04131627c,3869
9fbef4fa64e07cb0,417e3acd8b905cf6118d50efd964a033,9216
92a9f1d494c781af,3d61efe0a8d7517e06d53f0f56689c5c,5930
62f71efcdf9c8608,ed58f813547e6a084459fc07685bb074,1353
4476a5bde89c0b2f,76cf9cd8640d8465fe60bf2c06051ffb,2150
b7d649c389511ba3,25cbf751e443e1856f2d6fa8fc3bb749,35910
c74cd2b3dc4c8618,d88d9901a892e17832c1aca407559460,356256
ac153e78316ffb8d,edfdf720de54bb5f3aee80879deb5046,8305
b5e819c1d4ea6b4b,783d6b35edac69521e4b97f5fe72a52e,4716
05435600d62d212b,e1322684c1c043dc12121a9e19a3cb17,384
9f3251b8372a9ac0,ccc065d49b824ee63ad6d46707ffa89a,7379
bf7904bf79354447,8b6506d4ad4b3b1c61edc1d8fd59a340,2060
e6fa58332456c676,fdb175dc708a4858b73a46dfbcbde690,6784
4dad2d2bdc686a20,d724bb44fe689ec564349c1359ad3306,7539
0d95e2c95ccde393,96affcfbf4b4a0df6f0f4923d3273d22,19313
cbec0919e78b66e2,c6890ebbc2152f76327b0baf88b7913d,6116
c378b4fbde6ad5ce,ca4ea2547ae261ee266ad0598092fc13,908
aeec3ce17bb57102,4c6d87f79c8e7ec89439cc702a067593,10351
71d959369068a1e4,a2d9a7cb2c162c3ef99366da1fe44532,500000
f4206afd89d52884,599edb7b0701e4330d338d432862a0c0,670
dc6d663d8b63ae3a,c596682af16698b3d33bb5ca68d2c99e,12978
ba12190201e5f3b6,b4eb2fe105cdca1555bc8314558dc7f0,1617
90171af103438dc2,480db39a3bca203afa436d36a503a65f,2044
06d0a271dff69f85,20b2b32130931c83599eff38bab73014,10377
233ec0ce622323a7,65e7ebb6308b239de6019e9150dfcb8e,688
9e514e64a5558e22,c80f065971892e743a042ba93c6cb679,3643
4de7b850e6f3778f,baf9bf54fd3c3b5d094e1586989ae7aa,500000
2ab0c220d51a0e4d,4c5a4f0456d7462e1cfce993f2bbb3e9,2461
06118633ac32aa68,6acb81940c43547c1612a5ee2883d45b,5513
76a341da3b421488,4b497cb30c9b18c65b4f096acf29f91b,5488
f2f889685f00b24a,e93d5908cf9cac31ad1b74687c302e3d,6328
285fe6bd1ddd705e,8eaba116475aed889ccdfcd87eef0d4d,4164
e19dbdeb4c4138d2,f9a1227328cf9e74ae70036607b5136e,7470
4e462ec2579363e2,41d8a338a021fc7ff15c3e4acd1bef6f,1493
03852e14183e9404,d14a649f6823f54ddd7c4894e78aabd5,8293
ae552a780a4b0a35,8ba962fbba2017e561fa4fc3904d44a8,1898
3bca0b5905062446,f4161b907b405c7c7ce204b685d3691e,22386
7358b85e8cd54737,f4fcac5b15585433546f4f213abc39e2,1028
10dc1025150817eb,826856f9c2e75c06a313f15ad10da102,9187
33006e32327d63e5,5e9989485d42779864ed2aaa7ce2896c,805
df1d8b82d44a4fad,eac1433946540df287b0db44e5158ba1,5100
1484f5f855da1ebf,566aa871a23e812ff562dd8c7475fdfa,1360
a50b44b8d6c49e7b,c30b71a2d7c6914d22f6438ef39ad43e,6094
6f0add86dc4f1e33,8cebf2120cd02c8a88368a7905a84b2b,2263
6a4b3d4fb34666af,bca7d311f0fbb8f9dd3b12e09c23ce0b,7987
f85728bccc079d3a,b3f33fbc8319b28ff70ee5badc5ed984,2485
456301b75c35c387,3a80327e6aa4bb7d666f5bd31f958aaa,6201
01068753a8bd693f,6c68a0db6fe9bbd0090e638f6a0b04fd,1882
d04e0d5d725b1264,21d3204e1a56db48b6c4d891eea5d212,3194
a2f3d725554b1b88,55bffa2ed27f5a1dc334fbc72a2853b1,638
afb57c8bec2eff8c,920811c95e03d3ce1dfa25af5c7571d9,7227
a58f59eb5fdf36b8,6d933e98bb8859c10338a9f6410fc0ee,5639
bc623a9f473d6084,7150e2e94dbfc7f5208ff85238f925b1,1483
89826a96a42763f1,ed0225c36293a3fde79830bfa311c3bd,1420
c7d48c66ac340fc0,1284fd1ad728fb1e76a38cb0d17c302e,1093
55b1016adda43490,d26ef7d3398435393172cf1ff7686415,6063
20ca557a51b7650d,0f8b7bb9056f21ee7cb3d8b24aa6ff2b,2042
4f2ce67ad4ce1a0b,418d11bf14aac8d2eb8e817a44e513c1,7557
846b893982f66844,cda4fea50c479e2c4ccdc6e1311fe0c8,5713
29ea088d11c89a1c,fa9dfcc353bd479b3bfb8b7fd8af1a5f,1362
a39a35f06d72b25d,fee3d068963ce613717f0bf6f10ed0a4,5653
5b16f559fe43eccd,f2bf57fd2ca8274e5d4bdca2df6c5c67,500000
aa48f6270e535730,a6d08a5153f5451093c273b998567842,500000
340d1c62d541639e,e4a7dad1d2540b4716eb0f00df0e1464,2475
709eed82971d1230,da36f04fee887626284e22edac4d1170,1281
80819f5ff5f80cc0,77b54b9206e0ee40fabb1983d923adcd,3523
e65712a85d66501f,93d3387dd50e6bf0596f0a9ae6629bf7,4698
f0484801f2451d35,ce987abb74e9c06e3591c35089595341,7762
2e358f5ed03b9377,a72151d3972ee3edb2a909cec44abef6,5733
0577c00f68eae5a0,d338fde0e386652269eec0eec203ea74,2357
dfce18868996ece6,b523e84fc1262e3e48105462600c1a9d,19916
7e3336aeaabffd91,1e204e5bfddf78777a4d0d51868015bf,5093
f7ad1a3b949c9e1e,a0d726aed415825bb066764576f2a658,6076
ce8ded2a0c1ca1d6,4a4371036a0debb0febd733eca55e1d4,3000
8efd3537400d99dd,469345567502943de8c43b3d0c92996e,680
d36302aa1016029f,3d1f09b7275a14a4e9a4dbc536c97b77,3945
3a283e5f669bd052,c5759b782b5203317cbed30b1b5a8721,3900
d945bc824340893e,d4dd75760c3aa8826b642c1243f01c62,8671
48f56330d23fde88,654db66c604f39a9ee04eea86d3f8b66,2482
3235899d739093d9,f917be34bf275c1ff3cbc07d8bff2916,6721
01bf4905e1b6a539,695e8afb5b2e9bb764545b7613decc33,1576
15da547f76a4eeb8,c8632a919202cdffa4d9e1e21df71315,5545
e7c12fe011278bd3,b739146c1bbc990feefd6bcc2cdb148e,9350
ecd4a09780fddad2,2331ac72a796017bb01ca85545181be5,4200
844d967896d13632,48bad87cb3fd447aba93b1deaac01540,7398
1823b0bef7b2dc11,2b2379bbee3a46340a75620b141f3bfb,1118
7acbb086b0d6c72a,eda04b19c18ccdf89113fc41f48aeb30,1320
8e3d8c32bff8b632,5ff1de9f2acf38522ce728605205edcc,10971
6c19573bb6b56d08,31809bba7a731a42c092882e0563f4ce,4150
538cc10bd7f24da7,d18330a17cf9a33e8076667b45ded603,4585
605f824a7d35b9b7,c7f790c52fd6c40f7f6144ddf104ed0a,5817
96136c9279c1dc4c,7986c78fc1caabb5949a17c48e538c68,1251
78c81c1b4642ed4b,d7fa34a653d2472014ab1c9e7a0e6ed9,2169
ac14bd2f879e2fea,6fe124d677e527ff6420f8f9c375b7a6,952
0d513e856a104760,5502d64495c923ba8d91484ef911cb03,1359
965dcd1f91c26f8a,72e5d5281279f40607bb422e229cbdec,5304
19f11922e23374b4,78e48be752ac3bd9d2c84d10b9cf23fe,10515
b04ed791ababa5cc,df597bb9f220c1cdcd302e315fbfd3c1,1665
f75725e21c50d1de,3afb89e22458aebd338ad8abba8d2296,1230
af90a6e9077694e5,2e7055406fdda949ce2c90aab5cb565b,5896
bf3ee54eaf467ded,3aefca675966efce96a1281932494b31,1560
3bec526322ebdf1d,223b8045c2e0b8f3cec0b1812a94f219,6627
47a3898d77a5af96,2cd3b344c50b6064a549b3a1b6eac906,5592
eef753088c6a923a,2b3a468dd77a84dec7292d8399eb199e,880
88b76689dbb3ffec,7a9da37135cb419794d1850564db087b,1515
68b19198aa8c9397,da1bd8b783c0ed7b0319404be65d5837,668
e8a0a1639c257705,15716ab12b28f6f78bceab84499ffdc5,4614
614fda0b5e731df9,752ef9ee7e008f047b7c40181abb3357,2531
6aecf16ebbb7ef3e,32844afe6e0561eba0289a53e85f9a63,6460
80fe7a25d6b2c17b,dd0fbdabab9ac8865ec17ab090b173f4,3222
0e703ac975d66d9c,f3b8f343b64eecb5da83892aa7e27517,8199
07236e56acb3dbea,6e8daa0af9d22eea29f90206594cef7f,790
31b3e4dd85b91ddc,0436db668ec405b7563c89630bedea2c,1070
4f1b94e3324220b1,be23a9fcdcd941acd39fe8b83521fea0,4013
8185da9c37fc7bd5,f06e2d432c5f3db11e41b437c07cddd2,3714
0f541eb286a8ec30,55cde653c56487467ee4fc808d7e01fd,6723
929ea9052489ec14,ca79378e4318dff81fb9a0c18bd55661,3219
78acf07a0e9bdd26,53d0dbfef12574ce2da9818095996f7c,2356
c6b6caa458fdc2d1,7c187d72dfdd8edf23c15b62f122fcb2,9133
62bb1bdb41ce31c5,ff45623355990ea0f8bc3007bbe412a0,2047
14634590f2e20aa9,47c422c220a65f0c4fcfa49798d2f6c9,1043
7194d5dc67aa69b4,a76b1afe57bbfc587ce70cb350b40a1b,742
442efacb5f6e701d,f64cb3d78216640c8381beda5cf42603,2760
8312c0fe8589f681,8e6fbd2ed6d341b95b67eefb7561aa5e,6235
758442f37ce964fd,9ff45a3d97e646169e7fe70d60cecf7e,6565
c681aed8727ce0e1,254075b703e7a24fdfb03201a977bbc9,9934
ca8ea32973ec3566,690c07e1c9b0be8913b7fc5f33535e3c,802
5d83b45f1b7dc236,9c69c9acaa74c26630eb3dbb18900a82,1277
0a8c0b030a2cf320,6925e3db01529818d5d5dcfce7b43ef3,12684
e45bf1726455693e,ff0e1fb9c0647b1a9ea65afac5627801,385
e4145510a8be5f6d,d93aba3aad53b6247fbb61a83a5a171b,5225
62882a36109af934,eefc5b01af640c5aafc52cf6ac69eec3,1487
0f56aa3d9523ef1e,8998f36b4c022bf0436a5f251917c944,4527
64692a47d7c1c7c2,24b606913da6b13c4773e507755e5532,2710
55c70b4ef95bfe71,29a58a7dabeccb558fbaedd11deb490a,1268
0c32f143f2578b9d,421f37696aba1fcda929d71bb54748d9,878
4ab6bb07ef3339fa,f78c637c3cb03083e2d200280fd87fb5,9272
eb62b09cab15b670,86ffb77aa3304cf09fd9cfb7e82f2d48,3875
38f2adbe62272d31,6f0cf70fa3e89222b06bf6a828662d44,13237
588ff2938c5cb708,8be252b04679b2f52f43c3f3a153fb83,374
dbb162a66860fcd8,bf08acb7719d403a322f3c059f013176,1035
d70bce378b32b110,bd168110b355228332f32829389b0fe9,1215
6590190b1a0aeab4,d0dfc3b861f30273c185d31a9c9ab7f9,7145
1e9a473556e110b6,fe3a923cdd9b94e2f290f24547403a80,8707
ed46169f8478464d,ea5f8340b1d14eb321a155f4048778e9,3076
f8c759aa5b40eba2,5e1d25b7fa3bfe8173891e057bd58066,876
cdf40ee350bcd856,89fed9c35bcad8a411d293a4f748752d,1123
6bce4e306cdf0703,326de7cdcc2bd841a0aa096dc83b0315,14753
b3bd46c0d307b79c,0ac3981564d9e1cfc758c49eefe7d892,660
5f2927f85226df53,48427684ec2d7c0ff52671152c9308ef,896
167673553a3d98a5,27a6bc0c3f01332a9ddb96174a339ac6,6530
b5d02527d8118069,d7bb67c3a81a0707062bef6fb6b486ff,4877
02e0920e338485b1,f7c0d6f3a529049899e0de9ecfa51c87,6875
4020fe8ecf9f8a9e,a924a33f979e4f93cd2b2f720241a759,5075
684f091b7ae8eb7c,f44e395e5462b092f82f1d91d48b5223,1065
c05b0eb59088a59d,31eb9c39813936a06304dca1b2c8663d,7131
586c24a060376e38,f10437bb5ecd72b901b45d5865c52a88,6773
050aafe48b73f36f,ce96e55e2bbca794759d74d2db7d9b30,6685
5b7cb4ba2a88a3fc,a42a3de1f36a649dcda6b01d0a6a1326,768
8e5940071e5c83b6,e46131fcf81bd3aff56d4ed7d44113ff,8793
e7f0aa4505a84f59,7edac0ab2a0bf23e8ad4a123b0f71234,4372
241ad2c6062c09f1,fb83158ca83400a097ee2118af72c105,709
ea4f2cbb012396e7,ec0ed665749faf0b835df8f8f81271fd,3910
755349762c564ee2,ddf96d897531f93aad9f2ae1443aedd3,1444
1308d153437c7cdc,841b290688057411d46db8f4978504d1,5848
088a4e60ea0b5a19,00f2145ece1405cf2070e8b9250a86c3,518
d7c71f88576b5f7f,4e31fbc7f061442e301785545a496d34,768
9c943c3697c6c7ee,a82a919f59a65ff70161c6216a13ea5d,4140
7ad8d457385c1db5,af52e5f952a6b6ea4c35f07083fc6577,2207
4a754fb53cd07644,5d1e6d21278caac53aec2500b705c722,913
5855db4289c3498c,abdd246e8daaf26f8f7799889d72703d,5167
ebd27d6cf737f061,0dbfe0a8895ce8f7ebe2e6d701c9489a,746
d3dc6ac854b30da7,72adda77f38d7a1cdc9e09214b3e8c9c,500000
7f15defd01ba96ff,9095c4224624a6df427ca45f72528ad1,3902
cea05b60ca84bf01,2f350f069e081b0fb88f701da12705f8,5353
b62ed1218a6a2160,8570027f2713c6f5d6f6dabe68a95a26,748
df1669209b2545fe,de59074f48f3c03caaf2333505e21f21,497
7f87815601483773,8c538050b77264b7abe473eca6a62fc1,5276
b68ce1abc0183800,7c113e0a7ead06b81b55afd302e8e796,6561
1147c357ec0150f3,83263def6533b2446c936465b24ac9af,7354
86082eb3a8755b54,167e13798c7c8be577542b446c1c9c2d,494
2241689784a3e5c5,ba62a6a2decf719c967ccc158429d8bf,1018
9b1424c929b47a83,9edbec3eef15bf438902b9b8ea850cdc,4476
7337840c329a2f52,7f24697b45866f40b1af6cefa943b393,5157
dad42b3defad6ee7,bf31a74e51ff8488bde57861876b364a,1538
b5d3f18479e13463,0e8bc340cc2b49d64b7a0efbf27fe3d7,768
aa46c9eda356d152,228041cadb9055504a7df82ff5ad9234,5924
5bce242a27f958e4,79abb1c2b7808ff136e3f78de8b033f0,7073
eae022c8e8c2b664,3b316d43717f0542a873a89b7a3b62a1,6524
3bf5bdf2e97484b3,d9d637f7462579aa6f06a528f4a8ccdb,4346
c29f56d6572dfd6e,7e19433e5bddef875029b87251e3335d,3523
9246a19aa0ab812f,fcbdc551e087d05e250bf307f50e95a9,1249
a581022eeeadafbf,964ea108955ee52af4fa49f6b715f20d,2684
f1130aa21ea21fba,1bca44e641561404f8426bdb6e6ab122,28890
ff8b45f58b526d1f,c139b7b4f16b598aa3dee8c405227dbb,7556
e13d068bed811a3d,2e03ac6d278c8795c368073a52aec0fd,2965
b0d2732c91d5f762,85183e6f6c903fc8c83ca281567f1380,2657
268774c893862955,abd8d68728836d7d4921b47a2aeff5a9,876
920ed6601f618e1b,aa20bd5c48113391c610fe6673c46fe9,12457
5df3ab8f8863d215,ce811469a7a5b452be398681b589051d,4597
22e0b570c9787537,e5350937b16c0a9e6f09abd419c903ba,9197
8a259c18b99b38bf,b075a9582b3ed9287caa67665d7fb118,680
a7a7bcff8a5b4ebd,d77ba0d4faf3579d12ba810ba937b9af,7080
d7c9a38ce0456cca,6bb8d05edc3e4cc350ef33e1aa87ea80,888
b108dd8266e21c27,e2fb3141b3880673301dbe69190cd867,1221
98191f87cdea905b,1dd7affaedc126fd2d2d953080fbb8f9,7759
af325429eae04658,69da0f7c791b4dd871a5fb6e1f2b7645,718
490f182378c082a5,6148fe34423718208292a247abfda0a9,8685
77d3844e475c53f9,8d534897a1c55e1d54eae34a8c067982,747
8541d7baa475ebd1,c5558b7c469b5e57fc41b0d04aad0f04,715
9ceb58db89798a2a,5a1159798a758ef8c699997281890ed2,6424
53b71883c502b320,53330dc3393cbaac4ba77c69ea49b5da,3273
f5d27e5bd97a6996,82e674e6dc998a23919eac8cb7865956,5320
99bf3da3c9618ead,10b5152c8cb941a0533d40c126f84c6a,1522
81119a7245047f8c,1f1c93a9498c5badc8a9e5327022045a,9025
01859bcd2dea77f8,180f743fbef3515b525961ebd40658e2,1281
5c36753c4a836e89,a18e424c7f87adcd49eaa9ab9221ffa1,1316
041458a1fdad1702,6bf6164cbfb316d2fefa92bc50167224,6413
185b96f8e48bfcde,6064369cf0c1abedbeb55795faac184e,1350
67e44bc9e30ee85f,9613c1fb3ea9a121786a3f33eaca48eb,8153
c3f9f412efb4f953,9620d72b88205a344a75c4091a13c699,4920
f773cf455d013f54,4318e2b6a05e53a7413b676a7241bc67,7164
9182ddeb377d644f,f7c9854744555928b7135161216e86a6,7877
0f582e414950248a,224076955250d88cdf28fac1d954bfc7,755
559893ada96b291f,fbb42ad67bebcbae36e6041fc7d32d3a,5795
ffe7358258f30f4a,d1844a544fdb1f97f262dc613f6f3b96,5749
8386a91d3fe23ccc,df4b9277dde2fd75e82fca2c40bc1054,5269
282305b89f3e15c5,9f517c66b3ee8387df448a6e87f6f909,9099
1a5bd22934214ee0,fb05db72891e6bcb9710b65c1373c5dc,475
ee43a57843e48458,49f254e24bdb09ae7ab8f77db822c53b,9053
8cab95986da0db59,b82b8cc40cc76f66897d6e7f6db831e7,5497
6242592546ec7829,ba0f8c30a24b9139f2ff942d24ae8d68,6677
f0249754348151b1,fd3eac72ebe7a2b0f73ac72cba87f7e2,5199
afcd580852bd2684,1381398d27970634df1d3b43c63e36bf,8860
1da410759ac509c0,21d3204e1a56db48b6c4d891eea5d212,3194
4f0ced4de2582320,9eb5072b2fb655bb390c117af88df2d5,13384
3f2e0dbe24bbec5f,b22d52fa4a455fca149e022a095b03de,5616
1cef6d75977c518e,b9c2f017776a850cafd441bfe0f96628,6993
e6d5789cc636ea56,120b6481da9a983476cc1c2377aa760e,7992
cde1beb447205d4c,2e68cea756ad8c3b12987e5df29b2686,363313
80eb40b834eae26c,5f047e1c919a00b04cd824bb495ccc18,653
fe4159eb36b7dfb2,459709a0866870b205cc34da223dd314,715
e68d90368489ca57,fcf535f63b33e6a63237c7e50f019b90,5807
1f8c62b4695896fb,875eb52db60edc075ec3d129f23767c8,3629
bc208e33e7be70f7,84576ae41340165dc6948da84d235b1b,6165
197f57a58cf58fab,38f0566eadf0f5533b57a64c2bb74de7,868
cc4aea9c36715167,d0a2656b3ed144e97aab0c040d764619,690
e9173a0b182f87cc,da5f1125f9cc2774acddf2d8807bb66c,3208
bd97ad02c88c7ddb,b368febf69be4e73635c4f894f617974,1828
5b821fef5696fa24,3b2c9266079cebfe21c5cac658a3c7a0,3083
46d53bc1c6bd064c,cd7ab2e5b4181353cd1d668e173c4aed,1008
8e23a7977dce0204,59ace648eaccd76e22786e0aa2040ccd,3271
5fec7e527c813bc5,d6eb2c8d2e220cd10d41f6d338fc895e,841
352996af6108c08d,c51c48eac70d9580ed00d1efd45842a7,12863
b8a631446f841223,4f6e16cebf5afea820641d08831a06f2,2229
be662c5b453179fa,341fc18b672f903b0b13ebdb2c4550ec,1405
8216877ef1ab5374,92ec53ccff8d7aefb23a37ab0466c82a,1062
4ae18e4b04efebea,0eccf40392ea4437e4bbdd83146cd048,848
5348aa36ab493b82,253625bf58e2a84c2c74a2e385f8fc93,7751
c08fcebd44018174,e9a44c7062dea6001d27bfe6bd6f1d75,883
493d06533e40b894,9fa2873d3f2c3ba54d86d860b5a7a695,61619
b404021919636d90,7ccd3adc6da49695b17e384439a6c2d0,4517
edd3b8ceba6530fb,26c145c2ba1b39d03fc6036711e4db00,6117
344b962e3ed7316d,4e7f04ee55e9c97f13054f53f2c79148,2397
eaa56c9f909ce22a,80ec2f8a52914ef1fa76f484eaf49e1f,5689
13ce344c88389ccd,5829966d10657e4fc02c9da09b14be32,906
21a20e25b6860270,0b18cc7531afd577fa8f47d2d089e15f,730
75f87617c1a741a1,ad8bde09fb2f0bd92b585deb426b6e4b,1909
3a42c4f5aba78a73,2463ab94596c398628307d3e4c58336f,2712
ee29627cc047c71f,b5d3770523588762fffc708c74fb9d86,4439
d3298c1260e30fa7,e1cffe3b15824ecc103d10ecb9d55323,5242
7c0c167575fdcf37,758770cfacbde2b37c580b1c23666382,6309
5f11a07bbc124ac0,a8b27392501e4598af90734165615e0d,6383
5ec887832871ddb2,4b61ba34ccc8abff238177a29070803d,7120
345edba9c300ea9a,b019ff28b8d2175d993fe0f083855bca,2441
584153ee329420d4,80f782f1d087b5e0220ee733e307b487,627
b7ace0025bd91afb,4f26fa2b621d194250e89a1e14e1b4d3,11207
ff1d2bc517151d8c,70da07e86aa421feca3747eea3334687,749
cbe75eee63dec4b7,6ed6f949534ffabf9db02588c9618dc1,1384
97e2133d6e95ecc0,21d3204e1a56db48b6c4d891eea5d212,3194
6dbba49e47f21d87,93ccc266adabf599f95c8b4abfda0bc9,3613
881e7ede41ed6235,8b7c9dc083633f4ed7f4bbc94f1010c0,9058
58f2f539609a119a,366033c9aa1d2b8ea3d49ed223b8ac43,413
df77e317463d4b32,f594878974a583a141c13145ebca5daa,5042
a31b3b7a9ed98124,a4bdafe3ac424d73532fd594bcbefda7,748
40b8da53352004da,9b452a4b20e1e0b9e51cc33fa5ad2cca,5360
dceaecc1b3a7e187,0b952331416c102d3ba180a2e37e666a,1789
cfeb14c33cb3d7a8,a4641c6175098172e934aed9ca076c02,3668
f13c51552e8038b0,05fbdfbb9a378660fa5f763f3f5c7526,1502
402d582ecd50c449,7a23e98e822120c2b0f8ab8b5b8df48f,784
daa399dea5d98d8b,0179d5e50382a55957952ab92a213d5b,687
92bd0500a95dd70b,e21bd9b376c357d5c7fed9b1e4f836ec,3982
68bd8c8d2a45d7e7,15dd57d3f858bfdf10ddcfe39318b8d9,880
0a7f5be2d3ea0c72,bdce193706fc393a1399fad01f9172e2,1414
2f783fcafb86a6db,158944ffcd3bfb895d3929d8ba50564b,1860
953d57cb5fbc889b,2ee383c7b0b864f99a4fd5c520fdeff2,8237
65bd6d19cc1331ad,d7b96df8bbf8f977b45f7214c2b48bf3,810
590c8dc9780e2555,f0b63591caae3f337668917ed4341d1f,5537
7b11d90c5cfe7e76,5a193873dde1a49c48d3f941b5d0e079,7127
e24102eef4d2219b,add3bca93ed26faca57dae6abcf9c0f1,814
81bf31f2a7142964,ddd4fd5bdd572ba91d1f9b766bc9b48e,4016
f3de845a86d02982,72ed6b53be98df693cbce0498882c659,11111
d6d5880949cfeae8,e52a840fc6119df32d8452c9fa8af7ec,1159
5e1897d85d5468cd,f882cafc9a65af81298fbcfb98915059,608
2cd3496445054ed0,be41f5006b0bbf4ac0bf015c9d4b4e0b,597
5a0ec7e3fc4c865d,45b0585560ba1b1210cdf4e962b43a78,3283
e229530aa79bab84,5f32c9764f9bc55c868af1bfbf5f1e4b,1606
7686d5bf5572a832,90747891621d587dac43d35c6ffcdcf3,7450
2ad11790da4afead,ddfb1ca8344b99b6c1ec45565fe3c381,6867
e1a05886c60379b7,65878ca6c07bd7165e0f7769c1b82bc4,5322
c7f66ba3e0c530a5,09b606e296c219c16a250596adf17a82,831
f902be8d09f77f07,4a04a652d9f1bfed70a3096ac68ab607,1858
8d6547963553b082,75a391998856bdc179f2f94bf6bb3c47,1315
c7740790eed2aeaf,bf5889625867807f161aea8fe1aa6d85,12659
958705296dd13214,c990f829b005fbc9f6c74fcb3de5c045,747
bb36ee838fbcfeed,3e8320c18345744c8fb6deef2f771e17,8232
013ffc01461097a0,262ab890b133d44306ef046861f006fd,8452
23d455c98014ed14,319e31594d8158e40bce8f2d4f7e4796,5014
94da83efbd585b74,22296be27e79d6d2d13087df1f53eed6,608
cef195ccd8cb1156,274fe37ae0a64058654321ab078fdcba,4330
1f83e1cd41b508bb,be9b53055afa4c8e90ee66dbdf9ad5fe,412109
35497da1b167cccd,e91abbc52b94597d88a962983e4f5932,723
1ac342b92a64bd62,63a446a3afd9c0f6dd443d53ef86b35f,497
925d870442361ec9,2c22d1791ff81b657f6783975f7f9506,3038
4075018facbeecb8,d06f92cfb2f86a2a9f39c7c98f3b9e89,3022
db887a3ad50a37ad,ad892b95f168c145b4997a99c41a888c,9188
a217eeca2530a498,3b47df571a4a9c8dd11c2b67f2a49434,1857
1714cbb97d6607a3,81b79442b19941ac559381ce7f3bfe87,4531
22e91d84c02f512d,209ec8cbe894bd2d7a8f14a6ddcb76e2,3509
761d3bdaab62ae1e,a2edf581445c6de302e6c29549252fa4,6464
f38a80721a35e36c,72f6b868be262a649da946ed66939263,583
5439c2b721c11ef3,204d9d7343dc69204ed0de8facd67fc9,1380
02f76148487d3dcc,ec5d12018e5681a597bb9cb136f87a92,1212
ff7d3462f4fe1958,996e95a8a6a1ef6ffdab1521a1a2a292,949
ba722d3d68d09062,cc0d1eb0c18b85378591734ba448c205,3322
4544ada771f92779,0bb80fff18ff322abf898fa35db17165,4211
08ea8a4085d01182,8961150351fe8862251618d775671f17,3121
2284a3c02e5723fe,a8f6531eaa0c918c8005aa42d7cd82cc,8376
26f05c1fbee9aba6,989fcf77a7fe03454c1c1984d35fd52c,2412
57dc845e44aed014,a819a2e4aaec061477786554b72dbe96,1511
5b03b8280282175f,6269064095c65b1c2df7b22f2f878bc4,4574
68abd5297e3f8849,8ac7051393fba17da951ce97c6e16051,7519
05632fe74b55390b,c1e9c093471c662c540631d22c7ef25d,7237
3840f8fe65843cb4,c84a8404d08df46fad8456e75031ef1f,6891
3d80f64c5405b87b,60d08a3a190f189442624759c781d7ac,1014
cbcf290c84368ec8,b621778e72a5292832ab88096ba13a43,721
50c4c743a185f8e6,2312f6ef147abc1400c90cc0f7ed4de3,5762
33eec4d6a51d6695,880bee6beb3a7041ee05f66af17490ab,6201
f18530d0b0272979,bbaceb0ed9d3ebfdfae743614ed13183,736
09842f4875dc26c4,842a162e489a23f4bae83b2ef424fa4e,10222
020db68841e7d3ad,54c1253dd8b92b3ce890ea222d1090d6,25903
0413857c54da32a9,21d3204e1a56db48b6c4d891eea5d212,3194
6d618fcbb8935952,9b166b8829c13518e5df2a659d0e1867,1124
3a07911d07bb1aef,a5ef8af7ecd4e56a538523c1eafa9d6a,9017
82ed3acdc9bc3ce9,ea56b84db2405cb3a73de467235ce464,7552
81d32e9204d388f8,f1e01c3900dd96d3c1c3ac7f822974ae,1405
48def59b47937ad1,b20640800d8836c21cf309c01d159a68,5086
54d463baeec21d40,b7d64e5b4693aed764266f55de282962,2956
e73cd2b1bd397ab3,0f911d413dff7fb58208fdf44d13f805,4108
91cae96218df6a65,bcc595c95e3ad6d68687f9779fd98572,1978
1c0028b1c274e5f8,7ad0b4b8c2b14cee6c84fb16dfd1ea41,2757
3ff17587b9cb03e5,fe6a0f4dd343ecc4a5b0d475c8a74795,7813
9fbab153fbf50a0b,549804d76715f52dfee1cff2e7423abc,4495
247778ecf062b591,8a406bdd9cceca5e2c165bab9a77aac9,8002
2c3626d81b2d14e3,5e9d88e4c16478b6c9739b268472af03,12602
b15ce5c3b55faaf8,475b9088bad841705ba667639c3a353e,7088
dcfe045310d1e805,ce7f2a17e4798138a7d6b8b1ee68def2,769
1a9cc7460fcc35b2,efd1a60266bcf95293b0db3024d80b38,10342
8a278aa71972e960,76a75e35d6e7c5116ebdb42b7855a019,3389
744094ce9e0e6766,2c93530e192913106823da8348275253,1668
bbe6c1b3beb08931,d27b8e5e6162003c5713adf024012d65,5011
fc77afe970aff6f2,ba8980cfb25bc10416d812138299aef6,855
1ca54ac33f7bf254,47eac7ba3e952c0512d836ae5e7be1ca,1862
0eaa50e7cb4a481a,03cf0089285be976d959ff1dc730a086,437
957fca68b28a8028,7d75e13d17582eb3e34760f5c63a8baf,3905
75b6bc54e76a1a3b,abc2cde2a1c85bae032a58abcbc20803,585
3fffdbea22f60bb3,58629fe6c427286d2ef10a565163b452,6603
035558ea3b663b02,d1637d01397fd979d77f536510157a4e,5478
5bcc12ea707dc2d5,3e7505b3f1d4d1139b8b4adeb2d10a35,3817
b137a802d90c4d7f,085a15e1ea9a682c24908ceac0841762,2713
9b10595aea1390a6,5780d68c625eb7df7adb8e817d56c713,1355
0c68c66fa5666ec6,d9891262c175d71adf9692535fdab317,8033
8df22de761323517,9cbdb7b2016bbf2ede56115da009ca26,5691
836e0a34421b1bfb,d9cfb1e93853bc1458fd6f09d4bc9a9e,837
dd410f18a77fb6c3,deaaf02c4275db1c9d7efa0608329fc8,1050
827ff4e5f7593eff,fc0b7db63c928bc7a4aaa768f20eb9df,875
a149870e9b3e3d4b,fac326ca59b2e5e35ec144cf6b6f1b9d,5937
31c3603e52a6c153,30daf744b5d23c9eeb24c75748992397,5741
321cf36bc2e0ed05,c34ddd11ecb20a4cb6b74baa27b4de89,5174
cdbff0247473cb22,81d95dc67765e35e1792198e111cc3ae,931
19125859fcccefc2,8813b291c0dbe145e70515d3eaa752e8,10634
55d8b2e9fb774adf,ac38d339aded8046180e6b4b084b107d,5013
f4b8cb23d4147a08,668356c8fca1966f40130ec6ddee4a76,6492
6cf8fea916639e58,bbfa5a7a89ac25c3df6892525fef50b4,5711
e6f7f5c37dad54ce,4320ff1b44e2432ee4c840c216f2cdf3,677
0e71af2c57507878,daa78d0b971d055b967a56a9f4e3d0f9,6628
d712d77008d11124,9f741e20d149e963d33c52a0f0444bf3,5071
ecb8aac2e67c45c1,27a2540edc26d6aa41b7aa89bb83501c,13495
3b596405ff945da1,51a059d29c969aa7f2446507a5258275,862
94bed49192cbe9f1,74e41336c0f6b01574c36a8144602a11,852
9ac1e61718fec996,e8254449d6c0dce3e6abe7d00b4012c2,7766
a5bd54a496088a10,05b7e08a3e5851b09fd895bd7bafabed,1228
418e45866d386375,5365145da32f13458e5b1e2933f572bc,4450
ce2cf099306e40dd,ee7ee2f2a7a15b5f53fd7f3cbef2c67f,11834
553ba32f6c969c60,f49281b9d4b11774ad2412e145532c53,981
1bf2ef7a14b242fb,d28bf70505c05498aa028b8dd6089afe,18889
ef1b086162448dec,74d052ebad56f5d38d4bea6144e2ed67,1449
99d9c46407c97df6,a8a5d070f6dc9b895505fdc2c3ab5243,4516
fc5d615781a85a20,7b4c719334e63cc5c859a9f5d58e0a0f,868
2edc70ca2577c304,bf49f4ee806b6bd730d3f3e14aa348f2,4022
8164cb4bbdb36e88,2c9014e1fd8cb4bd87214c3b29929b42,7573
41df942a122f5d75,ee5e4427e6f5f4ec0b61ff7f11974de5,11188
67fdfbbe739c2ff5,02aefcb17d4d5ecda9e4564457469321,1264
e9d86cacb4369a25,4e5d3925fb2aa7f9d1b793f149b9dcd4,20337
005c7979ca795b6a,ef9d639fcd39053e85f75f10e20fe4b6,9137
52e6f4b6eea5e1dd,789fdd820af2e99994de4755ae44710a,1833
5edf6e23c498d5f4,6151259b6c6a6e0ffe2c558b34315fd6,8783
2c0a585eced0cdc3,8a8ff1622978aef61a76f078a91e71c9,12061
ba269ceb20af23b8,762440d3ec0523ab20fa0c57557fa8f2,4176
eaf942da40f53fd5,adfc7740e736eae06dbff00c7edf51e1,6263
e9962feedebd25bc,cbf7dcedc660940574a51bd766829433,12566
8db51ee609ae9551,915862cec2a02ecfb7f36040be29c993,942
608f08b539541306,413f19ceea67d9a8eb42f890d285fdfa,425
1c4139312a6aae6a,76fa7d67d0d4b54c12537ee92251086b,2605
2c139dedb0bf086e,517032012ad749965f73aed48ef168d9,8222
c43cff11debca5fd,20ae0a51d315b43c7268bfc2209ae00d,965
005984422ed81430,79541e051c6c3ae9ebe359f546614478,11799
0f60c681f18e7dd7,863fa5d264eb458e3582ccf5edb39da5,2065
d7da008c543c4845,b0aad4e0c82ccd1ccd45b16ca8165009,892
6bbf20479617631d,6d50e94294441e1f1c19151711b3adda,1161
987d193ec63b5105,166d354e6ebd1485f7e2101f01acdf46,3028
ced672c4fcfdbc04,1683a5d6bd3b50a414ad44e44b788504,680
91509a76a7954702,55cde58e748fbce49e95f008948faa89,5932
f36f4403d0a52958,080117dc0a63423890a13309f4a92e1d,7545
58745ec431ee43e3,d0a40a4772f47c71b6f49ba416ab8263,1925
bc1878bbc0471fb5,827ede86024fcec312a4730f6b975da2,2465
2db1b836fa5efc8b,ea64a6abb779e05fedc423ceb763cc67,1882
f6eaff7ced5624e6,fd62b396e1bf63dca3a5d4b487fa540d,17377
ae930f4a77288f4f,b859e1c3f113dc49384daec9d1804443,1986
9aa795d62ad52fe1,7cd2b20b34ac7158df5d08d0f2472473,8303
26d1ecd9251951d3,cded151cc930d2b51e9d499cdd91c3e8,1968
419b136a119046c6,e1a38347c0e9ee9cf80b25638bd4abe4,826
28881b0e1e61dea6,5882c8e50451b93eceb24ab7403150fe,5894
90b2d29a2e3bd06c,af6a2829b66e39a563492b204a4ff0a7,5233
2a5e433d4a95345b,78c6f93a538311780d09875ef214e730,1722
4e16f874035fa406,d4ac6e40349b8b5650b4817528eacd85,1402
3b14baafd8f736ab,be05693cac83772514f435f621c2407c,5923
2db4b5d007cecb20,226fb875cf5f3d5465109b59ce074b38,8306
35a105c702c1db0d,f4a0c1e1154d2d79e3f7835d440ac4f9,7259
294eb7daf5b20763,6b2629f75a1050415ccc0c90340ebbce,3461
5103e9d677841505,d91b22414e2a30d1da27e04a4b7437c5,1702
1479c75b46ea8cb6,367e027faf6c48bfa6f97797b39ebe21,8164
2b438efa0783eea7,d4e64309c3881ae3764afc77b687356a,3711
5b644e27acdf9d29,6597f381bf7b0a72b3808dc3a77abf49,2781
2e03173ff1331ee8,8d29e4cf05f5795fa47160354c5f39d6,6556
36ffb505b5abd352,13217dec0f6d74aad4b18cddc919c6e4,13405
b039b33f184ddfde,d55dae79b70f381a8f6dd17115e2c291,2023
608e977390979c1d,2ccb5de7ba5e684879e8e6b47c1cf452,4663
b59980434d989e54,f75a18ce7d6154081c887b84b0c38c53,1850
c9227bd4497b9dd4,86413b5d9ab770e63e18fcf4f0f1b9d8,898
7f990f013091c01c,6514358a6638165fcd235b212d8cc784,4476
a466bfa32349a854,f8bc01f1f2bbb3850f949604dd1f7248,487
390f25ba060b5422,44603761e925510150ce67af1ade0f1e,789
c3a02a68b875da36,b93a612a0bfaf18ac1656630778dca83,5947
bfd14874b6db967f,aaa66faa73dac7a183de97f375d0b953,6246
6091aeeb31a26c5f,d7cee617dc44dc27a63479b356c1c837,3702
e73aa736c22c49bf,45a7e5329280924f0065c5329705ac78,6495
cf48254c0e85feb5,aa2d9688e1536417dbd17ab9d46423e9,8663
4d73a59eff14567f,58b022eaaab503e79b886460a2e88561,6501
e946d41a85dc0992,4642626662346f7273455ff8a930a8ec,25692
268f45db8ebfe60b,bbc1bf90bbbd6fbef9c339aaa00c3b27,8763
169cba119d21c363,bccd119e17437f2718f19da021b6aaf8,482
4a12b073cd08238c,10b024e38c938087dacaaa9eac5b4c01,6232
b16e7953a7fa4d75,3655b33b26bcc3844a3782f8eb344cd8,7488
cec92a8c0cb7bacc,b788675b12965f6e6f794fb8b073c5be,2062
5e5a625ba8ef8450,2ac6ea5830418edc180b09ae849f838f,723
8f25f8e330196277,313def6ffed31a57fa909c6eeb690411,7649
82fa51899787071a,7fc7ddaea3b856c9061a5bf5e0ebb4b9,10955
f8e01b6bdc67b6a5,e4054c0617f42de96a0e2f424956a0bd,800
525180cd1f178976,8f22d07d9e3ff68daa7741cff54b5da3,662
03c9b8925e94d70d,ed816a2ec577fad9369da2f03e7d8065,7965
823e016759b840a8,0d0ce11d29d4ec0d67bbbd12c7b44265,7993
453bc861926b1497,5a89a4cb5d31762d4b40047d171754e6,10054
e6ff1c216e7d0954,27df98dd28c9c619605176dd0365b87a,5488
a7f9ab092e64a0cf,695f900b75f69cc8cc44c7304568ad77,1620
e5c44be63dd43f3a,2fdda3ed05f403425028ebb01e7efac0,508
d4d67e65e88501ad,7ae35cb2162a21350e55fb8f02e6091d,10290
4b1b6adc44b7b4b1,b6a83371228864223f7ac7fafd172544,6181
4ebc85350d89c0b6,f21cbe7ab6ae74d0f997be0a82ff2d27,7481
c06fb3b31337191e,8fed1a52e8a0058dd562c41ee8692d2c,424
f49c2cff9e6e95c5,5ffe9a85a5e1fd2e537e6ef2cba45d7b,7520
45253d4b650d74cf,c70325c6a93ddf6ecc58709724ed671e,3347
e0791f20e0e683d4,2ac017aacc851605b23570bbe4054f28,5206
4b947cb49919e158,2e32eccfd61cec38f2381ff000ecbb22,15450
c81985c145e650c2,e4dfaaaf1a5d093c0aa6cfffc885b5ee,1063
e2059eba0ef6faf3,bd819816eb76434a5371c23d37156966,6772
1ec040716e2cffec,02bf3bbb29f64ef264f21473e80dc03f,9581
db1fcc2ea6d57321,169bcdb5a9c649b16334613e7bc9fb99,6574
06e26e13eabaab96,fe59caf67393793d9fc177091872b44b,1937
f10b38ebe7c046d9,c25ccec08286ab001279dc0682fffcc8,9656
3c6c1167f677da00,5177b14d198e72ab31cd8efcea89072a,7462
9967d5806ee18fad,85b29ed7b3b14f530ef317bf295d8974,7904
ef4e928febb99e4f,fd83a3f8d7bbb289974e92dd5816a8f7,5261
60274f2699dbd2d7,5202a6bccced7e34392a4a49e06cd6a4,308
1f2c3f1c33cf0f89,b4a72a3111d5ef85e356e5a2ffaddba2,6461
27fb9a772c7483fd,11c63194b3120d963726e36307358d10,7659
0901108ef59b987c,d9327399be32711081ab2614279fc212,810
7ebf15217764316c,60d57e6e991d7de0c370ac7e2b1e07cb,950
05bdac7391de8df8,8bea1ef308d3c6800497610f1b758fd1,5313
8182213f080692d5,5c897d06ca3eeef0f13c9184919456ec,5943
d322db292c13c7e3,610480d0b912d1404b12082d9133d93f,991
cd8f283b712a790e,e5d26b1d283276e840a917510c10fd0f,2255
b8a5fc639f28f5f3,d0f50e0ffb62258243556b25d2fff3a2,3432
6f99e1c2e501a753,67d27dbfe3e2ef35c5f26c987a4b44e0,8471
4627795d23746ebc,33d83a3d17d112be41e6d7fc4b754a69,815
e6814127f0350e1e,f722e78c338a93036ab2a2a88d8660d9,7723
cda86e29c944cb75,d45dc0fca51ec8721b42e9526925faf9,7151
0f4e4249f1087673,de5aae97026835b8f3d01f40c4e7c01b,1171
e78825bef469b4c2,d25e75b40a3c485615e1581aff292811,1327
0929d83f44c52aa5,733698e2dff7d82731c44c64750db7c5,7333
f783a3c47ae47ffd,28544a92569a07cc43453fbef165a220,9165
d169db82476abaed,6b4c2800223f227d15d07549cde20dc1,1031
7081728ee9fc51c3,01116ef2c9398be294e73d10b4af18b6,725
530cb2a1909933ef,8e99a72c285005dd04a5973e7365b03b,7936
39aebfd24d23950f,caa4e005da12deeae6dd757653b4a482,6854
ac95cf830282b2ff,29ec62e4d15a2c1b31ff5cdb8bc89bee,6171
03d9ac7c9a18ced0,50b34ce03dc611e16944a3c28ee9db8a,4679
a19576a2c080199f,2c370ecb4c7f921cb102b6eb7b7d3c36,1633
d56393b60222c5ea,990922a1b3e81b91caf2ee10a02c8735,7435
65b571622b96f4a2,df722a9267d4b5949c23783233da14f6,10744
7eb50a2fa77ca18d,df84bd2830ab263dcc270e9cc56e4a8e,7662
50e17de1d50ec185,21b56e2b0e162e3ed5ce5a67c769a281,3905
9396e655e66de3a5,6455db463a59e26e5b546d5336715132,717
061d2998eb861575,69a89bfa2060e19b6c607f463692ad8c,7366
befce898033785b5,c7a74975c8f67ef98d466aed9e4cb09f,1451
296e391228210c62,390799927fd569bf2c6648e07f15d2a5,1098
6bca02458c3a8e5f,21d3204e1a56db48b6c4d891eea5d212,3194
48d69dcfefa50fe7,f7e9e3ea781c3d4ba089cc50e49365c5,3615
32f19b135db99ee5,d07f274ab956496d074162eadce9021d,9403
82cdd8317f4ca4bd,a726501b23605144d7987f2349a0fa03,9452
524d896155e578b3,31cd200e492680669745c25db0695dc8,4953
f376d1ea3bf87c6b,553618cc229b627dab136d376440f029,9361
aa155b779348bb08,f67afb66359220d8eb341479634db0be,9340
4f3e265e19bc5406,c3833e0394ac8b8d0f499c35f9601dea,2090
e01a082d0e973e3f,1f23565a18903fbcbd5fe86928c14ac7,9099
7e7742b449679646,a62879d3a10c049c59dcaae3fd440468,496
e53ea127de95031d,55c59c0c3a511ff889ffcde02e4a568c,661
9bd135c1c3aeb0ca,6da17618417b8274f8f839034aba1d81,1959
73d82bb5d2dc3b64,8754c507176b7d4f270030cf147e392c,8579
e80f49f6985f8f4e,7194288adc96a9282fe1258d9ec75590,2111
dbfbbd1d91732038,a0f571bf5d2064355d32ebaa57519b0e,16868
72b82cc2995d396a,0a2f98beeb3dc6c27bddbf2a8753e8c9,9296
1992f5f0e85acc04,6be7e20e643ea9f400096d29950d5a6f,23696
f33284a7c609e8a6,6c72d1da563c44623f8da82b64f8854f,7015
d1c8ab257731bd45,ddaa8ee951a9821b66a552b5cd7faf6f,6565
59a51c308155bfc2,09984c44e729a7261424375293c15b93,8616
4137594e532c4f79,225dca6797b3ef3b23d32f1d3c1d88d6,7443
eaccdcc5ac8452ca,45e136d6d1fea2d88976072c7d408eab,7039
917fc269556aa02b,ebae1e61da4c12d67065879d7df6e2ab,5853
15bf5de2b0fc9e47,a76f72d780ceed6e8f2a5a7df201d9ab,549
5ff72fec63be1013,878f3c7b1bdc7593faff14e1fb5d13cb,2221
75f750aa5e07cc7a,c3ca77c0553b00dccfa7f2f90872e209,823
f7048b8e9306995e,ec86d36316325cd94c6655853fbdcd0b,825
25389cab0706468b,50eb8fa25abe056707668c4af11bb1c0,5174
a40057569ed1123e,e1cc50f425b106028b41060594af7f10,1653
598527f22b407d0a,e0c331660739635fb8e3fdfdba53ada6,7545
277297a36cc5d79c,464565b2a929655508df0872301c841f,4631
906a171781811701,f59e8f025e46cc27c522c888bcdd5e5b,1025
039e906604176ae9,d096872b40203a22af54717f14a6b2ce,8419
12c40bfae2f0246f,1b1f35bd99ce277bcf54079bbbc60199,606
d362b5e940d5376f,d4ef958675c35e9cbfa0af72832b6488,1103
e09ba44e7d8b3a6d,bab79e61adb4c8a3e501f303a12764b1,3186
47300ba6728968ae,fb63e3ba34b2d8818b86324563b6b509,3865
348c1d2cd90150dc,9ca9a84924b676707e14b97e0e6f9a87,1062
249dc2e91e06cb78,0cb2b385e334d1a36042dda0213f1ccc,3394
ba163b2be6afcf8a,94cff58af8517f6cbfb9b224670c7953,5450
0c36a4fea0cbe71d,18d8613d1345c7f189a4a051055e7495,3790
d16905e778156e1d,987f7139e8a5acb26a4202dc61da10a6,5472
e1057524bff0d6e4,06b8b4b06e2837d53b9bd2a8972bd38e,839
ec44c3f6a1f849ec,d6b3d2649024266e4a4ee84d788156d3,3103
e7477746bb7352c9,9984c31803e2a3e13ac974ac479d2a56,2591
4d7ec196a501c675,fa73cb0397520683ad7c5f247c6aba28,868
1c2a13253cfb63b8,695bebc1a5428c1fa9d326bb4e51eb3c,1177
6a4ea021e11941e8,f30a3bd7d2bfdc2af3eecc8bcb99968a,1167
0c56abba0895751d,d7dbf4f861e7217e4dcdd3756c6040fe,568
c579a1f24853af4c,7a3309f231d7476ffd5723a54d6854c9,3525
109df17decc2f0a7,b7001f90070f5b358238fc903eb23836,8376
e3ecbbc9784d11ec,e914e19379658fc560040e66d95efef7,1476
494e0a70f76f4362,a57f3e3c5c1a7f81dc15027119bf82b3,5205
9fab0781ad4075f7,da2300a29fda415118675e00315b23eb,2393
6b14b998595c516c,a672b3fea7aeba1193b98a31f3ca69fa,788
3b1020b4a1869855,136e50e16707e9460681b06b086e5fa0,4536
0e49b64ea43f59bd,916eedd678fea288dcadc1bfd1243932,1539
da03cf1ad65421f8,6660e3cca191ffdaf911c7fe6aa61530,1943
afb6fd54c024dd57,3799659b570a1f920323585b3fb8b6af,12766
28a2126c711f8b02,ae3542fc5b2d61c8aae7a9956a9def5c,1019
4f8cd6d824123469,def25b8f8e175ab9037c3c9fc80073a1,11280
b181286aa759b0c7,7ccd1106ed77c8e2da42b09593e139e7,2683
e3996ba8361de890,5b1f9ed92a2569b9d8aeaa54c13bdd6f,9051
c8327a90ba445438,0da5bb386765877b6cabdd5df7ecde56,1954
dbfd929a6acc0fbf,d3574f9e8347825673c1fafae65ed79d,4983
8e4fcc80ef35615b,324f7dbe22aa43e984023c67e4f7eb74,734
72d4d42283911662,ce9754c25276a5dae0d3f3c7a2024c99,2006
c3fb2b549dcde437,d192776650fd1ab5522d6a3d6b518cc1,10894
78acc8cdf873d761,505cc6fe6342b7bfff3eafec8d46eec1,4930
d85141674d3fd83a,53d47f7c415b280ecdd1f28be0169661,7703
8ef72540251d21ed,9dd43df839986095a62021233165f055,13157
7e692811fd81765b,baf9f2617dc67619dae7f169e04e6ce7,1381
7dc2890438b749e9,77db43dd10c9729b056343c4f8dfde39,16808
b1e8aff5ca79a63c,dc036d92695c3ae3aa0d1ad63ae0c419,986
dd361fa21e84105f,a98cbdbb2ac846601ee932ee5c44f63f,38941
6957d1fd7c61eccc,e0eea8345306d83638f6c2916610da7a,10383
efcaf02357861352,967534a3804edbb6c4be2fd433ac555b,1217
2f4825e98870461c,8acb7b1f083f499efc2355a5e3f79f8b,855
757fdc7bb04d8872,b9807d7e8dcea99c2c546534f5db17e7,6552
e0bab0aeb4b4a7af,9aa6ccfe6f281ed0cba412ec4896f683,4298
65cd4e65715f1d65,8d6d4da13ecb0e892fcd93751ac27a92,1211
2d2d3a4d8742b685,a3ff05dbd9214d56fea662456c354994,2012
f4a22b34a61d2bf0,b7dae74719b0d011e6b983ff35624480,8043
80013f20e712cef5,54f9a5d9b9254bb93584ff44580de1e8,17419
b10b26214c643971,6b85d28369fe144e351eee6bf4529b1a,1093
32f64eac512d5c7a,0717a9bff35881fb64be3379d921c7fe,680
6d1f9f1ed396e422,c12234ef3a1097c421590b7d24155a7f,5920
977b41b601c1bd92,e2059100b8191c426c72109880810d31,6106
52a6692cca34856a,1ebe6103569e0dcb20fecc6c46ab414a,976
75584c6bb0a0eebc,453317fbca9fc8bc7ebb174d8328ed4c,7741
b1f2b708f0f3799e,074d6ceabe95d0683de9007534ee5412,711
19f0a691bd3b0190,2a503f3539d43d4f6860b9c75c80b728,12443
e1c095749fd6dbe9,2ee0560c117e7f5a8c827b8ef8f1d722,693
aa834d9acea92ae5,69d1ee393ac502922de24bd7041b1f58,3984
7dd0c89791c95557,0145b39f1eeac8848e7bea6d66b55e72,8124
2cd33c95a3850622,644519746677019a2664cf29c374cd06,15097
7a095b7254499a36,f824ef2b2c445545d00f171286958fc7,3958
fb376664dc5e3a22,75e1a12c8ff891953714434dcd963838,1139
98d6552c327e0001,dbaf8816dac5462d4d7df38adac8465d,12308
819b17861680afd9,e0afe47a664ec7c15af2a38f68b0b0b2,10153
133516b2cdaa613f,abf153a469f0615521a7801b15cf7f1c,4917
f6c46266d47a3829,d2819a2f6a7a203d87370bd4d1cd4b99,3410
c21fcced6e37a519,0f2272504dac49f82c62bee2d68bd01b,500000
42c580efb20459f4,2a4db65f938af880b2bb42bf38118506,749
e47e9ad0809c3f4a,6068d34c8237039a9c780e23c6331606,7160
6206320b9259c736,1460960553d316ad877dd5d3df46fa55,934
57c8133333255ce7,7a0abb18b5d9f93c8cc6001e084cb33f,5073
9fd337c271367b6c,c8a730db7255bbd3530b71d5fac1d4c6,5332
37bcefac0364c8a9,c264162cc182c04dbed876f58fd49533,1169
77b2037f2bdc6b93,dd6001e03fb6e76d2418e79e47da4592,4388
93dc1ddb63d733b2,aa232fb10e78915c35be58eabafeb8e0,11133
f8aadbc0d6a9c916,f5e22745ba56dd91192b777f4e9aeccf,8885
8b8cbbdb2f26c1fe,e96b7a2699be6078d3f389899fe6233a,923
b934cc0559d8f553,2ce5a17c4bc382fc73f1c9880fb30135,1027
283eb22195476544,8954edaa0075e2d6ec98c280c4d6e1c9,841
a65981ef8d1ddeb2,2ef848fba94f5de5b336836d87ef1d75,12780
c5e6eeecc45dede2,6e052b27fe0403542af4bf453c9cd0c0,2811
372457bcce7e812f,253798a746cf237470ce297dcb348288,651
98617591b2c07ada,4b8502bff5f7ac3953ba47dcfadf941a,6530
ffed3ad4e04ae118,f03f5f06a527f695700648c204bee67c,733
28d929fb4ccd0a45,768242b0053227dacbfe1398010646f2,1235
81e2b1fcaf10f5be,9ceecbe5e7390a94ad79d3e5a18a00ce,635
7f8f5a10d08e2d28,d1885bfdaf02e5f0d814fbe4fc8f80fc,6739
96be57da64178f45,6e554d6b8cda2ab465b5e5baa8907f5d,775
b0969855f79bbf15,785fa50257f8433f580d4d20a9b3a7b3,9652
d5238ea133f5b7c3,f1d8e1ef9a2e24fd44883e4b359cd423,13634
f81156b84dc1a4c3,b2d065036a12962b330d7a0904223341,4806
5cf69468c4212cb1,b4b04be3d4cefaecfb53999b4f3e32da,6174
5aecc374ffc65aab,19337ddf52392cf76b696414a0c64fe7,999
de8fdcf0866180df,b0399dd949f5e10a9c6276df2a59f479,6642
a08e3f89ab98f14c,879e053e17d9ca547067b8cfcdec3cdc,1360
2e70a29d101874ce,2868bb6e54837509d39142fcd175ff0c,6039
498730bb2e43a60c,3b0096b62c4c252ac1cdae609460979d,2638
6b5b9b938a983005,8a048182c8d9f8b5d4d8f778c4dfe8bc,891
5a7e163f42cc0d8b,1af5503530ec20742c58e402f9a6d7a0,8117
2cd5561bc8c250f1,b738dd40c4968cc099cf8687dda43afc,6267
bd8e02fa330fab47,bbcc5fca234452227aef2551883b65a0,1131
95b5a655cda4cf4e,1504f68912492b225938f8558f7f3112,1505
57fa884b7d5ab64f,34df1d4ea606986c11b165d137f355c2,2138
95bfe9b1d32faf20,82b973e86c2bf4014f7fb411dae439d2,1916
765b4a6bb270baf6,1a79f3e7b4b4ba82cd1a1f142be7f403,3982
9aafb17e0a720213,4e6ec877b91c0a06c8e66d42f2d04726,2191
35ea3a5315a80f66,da0cb8e9d825858687bde95888a9c49d,1255
aa1fa092d787c981,8856f8d2c84e3dbe9a315a8cd62f8b82,5410
5164da2d0f2d966e,f963bc1bdce2efcfa06bdb1fe4162d1c,489
b5c28892612e316f,f82e64d821dcd85d24183d871c2a97b9,4668
96801709ef241380,40a9477ad6d293d30a29c06b698b263f,7435
430cf6245ccdda86,4b1bca8378d1084686db37be6664cd19,1540
0f915c7019fd4938,60de02b92368d65baeb870d356f9c2bb,218
56190013b3035478,e3e259e5b0eadfc81f44bb384c16b9da,6763
d8e0828827bc2bc0,c8f88a201568125ace79fedff4ea9f5b,4339
d218afa453a5a4ea,4401a0fadd9c0c38ab11c85c31191e1f,1026
1c53e0c2048d8102,2efdd03ce9f3aebd72c8d4c7522b6f98,6290
052e24358d4d170f,c4ed189757017e07a849cdde3e349314,6821
1b04c7aa99362b0b,f690a8caf6633d0262b1b3e8b1a7ac34,4004
5d74b5ca2f0f22e7,e4a47961567b7837a3a2ba46f8c20d5e,1171
1573bec53821dc01,f8188e8eab017cc2b5998e0ffd93610b,1368
4cebd2e57a725ce6,e840e2eb6409f2390b88abf3bb5d8935,3818
a44b0032c2f12f04,44379bbb21ed53c527b00e3f53a6752a,13836
d53da17672d3d364,63efec7541dbadb4e9fc374b33a04a15,24860
3c351353de27005d,95b35eb7bbc698c7d8a7208e03df25cf,8992
ad2844b7e4c641f6,b1379bdb5e09db7ca0f79de48306702c,5838
51bd59a08ba7c287,f09022abc4bf734d81b8f7a0e5dec8bd,1299
d715e02b7eae5004,ada965341ddf6a2aa797d29fc6e013e2,5603
bb1a27dc1eb41061,de9cca3ed1d144dfc507a040369cf19e,3686
aa7732bb927f9a1b,953c4355bbd4946d0d6083091d564bbc,7093
5d705edc7cf09e4b,ef437f10cb9764d59f332bf09c9972d5,8020
c1c0c3ad29f7eab3,8dd56499152ae7d4b2f66954517d00e5,367
76275d0304853665,a4b86b0bd4c831730ed6b2f9e650baa5,9560
91cbf3ea10d6686a,fee10e78a9062e60ecf2ccae9c472afc,918
9b1054c44f7c97fe,0bf022abbb185b852cd58b9feae55c4c,3448
8dab20257141b704,1ff73bc154851a8f55cc3997e5836413,713
5af4b8e6b9d6994b,8b62cc5c0178afcf0529f7c190ca3dc5,6432
a9d197734d03afd6,a439994523b471280f062f53e301364b,9800
5465c1f184da4c8e,692a48c7faaedaee356de24fa381372a,5366
ee34ef9bd701c58d,f6992ca29857583b630360a358328c51,4073
7db62fd3126454a0,67d6e66899c0282f3c5be50e33020857,14501
f104b5c55e05fc94,697b80c40902828ce4d6a82c2683a4e0,6165
0152d3de282f95fd,fed2a2bd259ddd28635556e8170472fe,5079
6057cf750a7afb5c,d907403d830694caf415cbf594ee22ac,7839
c6d1452a7ee63908,6b3f69e02011439980d08ad39a6b61ff,3709
ea4d3f4da8f91c33,d054bcf0366c2c34dd08270de92be65b,7346
04d1436eef54d757,5262fef8a565c2b148f5ffaa0ee17eb1,869
1b4de13359a59b3d,47ed8f7d508f9135c12f915b0c9d42e7,3052
c9f7b76a9f6d9ce2,6cc7dad88b524ae8d3495dd1cfded87f,11780
04479b0fe3958300,998327208af394eaf465feff4b67660b,888
fc0b9a8e420abccf,12189663a99effecffd3af6155a78932,6062
7d22185025043fa2,57591afe2fe43733f3061ba822d42f34,5601
7a71b9ce7a5d9274,e1525d2fd9a885224817407319461a24,3513
cb903ca512718402,808c82cb60fb676801812a52b6325489,6315
5b56e5edca121980,8fbe6924d2eae1e377e9c0fec4da61f7,6653
7b5af9c73f1311d7,2f85ce5551c61b345e2b091f88612b45,7672
5d8019e9d3ccc928,649379f7b4e41b4ac507b204d5e659f8,487
9197d36a4e821b3b,4ccb307fe66fefbf0541128782c59efc,852
c176fc811e70bd4c,1a5317910811bb0c8915b1823b8d2dc9,1675
f05200b8e975f59e,8afdde6675819ed68a8ffcf98d538feb,2679
d23509335e4f9325,f95bd54b6ec063d7698a25f8b589f463,2002
20c7d2ddd25c75d8,692e622e82bc880366b642d66f646f83,15313
f4b77bfcde407997,4bc09967eaf757aeec620fd6e50e0a69,4367
a3c2b86e1a57b931,3654499706f6b4e64238d2e2de396be8,3880
d8f38b198a58d238,be252493cbacc08f2211bc1bc29ea3b2,7217
4598437118471a61,e49e8a6c8403fc19e78f64cd5fb0ae74,1053
53a7abfd5cf18d31,bfacba98e7dbf13474c71bcfc0292222,984
f3284df9ed914a8e,c43527c3c17a5f651a4bb30641a25906,764
24f00f55f4f528ac,9fbc89ec472ee0e532059bc601f70fff,1644
dfff2fa1007871a7,f817db4b4f1d9e64ca7d675a0c014d97,1406
6d61b88d5f42b974,d37cdc9386cdd1ecc1215e19c7dcfd0a,29360
855f26f25c4c4687,64dd0b88fd4ea671f384bcf0f806241b,5941
51cb6163fbc25aa5,2eb300246f1984fc680de048d2039f21,4404
926124c301ab45d5,19be1186d1854b801af9d8fec1cb624e,1544
49079eed5ffb1546,275d3c98b6171ffb5cf1f34a88b56d77,439
e1edbddb64ce5434,c0d5643e1a14cc6ed16dc0c4671f4ef1,6354
aad8a666b2b0f19f,3c16f3efe5fb18a6858d13876e4e56cc,6376
ab9a4251ab85d694,b186dd25daa367487aa8eed7da1ed47e,5280
ba8797f7e8518175,947ccbff160360b0e39b9223a6726390,1753
c02263d48050e857,c83af7bc8d33b7adfba26e40d67a4943,1510
d11d679c09444239,21d3204e1a56db48b6c4d891eea5d212,3194
852da2614d2e15c3,6cfcf108004dddec35b5a213507cc213,811
5d6923f2172b8e8d,b1742a1c0e97c5819e19c6659021f0d3,527
86d1c34670e4bbf2,cd69aa2e790bd806ac75b5ea3c1c6b84,1646
fc068f3508f45bd6,d04044b28810ac9c0963bb0bf4370ce9,6046
ae2c6b7f692ed8db,9d09105da475f6dfe8e3176164b41388,973
6d39685b53699525,d69fa8f23fdb86b921b003c45d22c45e,5512
29ac3b85ffe0890e,908f9c26fae0a90079ce229d9f69f611,10137
07d4d07495b69e8d,1cbf6236eda92244633c9babe31221de,3733
1bb5c3f38d607c22,cdab17cf1d5b31d58b87038fded633c4,663
f055c84c029e62e0,29688cec7bd6b10b24f4be6414db3e3c,4605
6831878ffc15c72f,4c06e68f729f12bb30579dfa03122afe,2663
5c16ad0a42228c57,1f6bcb3dad3cce2b816150e5505d8a52,4971
0fa964402582c7b8,14324849804ff7f5655f6ca85ad2a51b,610
31e7294a5860f1a3,279ac88cf186691b067c1b3344a18ddb,5829
27f26bf3ab49f772,dc2e0bea102ad2203f4eaa28d3242368,8691
31b0314926b97086,bad3bb2d64b228ed9468b2480aec997f,185
8ef840bf12574d62,da8468b130a6ca3956aa1d864e87480c,7170
9a69c91382ba8614,943a3b6567476890b7cd622661f47e52,1519
5019bf56043b90f9,285b522eb78a34181f0d5e5b71ac893f,8429
dc41fee23c571fe9,d86c97c0b60341a9f789cb1de9d38fe4,5957
f85944c904e137a9,4f84719e05b300631aada57ae0c4c95b,4119
700f347a97d15dbc,f397f259a49ab4b7878ab4bfb8151c87,5373
ead3c89f8e7aa747,015d4d821de43522b428a52cadf5927d,4787
9f7417eee1720b9b,f9e43bfdfb923e4f3fb53b83811bd6be,59621
1378c974d9c5c43f,0a8ab8c0c9439f118b251d2993328fb8,4774
83ff10efbe1ca875,ec1033fe40d648620680afc0ddd9927f,2042
de4a188dd0708bef,dc552502169c5dddfb2b831746c62d03,11760
791cab973596fc9b,d2c025b75685192769b03699f552d71f,554
4f676084838185f9,64cc59108a897edb6fd4a491f8969a76,1512
097f70a51ebf1141,ebf979a81b94deb8875908422e6ff30a,3492
d76dffe404cd71a5,154ad47e42e54d0d72a1a0bbddbe75b5,14064
db72fbc041d0ae1b,bcbdc9aefaaba976da1fdc8cb02c582b,6607
54a853b0cadeff01,be74109fa3e1cc0487f09c78ad10e2d1,6488
87faf45960d7de87,57effb7f2bdcdfcd6f0e5cfd20e5da80,1327
23ac617da6ea2238,5eb913ba76bc3626346768e92b5348b9,1879
44585065c2fd7ac9,54badf376a7b023b8f0ea23ad67da427,3201
ebe3297091ce2404,ac56c017d5da1996247707222c8f28ed,9344
32c9e3a650e68b71,db62a39951b65e36fcb8fc860678d5c6,4966
f317295bd72a3b20,10a9bfe54bda10340f32f3edd3d5f554,7167
e1b35aee73b2d1ed,129f48399c263ba09e33cc9d4cafbe83,675
f257960da6279bcd,031703cac7cc803812493deadfb91e9a,4222
de9f858782eeb8b0,db3b08fae8451742e3789e25a89c7925,1383
ea74dace263c8d5d,1943c1610dbf2a615f50e1fc62711152,8777
3fa07d5b2202407c,0c2fc03682b6e42dfda64187c64a08bc,1755
becd981f22013eb2,d5def0971e81a1795585bddaf300917a,6163
1b46532d4a31f917,57cdb0e8be14f162598329f44fda5464,1518
6d7f76b9d7d55cd0,38c7618f0a26b0bb477a5746b2d5d20a,916
202db4683eaab191,d27e49b712dda713eefd0bb79698e1e0,4727
b4fa0d8ed613064e,0f5a414559dac28ca865ad9e79b64402,9338
647aeec9aaca520a,c5d1ed78904e830d3766855d72aa74c0,6114
f7c69d704e5c7914,80a5d040582582b27bf6e57b7965ffcf,6968
9f60f7719cb0e35f,75d725a60c8d2660e9210928ec5ad7df,1452
ed9f289730da9db9,56eb2bb9e0b51328cd797c4d0fd91145,2938
01e443e3fae423db,5f91cb65f1a5083de8946c5399750685,928
f73c605673b6fbbc,7007a49384aced64efe6dc89b50f82b0,6426
9ff4e1049c89b413,65af25d8ba58d244a2641b640c696d08,13092
7098135a6390fa3b,b1e99e3ca9d1b1e9f821d9e2f35af9ba,3252
7443897ca260dd6d,fbde21885c348b44e2996a39b448eec0,8149
a7f57fa109937b19,748c14bc74658405fb5c3cb3f33f8e93,656
5908743e965c2e5d,7f4b0d22d5b54cc27d814a74f07bd689,9684
9d8dfa5194b541e0,8837c24fa729337afa9d51bc7371778c,500000
3feda8d5a063fcad,c96e44dc541093e2701ac2cbf81c24be,635
96cd8acd6828dea5,0c51e0eba45e3113a7998b21e2e23cff,817
5e2af346ea15c6b7,f2752e8b13e8fff3b39df830500a4406,9342
47366b40a2751f12,f0bb9a5a22fdecfd3719b50d3c7b2978,3580
c9b224549cc57536,746e278189d485254e01552f96d5db20,24047
8c21fdd83db8b9d0,2aa5d10878c6703fc9ab0ea1be8c4060,5384
cfe108b1e27f8722,8f7aee7e44f21fa311a324a6573dd4a1,599
754a43c8f2a5e1a7,dd83b2ca614e61b35863f9f06788be2a,773
912fbec3c8393c84,0a12f9d81d51549e39c35dc44e46be9d,5481
398f2c91f0458a3a,b0bf5a512bb25d8f94cf8d56409db3de,893
7e3d2b713f810660,d14d686f14cd8ea868d1b267890c9a17,4121
c7c17ada8f18d564,3a76e6174a667d84e30fb6c172b2e666,1758
4f2c4c99ac1411b7,6f8743d42eb0ea6e5679bfdca068ec41,6674
818c02a89cbbc156,b51e85a73258ba3568b336f9f7b0e4fe,5448
2220cd41716c6f41,c5f55d82faa59e3ee4f1d35702a9b589,7795
4e9bbe4ad3ee1a02,c4806a411b9e337c1b737a2fd6ddb88c,1251
27e6cb1752a63b2a,9f60680cce73f2f83481a90eac5c6b3a,2399
67340a8d0d21eb8a,1179607fdc5bdc8ffa37ef740fe2e277,775
ec6b9c6360e9b949,6f25d315bce46935f914a687d35fc661,6117
1ebf9a88605cd00b,37cf537e251466ea00938a5e93e3424d,3980
815e2f05348d4505,385a188b4d8498af6134ad068c3c36e6,1156
280cffde1cc26db5,c2b0421af00a32e469b0c19a911dbe79,4455
92cf704cd7546ec6,ff7ef75e0ba00877eef46427ee9c7659,6184
e799ef070812bd88,89816354b94606ac34383d59f51567b4,7010
566e34a75ee5f50b,1a4aba3062bb23f45d1802037fb84ad4,3464
c677c616ba7692a6,27c37389c5b267c972f819b32f807090,11852
3cdc102f84d5c606,5defcbd138ce244c04970cb35aeea739,2532
5dc537b80f5289f4,ff09d3d341319bf76d923864c62402cc,5140
863299dd4ee7d6a1,26d637e9922f3809cca382384197d323,8337
c0e8cafc36f4bca6,d1e2b9d3b2043ff69cca8473974a1881,5326
b495088c25dc0c79,14cfacb7c26834a4414b7651920c92ac,844
05ee0e47e5184a93,fe407b82d6825b40c0864cffb0aa149e,5688
2842ddfca84c9b54,d5ba21cb10676fa494c95b889ae28402,2813
4592158e65c4bee4,782ecfa9d416229e5be641d33f376aa9,3969
29fe3ce2118bd88d,0c6fcf02f84a69bbf7a51abe152424dd,2372
2c0b36248efb3b32,e6656d13d0afe7b0483eba4842a242f2,9650
e92bf0813cda12e2,e45b2297fcf3c747c5a062ee969a3381,5469
2099d366f6d7ac74,f9051a7ff9b0bd33ae88064a856f51a8,6369
04c2187196f6f6cd,2b21d5c33cd2a4c99d3c122a46acf3aa,672
a9791b2a03d97e60,82b9b6511972737b2e9ac1d40bf2ea78,317
2bd589d13a02deb9,978f1b2b7769bf9e0b0b02cdb152df60,519
1b7c13ee3151f991,01c1d655ed731682c9b1fa1fa8ada5c8,6793
bdc76863a137b522,7b80aa61dbf75f6a81634367981cfb8d,1213
29ad1428a93fee6b,c1858fe45dfd8434a17f7c50f45b4a39,13710
149c3b0593526927,21a9cc437e51ad52b578f76b8c57ec28,324317
a892d7eaed0e8df6,c90c397fe64fb1078ae78b6f5f540608,699
1dbd7c1cface0675,a9e1d448f35562e2aea976238df63c2b,6668
73dbbd50ad22a242,2345fde9d73766f1f72f277041bb2df8,1243
96878b261e1f0eff,6ffdf296561b97ddfc1e3661b88e443c,9819
96c51de7df6e4757,b8bada039fd3e2fee759a4733c1d9296,7846
25233601252b13df,1a84efcee981de857b7f218bcb20ffdf,826
2dcb84f226410853,e216b72fc2c7908bb941eaa881f3aa45,6082
3593f7ae4f086f4d,74ab16e61bd2e0cbce15b575327b176a,6461
c277ccdcb8d81d51,dce2b3466fbdb882577e1a2340c73ada,2183
7ae869f8813dcc49,895e9ae2d3478811d26c26fca78e5266,7728
689fb5a90b290d6b,f876a6e3a6d623ca7036420524180bad,11085
4bc3e7aa4e225f6c,a451637036189338d909276f22c90815,6626
090b2965a106cdb4,136578f2fe3857ff7b6006c13dc08e90,1187
a4502b5e82cb40e6,52d32885cf7a562c55728385ba7a4f86,377
d5cd41f4c3d960c5,7aa8066cc7d5708e95be9456ec4e9089,9361
e339849af3b45d24,e5215f609432943bc806c4d4acade031,7572
80e332b79be25d6f,6a99f135b6e4f27f0705cd458e9f1bce,1059
b28e5a190a2b5f86,65cf7469b02783f04cfc050bb00da924,2740
ca0cd4a75feaa0b6,c659d78c538227d1faf5962b670d94e6,858
544b94dd6f3909a0,b2ee2dcecca0063c5cca5ea397294b63,764
eae50bfdf37fbc5b,61145a2db4caf9becaf836347180fb87,6887
98b6923402803927,ba6d8abc5e62644861cfd8c0920d55f4,7566
053dcb7dc9db8c3b,b51abf1f85b6b35a929c0365fe637d2f,500000
9c9df6fa9e6c2740,7ee02f1301d52ca58bdc0bc78aaaaaea,1680
1ae01a44ed2acc88,cd414a8c85e7ec592e7dbb417b08369a,7282
1d7def46ca2feede,f2686f79c35ca7823403a97659679e3f,9937
8cee71d3ee72d346,bdc544c788d34153222dd748be18665f,2891
5fb90a1fbd20eca5,7bc5ae9c621a93a70c01caafb7aaf1fe,4271
350b01babf8673e0,675bf3c11ccb8a1e5c180d14dcdebd31,3923
c46d909e4c4cc8e3,95ae27c68c96fa2c8c12ef909755f284,1773
bdf145b2850d2a29,034f7306d3a0b00ef0e9b4c31e15412a,3641
061a185fd9bab8d6,66c5c5f1b869476a5995572c8030b605,1041
fc6b88fd7ac68140,d618cc3eb95ee697c31d373d0aca7e59,2047
ef201cfe10ceaf29,3e2c69e6f8b836f3a1dd1ce0cd8a3ef7,1095
13a7b4c8387c27e2,d8653cc8f82b24c576dda0e28c481873,7098
73c7900781340b9e,2810ba7c2144deb8d4df0f04e5408924,4226
17c08f0b1a85f56e,8de93b810d868e3e00fe5de2640ce4fe,8791
9050e6eb39d43692,f4fc9d282e73a31638291ba6d4b183da,13186
e165c3714e722770,2dbc6888a36993393fa48576bb235530,904
b298d7cf891d8244,7a131778ca984ff7d426a7d9417b015b,9358
65d29545b380c3ff,0481546fdea4d293db077bf20c300068,907
a21e47b3a1ac45e4,83ff56c0adb2a6edc59ecc3605a71de6,6801
c721f1a268392c2e,f49cbaae58812ec2ba23d12b6ee17f38,776
af58165e71079bb0,afacc5b15f3f8704a3bd175b0a93612d,7199
fed90caca844897e,21d3204e1a56db48b6c4d891eea5d212,3194
1921973e59719968,f81f0b355c757faa0b660cc588bada5f,5828
0322b50034cc2a65,1f10cc74404e1b1abe2a6058a8fe9418,3394
aa4dc3a9c3fbe7f6,b7fb2d5f3087c412f46a78f32079d9b3,828
76c2d90a76ea0b2e,9355b5063aa17aeaf6cc72b5374b46a6,2154
9a868d093b2a0d6b,1dc29e65ebb0c25d0783b3110878bdd8,7593
b569de490f5e08f5,c3218ee271d4ac700c61a38b4b22630d,461
888100bbdffea8ea,363fe877a272b067bac06ac0794755da,3033
31a73e66f0a83dc6,a50fdeae873746e138bf174c5581effb,1236
11a740bcc62022b1,8fc30262b922d9b6198e85b2fc44f819,489
79c120ccfaba9aef,0c0b16134a17e70c24ea2f644c0d8166,3946
2e768222ce8e9fc8,d0eef79f435a13f5bfff9d4ca6d56ff8,272
4dfd825b9db5c45c,2d2be6f84f2d08c9c63053ee0e6b4463,1354
529b2594d26d3a94,360f934e181baace453bcf0b4e01fc3e,2320
278b35e279c40c35,fdbdf945a84b19d688a63bf1accc01b0,2763
317547b80d4b29d4,ceec75435f08c540b4e58869dd804644,8408
ef81c0522c96b6e6,9601a37c91797b0e64c846b901e42b25,839
51736c2da0f1d82b,9a3b3fd843755893f2b1cb8fd12880f9,4903
e5365bdea7200313,b2f98ddadad4b142c220108cef4ebab4,745
6213dd6ae7b2746c,be3ba413f2ee8320bab3f7855321b3ca,1356
8ed93ee7453b9378,dad6b793cde62cb021b3cf5ad8340bd3,4111
05f469d632153155,c468c982f896b0dec10776b0294da4dd,7978
82ed33cc3c211edb,90dec9b1b1fdfba72cbb43cbc4b929be,1770
8feaa11fcb2a3e7a,45455e8e4353b83e803bd055532f6e87,1545
107cdcdd6f4f8493,a199be9a66ffe8f67d8118d9c95d8ea1,4049
975e574b6269362a,d4a07fbc8bd579ac0acf62e08c04b5cc,9691
8b85e9a9c27dfd96,731d2a077d33013914d6c0149b7d7bd3,9871
1999a633436aeb6a,47303d7379d545a213529c0e36516acc,705
73f9c3e3da34f37c,453defeb3a1a518334a833e85ff537c8,989
358f9fa33417ce20,e8a058dc3dcb900430d788d4ab0c7bee,5729
96f1e1a126cc40c6,5df315e6f9c4ce30d066f2deb34c68f9,4328
a0abcb5a64d4c04e,68b4a2403f83cb280fa8549e11d9d7d8,2695
f516f7304c43b00c,90af23987e9b16c59469d50ca42b65cf,1527
c6bc57209a9adf54,a6bc44301c99183aac0a30f59b56144a,1851
6845cc001cd4a41b,c0027d1ace1a0cb2738a92364d7891c1,5383
7ea3c258b4172468,7ec44a29688d76a3f7fcc21af5dbd0d4,6990
dfeb2ebccd49793e,a8cfd37745eea4b38087b2929d080e85,900
8fa4bed1addb8aa5,1eb03cd550b5bc9b71e75d08eb1d1773,2585
568ee5a6477ca820,6ef43ff1a5538ef5bcda9d732885efa3,6342
35894d0b6e79ed33,ff609b467020053f3dc701ae8f5a9d22,6242
002f291673d0033b,8a2861d15a48f0c26f43825e3b7b2fbb,8445
df3b5ab4bb19f6c5,540e7cfde161f7c4417715afdaf368a3,6624
812bfeb5cf795baa,d320ba1e2e6a0a40d670a078b99c0ab5,4708
e001efd4f0cca478,6531d9765852f07cf9361b4c6dd6f9ae,2289
b7789b0fcc07d2ef,24d906e506d5a6ac375c142e9079aacf,5396
02d78aeffe6f2498,9a8584f350830899d98f85591476e0cd,7440
4975f8d50b6fc50c,15ffdb8969351a6e92c01477f50ac0fd,920
d9eadfe8a5667e59,91fb2e600a9f188f178854f9636a51cb,1501
39916558db35c824,9c333a4cbee6eac14c7bf699c76b943f,6379
61aa8f450fbebad7,568f12389c162488b99e6adcd72768ee,783
4225c5699def1f21,195ba35ad148ee8339e85865d579e60e,5517
9e8afc7d3e125ab6,31d43f21b69abada7d11cc3dae2b3c7a,1371
feb9acc9f366b4db,f489f91310c7c576940adc893c90a731,6940
0693a96a023fcde2,5c148d59cf9c79811d501afa9e099419,722
edfdd078cb429ac4,59d283a40b1e2e2146226845aef27584,6597
bb1bdbc0cd60fee3,a85a35a1dd5a38c386a9febe13a0f092,1075
ea016a40bba3413b,9d1dde5ba5b19070c5cd95f9c2e72ed3,713
031da7d41e264477,9fcfafe7b74192de311a7d4ec8a44ef8,744
4bd0c1f4b60ffcae,2c4993067a844110e4c094fb6be5905a,3425
a258759c4c8415a6,1889dea31264fbf24a097923074f22f2,869
203fc584f4fb2263,cdf30a0a3196bd29150854592f6e7a99,8194
a2a21f3eaecdcc00,cfbdbc435fa2d9a8d4e5f8e2aab71cf7,3230
57b864f10427c2a0,8009e802265ed68ec57905867c9eaaac,6226
1b0503bde659fd1d,0f51852838759b42ecfba8caccd6f612,3034
b2f71bae9ff52167,f3de5e78adae4b7fd495b04d2520b2ba,1386
f94df84905043d25,02115f9fea7c959283b8952fbdab8fee,9962
5a1bb782ee2f530e,decff237ea82f012b91284198ef4baac,847
2d325f5844b20805,21249a9f9eecc211dce6927c800006cb,16425
61d2ee8fa8c9ad90,1adecacf986f636a1d2875c89b5e2d07,11819
05a4ddeec6ce206b,ea368e6ce9df22d71dc95cfa15c205ab,3738
afab9b8e67da7991,25884c4a93944012a39dc234ef54909e,8304
dcbe88ffe8188483,47e8de8647a8c2b0e0be847376cfc44b,8682
1e11de574a76775e,9cc10b6735dc6ac05b407a2fbd486485,2886
f76b67ea9e035023,0f5b63bdc739d34a92051099b26b338a,6987
29d122148b84f231,21d3204e1a56db48b6c4d891eea5d212,3194
20aa280d83944466,a1b914da98c2252e96456dbb29003b70,5714
1814fd1b8841d612,416c26385e6beb73c11e1a1191d6ea8e,1044
44677b17f47a53a5,944741418f3a7c5ea019edc3e33eb7c3,62685
cd2e4ed86fd5fe45,b2fd61c388e8f7648dcfacaf3bcb0d53,6079
f35baa41be94d2b9,05a48f0f65e30094d291035814f1878a,3492
0293f61cd2573234,e39449366d4f60de71249134bd5bf5a4,749
cb47a45caf82d5ff,ed13b4ef7d95d22251fe92dc385fdc90,7034
f648eab28d94596d,21d3204e1a56db48b6c4d891eea5d212,3194
ee5e51138beb9fd1,2647a9c4394845615b39a1167b222ef9,11248
79bcab3bd77dd531,9d31a16745462e0a7db99baf23da3269,1952
4f8b7d2b1b3a0b61,a334754b295a8b8ddadfcb313e84f410,7140
7742339d6c9402d9,ceadc1b14635f31d6bcd5013f86f5d12,8480
bdb89316521cb7f2,137c66ba64b0fe95ff9871ca1f6d5c2d,4593
d582b37bd0f2b917,2030bf65b4287e59c8b2e46bcdcfb6e5,1349
277e14e6c18d90e9,3ea3f9de199a94e3691720a4188de1ea,1413
14e6e98749e15197,7172ac113d49737bc3cec2ebdf2cfb70,717
7d3c4f230a72175a,842173cb647bbe34e53d77878835157e,1997
6008dcbe03afa2d9,2017a907cfb7e8d0ec655c1829454d90,5227
baefa8e66e5b7a0c,8cc53adde0ba5de2bd44bbf9fe8c1387,5970
5b2277df50cd84f3,cbacdc7b7c1678db25b4d1c9a6ee53d8,5907
daf40139e7ca84a6,fdc5700fc31a876ba0e03969acca60bc,8675
c00c2c2e57c8f728,adfb6dc136e0f8f8f4dc0a9c6f75fcb6,8287
c5939fd9aae60224,f4de7a7d8086bbab40247b1f82fab0d1,5579
c28be58f200f9f26,311b3ff15bfc7e6c7993b1f675b5bd6a,1154
4b974021dfe1f923,9fd5a4f6345a8222f1d1e01668bc0a21,6076
ed8657b658ded71d,9e8f6dc7cf0a6de3563d8dbf4dfccd86,19880
37d456da12e29483,e3b0c44298fc1c149afbf4c8996fb924,0
a42107f7a840d8a7,71848bc826ceb79dff034fd373adf555,2146
212b8951455cb55a,f352a4e013a56d0ca0f2ac17c3706017,5614
9dcc7d7cd710a677,0665d42bfd1c8caaf1e98506f016b409,510
bb8bd84b59dc3d6b,5332a0618b5c0a4068529c95af127a62,1718
5fc2ad5eb77fac0a,07ec0d5168221603cd56795b7a64cae2,8585
21547596f953a2d9,faf3854d6165843037c0b821d1cce9b0,9598
c1f0733927fc3bba,dafd1eaeba842326d672820c1b44005d,4373
b8e67eedad375333,86b8888a3b064c197079b66996bff09e,823
a121879b0c54a1b1,06ff43511b461ce46a020cc4d1f1b1fe,1188
92af6296f864a65e,21b9091b9c46e5559717b27da9b01f2f,50136
47a8ba1537d4e95a,21d3204e1a56db48b6c4d891eea5d212,3194
f79acb1e8e1ca4be,a03879433932b07783d549beac813630,7147
ed02db7e7bd894ae,73d37809f7124ea6f261dd663e14b455,2883
42606877fe7ad487,9989dbde7578b45044502a2122de070b,32367
b137b09f4320d203,f4838ce7ca3e8ce026f6b7f1bb5fbaa0,5582
c0ab62eb545073a6,e7f676a01a45af6f3037e1912587c3c7,1321
bea5a0f849c07452,2ae02509d113c6f72654ce9a7f13826c,3822
50efc7039f22640a,ccb6425025cdd6873d0bb1254189952c,7207
b56f33fed86d995e,6f4813f87ff8fd8cce1b57c73962a384,5812
9bfce600ddc9bd8d,36f63f554cc8328c0dcddfea3da0848b,4038
30d75c26a1bf784b,aac56ed9eb961e62729891c7585eab14,959
2ffaf65740f8f8ad,948728d84f0c8bf1642d72e74269bb52,585
4f90321d53ce9f44,21d3204e1a56db48b6c4d891eea5d212,3194
a9f8e7d12c6c6ba4,f2c7d2c87cc2fba928b57967651b532f,1140
4cfd34870840650e,e2af4733b78f5c951434278351a9c259,660
3b28b3854819ce25,7c534dfbd7fa1982d72e65014f717d8d,4665
2c06b0b589518b37,6a6bf1c609bd68c3511f3c78b4fc4029,8748
66212f8f9d3eb237,f1832a464ba25dd3cda347767177dbee,9598
f38cd29fed00cace,809b676a6e94509aafc86ef53256cc8b,1062
083ad8a31bd4e71a,81133600bbd65a5e97ff551676768820,6555
5bb3988c856649e9,8da7974c9f25216f3e62b1917492b9f2,6340
a8d4c0161a6b5c9c,38870e53ff6a6c7613a8ec143cdd75d8,4555
835f2fed0951653d,44ef3d3897261e6e97257f85470382e8,3456
a72d382d07a2359a,d96324325f4c39ea831c70c3d35fabb9,500000
0f2fa438b9d2a594,9d09873e9e0849ceb50c9f8dccfd8d58,5943
cbf5ca9503a3356f,0d338d99138f2d2622c3e3561696d432,731
a5de30837490079b,36bc0fb6f003921c4a6b50bef1393baa,903
1f796364cbdd7af7,4c32d5f10af7d0df76095cde9c56c46b,3691
c1d979f5dff276b5,2f9292ec09d4dfdbe1dd21182744ea3a,2746
021714c878bec31a,74110225fe39b633f13513be93a251fd,3773
c011c9f77202e9ff,e7c494fce692e04e8158025b7ff708f4,7523
40f6667c1ded648f,041147e883c6b36c19ad682e8923cffd,5708
4c97bd447313ddc8,719516c09c28666b411b2d77fd88d3b0,6477
33e27a410b6f8e64,5adbc9cf960491d4894930398f4ffed8,2330
24ac4e458ba90e60,0314d46281d8e9172077b01c8ffc2909,6304
9067b27dce7f3f21,601224c9743f72c80e1183224e122105,3341
3ad6f878d9418af2,bc1fa0fd14b250b000bfb16a27122263,1236
b2f3de30d089fd81,21b38ef27fe7c17f5d73972d8d4d6206,7163
e5ffac36d5fb7413,d0741a0244a451f2312bff9f3ae3d667,534
05c4a200bbfa7de0,2ad0def9ec6adc092e46b13c45bb3f36,4037
ec3f16b1afea499b,88ccf21b24282f8e966983783da41550,2260
7ef2b958a92262d2,03be68a9208441876328f8b3876ecc97,2233
58a5ca4e88c7b50f,483f829b9b5c2c9efba3b3cf65232fb9,3885
9ea4494ad10f2447,da9d0dc772e68710bac69d2ad12b9a73,5502
b3164edaf1536357,ed50fa3b43046192598a9b5e7b9f2f78,777
4816be39e0dbe85d,ca62260216b8b70b6b1eb9826c9dbf77,7807
3c70baf9b0f9ffcc,9d3ad4a934a675914d1f701255e150b4,6501
34c9a718188d5969,461d9d36aacf8a8204a0358f9d2b2f17,378539
5cae55814475d0bc,6f425a99c4297962561d815df227d39d,6592
4e5719c0a4547435,47d141f3c339ce4fe3235744c4fa6aa9,17989
8d00dc451076fd78,63bd22d1d2d494ad3a142cfba2b5dd4c,732
f944cd6a96ae9c7a,c14c7def9b30d6f17555346f419260ff,1172
b7e269be65bb321e,08cab193b0cfc107fa1cf611e5fcc0be,5553
039364861bf5d6fa,6a5ab21192a35de44f628e1077e4a1c3,4321
c101d02b4efb19e1,1f156eadbcc545df26169bd681c3e024,6847
8643e0b872b964f5,d986b6649ccdc0266c78e5c737bce07e,6268
aa4933165ba36a23,5e57fb9072f4f140a6a87cc1ca683206,1994
e93509d52bf5b2cb,55c885d9e834d59e99c0e62851ea3e69,3096
a57bee4c4be24179,117f1edffb5d6b1c9335f7717634921e,6968
2fea83ddb18696e7,8103158cb331a8072d1f5c5a103a152d,4225
9a0782aeca7d6d80,fe350b1db069c0bd16617475cebc3fc8,5452
c40bcba26c540c50,0e1e4832a7f747effe88d01a52a00ea8,4616
ed5e1b06546a70e5,84a8f9a804f2ce9c4666c12e47bdeaaa,2645
3c0103ee609da733,40738d5c619ac4acfbce95e42b7214d1,6707
5e343705cbaad5d5,018403d92317f5bec738bb5237243aca,5917
c029cfaabcedbe37,412a0f1184b997cdb05c712de7f1b2c9,3474
f611197b6671630f,756d33f14419f2c861e31f4f72ddbae4,858
e8a0d0598f86b8d6,386836026c274f2e3e1aa12fbb19b720,6573
d86d29de10f151a7,101d3018043c5d787aa206c267efbb61,5129
c4da8adf5287d8b8,e38526be088b772b45977443fc30e716,1719
87f5ef5f9f3bcdd3,ea738b081b105038b46dbb7bc44ce34b,11056
759cb199f46cdf16,9f31887826cdb35c6e5931599056b775,6753
f054e8a0fe7ceb6c,c7c41c3979a546f50ec89e0ecc17c702,7173
ce606e7153bd7d58,0e61fed31fa330466156fc9e52e63108,672
d8c7d1c978adf257,604d905567d2feca3d19952f0deeeef3,549
28d7cfc0f70486dc,8c4351fb09a2666c5b9cda981b7e4b5f,3180
317baf4ada87b1be,7b0d1fed853e252dea18b2f7aae0b657,4454
76c07a8c275e514e,af40d8f464352b43227e15515988d202,4701
cf51bfa3ddc0c71a,6400a1a2694c3f1b49b9b837d7823e5c,2008
511ed0b21c7a895a,36066c2256341d0c0f54afa2e8688125,7710
83817b67ac1cdbda,2bf1a484838c110b58e2968f540a7c74,6603
5641345c7ccd9f1d,225a786802a9892110bb9b4e4746933b,7232
4b79746ce2dba0e0,ab2194fc08cba8f7ba41edeb8925d5ff,16757
0b5c223ab28b0d4c,99629b8b2a104c8521a3fba62114930e,1373
73e66bc1b5b007be,4d0e8521311a820ff08d307bd03a5e43,15208
84231f84740b6005,8a28791fe69286d3046988e38fdf60eb,400
89ddb526c86845f4,32d863039732492f67f3fde4ad982572,626
ec8ce2a2a5593880,cf414d9bb414d696287401ed383d5181,733
ba834caf88b7a250,119c6976c1357b83b112bb2a67d4d99f,2578
61ed29936952411f,d01983da1329ddbb7ea6457ad8805b02,6437
2bf229314735d792,50c9b42088bccfa9062bc9b74972f981,675
69a9080f5bbc53ab,1c2bc898640d37592d884f7fc0484cb1,5889
e5d9026ab969e180,45a836fbad60a8d644cdbbdcbb539486,5810
d3763c9bb3b89bfe,703f6b180e417635af4481aeb141cd16,848
59e0ac811da7914b,e417cb461c00bdc6a76736935eca6047,5938
52eee41f3f98b754,15c647b7d7a21613cedff6ac8ff6230c,753
9eaff2c51f2a7120,b3e0fc5677614b31d1c0cd63bba2902d,5133
87c5893cd37f8e57,1298512856699c989f62fda727eb6c57,2660
9f2d05a17f18836b,a9800ba9b018b50a1001c1190eb7b7b8,6209
c9447941b0981be5,50d3c04000aab01cae91b153c18eab92,2431
cc993d79ca0f4651,2f7fb1a6b92d19b79f8f0363498973cd,828
4c3ed49a832136ce,9380ab89552c9eb6b1ac2db730751506,625
56653bd64a41b4ff,7229e4e94282857bf0e741ebaf246dab,16334
978093690788aab8,f1a1f7b15a3f3624bcd0da3a81c0b2ba,744
329e441d36e144bc,a0227b035dc4ee68e6c68fed7f4617e6,4416
b527df16ad5a2f9b,74ecb25ed40a1c34a015811c97ae0991,7121
596cad1a5c17088e,5ae06b9f9ad2e94170a5807171131803,955
856dfd22b6acb33b,28391a180262441f4a8edf67c3820143,4152
abbf6b2bf140b3d4,9c3a9606f794527cfc437e478a257874,449
9da98daf0cafd9c1,09e20d8e4ae636aff0c7aef34f406403,6446
e050fec862147872,24ff479c438885ca34482046061cb8fb,10173
c438d840c79fb686,f5b129af7759923afbc55ebab7fd2659,6536
b911a4bb2565e023,cce919768cbac5f02046d00fc36ee6ef,7651
90608fe808ec31fe,89ea7b9df3dabf925bfa1a25adf14ab6,7907
2d78ce5dedf4f9d4,f086eb83b9a9de6c3fd06b6f9a2117b0,5442
db0f87f6393365fb,f2cb8880ea2ee90867e48846f4b04cbd,13016
323137717a824d85,ad53d39655ed59c894df8c72c5cf1c5f,541
ee7fdfc4e6cdde51,59ce1dfad38f645fcc4663b204d0adac,2326
f4f980a927ffc8d1,5e104cdd928eb2320a226ae6e255663a,6400
c3b76edb498615e6,9b3fcbd4e7908c1ba6f5456c184f30ba,8130
13b885a7ae9a8e91,bb9df5e8e043dc75af80300ef03efefc,1361
9e37e7144d9652f4,df90209f423630b2cbb53f49c820da5b,1473
da82c00e48e5014d,ddbc25c58cc193cbcccb83fcc086bf72,7836
3b7bd9e4165073bd,bba3110ba256b0265b4c53555486a828,10360
d5217317a109321c,0f1def5c264019a96eddb56b7dcb6a5b,5082
b5589ef44dbe587b,37803ac222be5a0c75a38665a0dafeba,1783
214f224d43ba0f09,52dd7b0a62e6f51d4831565009e6d378,23988
9446b567a1fd8b1d,65105ce52e5f1319641ef3046bbe879f,1177
88969848ff37c25b,ca53ecdec402efea21be6c9d50df9486,7145
27505211ff78e64e,d0af0a4b54a0386db8d625426cf37a1f,5865
37d1810aa742d75d,fb01de011b41e267bee2b06836d3e9ed,3441
48ad744205f9f83d,4d0f565ddfc34b2b48fa9d716937314d,6387
9b1465323ca43ca9,e0d5dac0b5cb324c9e41594fc0e0fbb2,6354
116adf84957b2fba,392b5973f7d42d84328b281b9fed3e90,968
2d2b9f643426d1ff,18883fe8a04c69b54ae20b5d34c2cae6,17505
4d598517483f1b0c,d831aa7c588725519fc637ff7169c241,733
1660fcfbdb43f1e3,d5ee2798f6ddb7286e8d9c2e5f53fcba,4601
095ce6545091fdb4,3b668e27e1d29038123ce3c550feaf03,8372
59f8ba5ef8ab88fa,ada0aff553bcee43fe77244778aa264f,3129
54883609254b2912,591ec8b8d78548f824864d25e76cd3fb,4775
4de3f6e12a77395d,21de975d238d85be61fd86d512d66a28,4164
cbe5f22a12f8626d,e411088942d3d8ad74cbbdada0b311cc,8626
6f09051ce2e16641,21d5231976a67e84c649d46d7ffe677d,2256
26afeecd00887edc,4b96639cd0c358442cb8782ecc63bc6f,10609
eb7eadfd9222c31f,7695867fb50eb580b5a1a2ff0c829f9f,9864
2caac7d3f42601f2,1118df75089f24c75b59736bdd8f0aca,3219
7f163a3c4c98b9cb,9a5a2cc294692279071a15e3ae1c02cc,1874
a5882f5ceed318a9,622f73dad75b5bd6f3393b46e615f299,990
183a5635da2967a9,45ce94d84b1a0016058d874608a3feed,2774
094166afd3b73e15,5d8119b079dc276493af4a99d25b3bcf,9797
317c3eb761299405,822b5fe28f0e0a086882d2e3dbe94c50,3771
1c681586edf72e3a,ddc95bae1bc229cd9322f4da2e229f47,4847
d093fb55e03a9c49,dd212705a2bc31e4a58d9e4a45bb4f84,4565
9ba45e38981c3f9d,929317bc34406c3c7007ff0b7f54a3d7,3585
3236a20aee77b143,384566e93eade4251dd2de3d069b6d77,6198
1bd228911e3c2a20,bb1700faf8ab79a1d4894f192716bbeb,1085
770c5501c83eafe2,de532141935f8b58823ab7383df894cf,4081
b5337415bf264d85,d9dddaf9af0a66f03097f99fc261a189,7730
bd25fcbd97128cde,35e974e2e15fa21c885f55d53ea69cc6,1152
b53a04a847f2a93a,61fbf89e29a536dd8b4ddedd3d8fb16b,960
0bfa7b039f9bd046,156bfceb6a16d71be2db7c38545d7599,2200
c3665a10e5aa2924,111045af2532bd12915eb2fb661593dd,1714
4fc2bf078b6d00be,165495bd839ef0509271341bbae55f28,2476
73a461e86fc044c3,d17e0c0f60b3f95df9ff563e7d8ec050,564
52401d2cadfc532b,ca835765624c65f11f2164fa7cdbb49c,1411
3d7c5bc3bb189748,5c8edfe9d82c0986c51028458cbf3651,2956
352f6cfa235bba36,fe182c9c9b527315888b67193ee8b5c0,2312
35f93b082358b786,834c86cb3dc2230be23b47c5a5467cb1,4636
a3e2e82dc75fa81d,51a682064fab4f2e8ebb467de7615f17,6852
efb557d4b1b97b7b,f5eb3c3b6658b88aff8ed7c0aa40d113,4078
c19f01239a875ef1,1d9a7531b00b1821914aa785dbc32ef6,7821
63af7ce296469503,6af40e957c5c49165453420692ff9b51,2263
b7b12e3387504440,67d1c0f17fb41d4714e36466b6a7486a,5762
1516ad9cd910555c,ae9adb4ad948ba1e3f2700e9b0bd4317,815
6e338efb35735bcf,211f9f0efd7b717691f4ef777e798518,11886
643c73c60bf2cdd8,3c24714463c287de2d05029f7044d86e,8291
35e56b2d43c4fd81,abce9ce5b196036526b4eb921010eb03,680
5cfe98a999a2a6c6,fbbf0f28f4ff3c7d3eda5d233d4f01d0,12832
5685d679f246d16b,edf035f936a6b95dc8a9461af6bf829c,5663
a8d606b46be047e2,fe41bab483337c3dfbeca34e43f6bba7,1208
e5dbd0fc348baf40,86cdf615df4159fb0a8235c5a158a3e8,822
66d5651bb27f9d35,66faeb2bd7a70a14225da677507e8cf7,1004
2980197d17a5bb19,45fdd976bab3889b07e20d8423da4268,12587
f5750c133b99b09b,499964c44c7dd7cf6cb5c834206641be,1265
7125814d3acafcf7,396370d497ae6d00d2cb2a443ea8541d,4005
59b7c43b66827e03,1bd87eb05bd5d2cf9a5406abaf01b36f,858
32d15f7f752d5395,a3443ef1e7b5f54db0c9ed45ddcfe070,5248
3011973ed460ae9f,89194bea69c21c09d4cef0621c42b0c4,4793
7e1c0adfc4a8c917,eecda4f6c5985ce4a7817d2aaf2941fa,3742
5cf413e0ceea9f65,3132c76b62fb7876d261ee621813ff59,4023
5d81572ceb3e3903,c7d50f034dc846979ebe85fc46fbdf13,7954
68aa23c596d1eed6,f06e2d432c5f3db11e41b437c07cddd2,3714
28e7ee48e6e4254d,d752d6cd7170486d578432fcdb73c2eb,2736
aafdc10514901c7d,d543648c6fcc3afb88d2daf38ae01bb8,2041
ad9c7b71f4ffb75e,d891e69ae26805baca5d04ca50410484,5890
683d3d809e7bb785,cf1d803ee588c0a080942f2eebc74995,4878
404f4963021bdc1e,08c397f63d1a3d7beeab84cd85ead29a,7186
e63fb945cb09b27a,9f66fc073549f49ebf1a873bd00bcdf0,655
4f37bf34dbeb4f4a,70768a1d0c8f2be752021c3eb8b0c133,10306
75238c59b813c9d3,bf0769cf32684fbe89231cc7b7d11554,8016
8c2fbe793d2dbbf7,b67161c5efb9c5a0ff203a6f36e09411,5452
7fe362a6bb581ce4,1e374e5805f5b464a919b539c49c6afa,6383
4284792b785a8742,6a13a46ff1ebd0201580c7a0f38a6986,5896
7b81223c995a40aa,3ba5b2a676d89b811dafe7bd8f5cf69a,17880
25a0f831cc1a98d1,f76c9b0c0ec96be22f71519de3f1c072,1648
1b0a14f1790ce240,b30356df62d79a079aed6d1b7f9b55cf,6129
5b70c36e1ab25580,c71f4efb83d48fc8509e964885f2b651,7277
2d16d2fdebb38886,90808e8cef5fdd01d675a790cebd4c90,8883
35c9b45b53e241d2,3e804649a2107588f98ced9439fde267,924
50a72ee8053e0583,8d62f0e21dfbbb2b482d253849fa48e3,1051
debc1c85e9efb996,03b6e8bc1a6ac3eb62e3ac6631aef9b6,6741
822711f64899e270,f656be9b0258ae8ded5fc47e7e741315,3810
72c5a2100a994f9b,c4f854b2e224f4c48973455f7696608f,868
482593beda131a04,16ba615a9d474a6bb3190c9544446272,5817
98e3cf08732fbd2f,54257c837ae11fbfb5e24643f231338c,6674
f0befce366991ebe,8e432ee8f055bc61e46cd037fbf3903c,18641
c8f6fa9902c2cec4,4f471522e857daa79c8112dcc1da8d05,5634
0bb013e0c832ff91,5b95522d0da33933701c9763cb42f8a0,5050
ac6214110eab61e4,4c62584d38b38030534d5af2c3769fe3,984
57b9e08f9ec75828,a39adefd82f00a3fa79fe1e714a91ceb,1694
6f73443ab0f688b4,ef993cfc31d7453bd967162605dfc969,7917
3c8108528b7ba30e,48fc8fb652894830153f987ebe4b3bd9,10972
80c64264ac31f6e4,7a230a507b0984bd5f33083d628d6da6,1061
2e2f79d12e6bbbee,10fbfa7e08004b4a2f1e62bb30e74b33,689
b2d1056a3f5e8e64,ad3b29e86dee59738a64ba1f729e3d9d,11665
19cc029e0cca2ff0,d31e598612771a61169bf4b4f349a5d4,857
6f07a9439fc1430b,7641c2036c2c1e76c02ab884b5a7163f,7896
1d9468430f524118,99b6d149644f6336652b9211dfd1320c,461
8e7faee8d8faed93,13cecabe9b37cb01da890a819c0799c0,5500
3e5a9fb8f88f8b5c,4cc9ba6bfa857f91efaecd7518193482,500000
dff87fe3f698a93a,c1805569a808e8ca6d0769f8eb054680,1010
6c777399f2252144,afc76c2d6c86984d3a405cc458f2e9fe,2174
2a8fd36f8f7a8c6d,6d331a4e1932cf9266074ec18da69876,4635
8fda88aa8cb8869d,b28d983f515a36d6acffcfa16adf4f8d,2835
70951f40ae8fb585,cad3fef6009b2be63b7b394f7b1ab2c7,521
b74d4ec919338f14,3b9f0bf08e513724e15f74564709d39d,10638
29717c6515bded9c,0b3702f9dd5870e77df7cbd604bc5b10,2036
a64d162397d3396e,c7996b44a7d0105be0eb37e1df8f719b,2036
46c1b4d79e4d8d3f,a4bee6491b5055b6bc6d23ee689563e7,4037
bebbe019f94397b2,b1df79f2ed5c3b166dd33b6296801ab4,5304
24e10ebdc683e6de,a6412a3a0c3b397dbd9df06152b4dceb,2322
6aa646b81e0e1e6d,ad894654258438935b3052023f975a01,1040
07999b2e9bcac9b2,41e24140c81ba042a7e5c81d46660034,5039
d1abf52c9e9fbfe6,cfc2a7e9248bfbed891aba3075da5d67,4466
745b92e205d89a38,de29f28e3c43dfd39865e8e3c43e29bd,12498
30a7c9aa3ad815c4,759068f16cb188ee169ad077c639d61d,5957
d3d8e783c74cbfc9,4fbf5786de5a61f19f53c6dc43b63182,7177
622293769c114ee9,dab81d5a4b284962a0aefde9fa343821,4368
f4a9e33179e9337a,38ae134b8faa75f4f1ebe1804b72142a,5993
fbd02bd82d2e4f4b,f5f6eea4f20569217d02758d5ed121ea,834
095cf72fc7ace911,ade99b0d18b0c2d34aef03a7bc149bb0,4358
161ed42b535b80d7,b60a91cd333d508332ce0f062884a834,10771
f0a65cde2bb4da93,dbcbea304a82b79bada0ae4ac8f3f116,6768
f63dce2720a1ce31,91cb60e7989ad95848b80905c3af5fba,14703
ff3a18aa6242a156,002e546cf61d662d8b27034b26e019e8,785
7a2b6967c706993c,c9c0dc2a89065417948e8fd1612f4be5,807
2269c9e45df558d1,367d1bf322dce3ed7067a21f1853714e,2063
d7c2a5cc70ff7d20,bca644a6ecef3f7239808476158d3627,747
9eee8da62537de1b,4f14469a6239bcf908d3f35551abeb84,10654
c8a1ad5cf80f5a11,d67defc3ddc034808d4f4befd888701f,4041
a2a33972b99841af,3d56bdc7073e5240158732a591cd96fb,4141
e0c2ea4201cd96b9,ff89cf0fa0da200bd4ce7d146714f489,6977
697a760dd9865c16,5694dc6fa9b5a87f1cf8e327cfb09e61,11504
c75b72997efd425a,74f5d02bd82cd1c1db93c89f9f805753,4134
53b9bd222878a57c,2ff37ff57989ae162af71541d1ad6f7e,6543
af4f3052ea6ba56d,403dd66c6a33a8ea30be3881a9839427,8470
621fbb68e9101b70,1bac90a698832603b306c806c4be14bc,3293
c44a8bca8bbe1fc5,d81c39d8c7910d0a1553eb2299eedcfb,4124
b491dc39edab638b,0493fb404fe2d880fad159080e07eaea,1352
1fab3cf87af77a25,cfa767347a4d32edd20ae1185b50d24c,1061
3fb1bd0a9b4f6645,46ba9b02b1cd5b3addf42d1840c834cc,1395
d73748266ad6369c,1b0d85e3041f93d3587c88f08ca43dd6,2352
557f5f8bbcdd478b,8511b03bfbbecdcc848d562280133aee,563
91f3064e86d17e00,21955e6d460fdee2ff0d6e6eaad04835,408
a1a44f9a867a4b02,44687e317cc7a1f5fd43c4647b9c0cd3,8345
ae0a0a2e9e70f859,16696908602c65cc82c2c2cbddd80d71,936
83510d0c2925bb46,ba6115733669b0ac594cfc243b4a0fc6,3152
8d138cfea078bd71,12e70fb562929cf739b19f53552d9d72,500000
f9ff2035f65d7906,5dac501346b6e4a11b8bb8fa56dcdf61,4532
e8a84717e5ebb33b,93fabe7a3f2dea84b8f2ee0fe03cfc1b,3191
b6bf48d64d6bda7d,6c81628388c3c8b0f7987d94d0779a6c,685
9ece7029f6119247,e234b41ad9fe1898ec1447dcb899b6aa,6938
4af5f0f72a5a7c03,bd772c142727b7f374d49ca9efd8c710,7683
2b33a5d542149ee2,d67d26e045a33b6f55a91bcab8a05773,444
6aa7d1655d16d6a6,4d3d412f603c3b01c30774fb216a914c,1283
48b2abc646c3828b,866b59ad6926812d3321904947e32bbb,8172
c8dcb52093c26a97,8cdd23ccaf345539ce52aae81c2d9636,8073
a3f5d6aa7f6cf48d,f53a88219ddb3322ce21fdf80ab4cb70,2719
f3cb360489edb5eb,80d300366b403e5b1c756dfd65e76f82,1469
86c78c8574d4c31e,6e20a29b6466e655763ee20a8ae0af21,9991
082f72182bc85b32,86ded28c0be30197945e1a512fddb04d,2027
dfd630683f461f50,08e3519abd0554b2231e95a2fef82909,9724
7eb9880514b24724,7ceb4a28684d1c7f3db3040c6571a312,10129
11bb32eafe413754,2e80a481702e1f94c763b872ded63823,3311
2cc2d42de8eeb043,943ea30a30c3b9359b6bff3f584f7b77,8587
1b3d179b15c0f6a7,e03078ab6ad4a40eab1da540ef39ca70,7054
dbfe1480fc11ee33,c7be5683c3343ed09f6b9150229ca853,4205
4230b2786525cbb2,f43529961b442254608c2e89bf9aca1b,7783
4a1cc98ddf6bfc72,90dea7d5e90be78d15a0277f18cc403d,7100
65c7b3ad380ec424,5e93e84617f4fa209570893fda5719ad,6014
8caad521715ab9f7,20b10ec8ddf28b2cdad693e596408eac,8192
e374e950a05ab73c,29753c1c0f1e62b192435520337d1828,1573
62195e2844265bfe,c8cddf58e525715dc43ded0a0e57fc4d,1971
01dcadf0368a44b0,42201d5aaec1ba1c78a75442d58d8cf5,1940
3c84e5d4aac19507,003620b76d6f344c07c9afc95da6e0d6,872
22a35b84197fa29a,49682c189c386a6ea518e9651b710be3,15786
0220cb9de48d7294,7f8200625bbec1e988c81ea38055d126,4470
29a75f380e13edc3,de775afb97273edac816ac2a24ef4248,3251
4d1956738aa2ea42,80f7b1dcee2b4c1c2b8770f0bb81343d,708
c923e838f3ab7cc3,ebde9d8954ea59faf12b5f92f052b390,2994
1ef38f84c15293f4,e96339b04e7b8f253b8fbf7ef54dd337,1577
9a11501fdce3f04d,e8489500597048a65dcb980f77ef99e0,6661
f7a3da69034b87b7,edc1cad61d387a30097388c0cc9cc4fa,992
0c84981d8137a9ba,e893e01c1f67a03ef63123c6db88066f,7825
6f6bea797d7de37c,2bac9220b271f1be7d56316c4b9d8c18,536
2e4c60ed13b63090,5ead9e30ebb8c89424cb56dd7f669506,580
86e5b17410969efd,9c5af6866cb2388fcc49321af5737f05,5032
e63c65f7a8bddec6,08dcb5be20742a0f7af7170825b6287f,478
1709479176f816b5,92f38ce0f241867b9241c0ddf3d8590c,7407
71b41216265eb052,61511dacbcf67eff8bee09170731e42a,5895
cec9e26a26dc49b0,ea25555534437103beb9619d4a61c943,5405
30c90528f3af28af,cf185621ab82150db807b6d7d4d63d6c,522
f1e89b7ead8335d9,8bdb6b508fafc4c5871d9bbd3e3cccb0,5137
809898a1a204d22c,926a36ad69b0d517fc7ee60bfa2a8d6e,1056
975d0c37c8026f80,43376ce8ad5016e812f7874b0f302be2,1103
8190f874f1854509,e5f625e71908fac98b306908ccd8a484,4616
cdc1bf6a515efc60,2f50046ff2364532e589ab94d0f3ce66,305
851708116eefa15e,55b7aa667e6cba03b248c1e838a412e3,2250
abff87b3ad610b39,184d8b4352e62101542f6538373d1de0,1226
432a693568c49fc1,6f8caee9f2c714c3450373ffba5be055,3135
2d675d803d00ed86,ed59691ea0b6934d8d1b8ee5c0c126a8,6168
ae3d49872e009508,58e0b1b72f5885ddf7380e1dd81c641e,769
4183eaa63d8efb27,1f37b5d3cf39b4f1a8a3bc400d5836da,9640
6daa8c931a88fd05,625053982d2d629c82571e029dddd3bc,5732
ad175fb588f39af0,92c5bc6f0b96cfa218b90667cd509f40,697
cc0a0aa2e8aeecf5,d6b0fe688e0cb5bfdd90e9edbec20eec,7440
5fecc23f27880bbf,27133c73a7f9aa2a48c405aeaa6d522e,830
6708aafb0e32ea03,08a34b409af2938eed6b78b785fb8968,988
0f5ecfb154fdb101,bfa1fab50084f90ab24838dc0736cb21,5547
34c4bbaf1195199d,72d2ab6cacb812c55ddf8b2d49396812,1265
971e643b8f9bc2d6,7d56a0b9a680f9212c7378f9ac22d4b2,6561
957e5e11b5ba83c1,833a28b618b5cab14a4335623f3bcefa,1673
5e641da2cee8c723,bdb0bd409071e361dd2d6571b99c118f,358
cd69a1244f9e9a98,556df0f940eb1a2c31e4964c2cabb0bb,3709
6c1b51afe8acfc73,82621acace0ecf7396320e5cf1adc8da,6313
94bce4970c311ac7,9d51f3d407188d149a1ac1e7730c869c,6414
2fd871b2c56efeab,fc383e5a74ec774d581597a7a23b77e2,4036
fd4584c3c9547da8,4412e964da91d8f6d255d948f5a0b608,6043
a39dddd644469fa0,f6feeaf3d8b17d12cb39b40a06e109ae,736
a5ffde6409b4bed7,0efabf7df4f3b6e6196c0a96a608264b,2388
b15e583a3b9e45ad,e37dcee2266610a436cbc6a525328cb9,1185
7319065e99801892,00d81d073a39be146a7681d1580da780,6829
2b22951c87d6e37b,d4ab6745cf00d5428ed431eb3e364609,4804
420030a77c8a0c79,d462269623aecf8c199f826f614fa4e8,4892
06746d4137351869,cb820c196da43c5880d2874f7c69e8cf,1197
1c40ec4f01817c91,9832686885e556e8fc4ed6dfddb7ad8d,6982
f5482ebd7d6fbef0,6ded7ba18bb474bac4db29dedb2c2805,1409
9646db8a9f7c343a,0ada8ac92f248ce713a08889d013c716,2910
4c2aa57fef57152f,4df0df780c485bdf977e5953e74a6366,913
50b222900d406185,edff906fbb2050fe208679856a72b90a,577
3a93c45eff5ce311,c7e830f768f0a81d2db2f638e571949a,500000
7dea058db6158893,7f6128d80ac8c56929bd00d24b4ef539,1336
513f7c0d9c70f3e0,bc942e86ecce5f5d9f651bc8214f52ec,931
8bb5cf9390aa6345,10b27d596093a4f2e001566bcf520597,6260
52c0fdac99082f08,cf1ae76da49d9d267e1be547dc940e17,8826
4064a88f64f5bd6e,b64bed931a925ebfc9a1567744a94baf,474
705fc96bad755584,70999ab95ae8dbcd441da79cd907b916,3145
52718da14d00500f,3df02b5ce6070b2bae8d1928456a6fb0,8757
7d6a5461a719d121,377144ca7ca3948e6a78c2bc704d56a5,24243
b7432a27f61f999d,03ab8f15d7cab464a86fab2dad508c25,3055
80e945faf43d0084,5af4d8b95ed70da3e5131fbfba5ba040,3874
39560f03664b2331,168270c20b10d93965ef63301518e1ce,870
b687ddd16c3c8711,e4fd607573b18985a787c607982f60bb,14185
ad4c70a8880eeecf,67c4bca9793f5d105a5d33f669296c18,976
a5f2b8becebab35d,b57e90653eb6ac923e14a26d251f178a,724
f3cfb20199ba22ed,bfee830f79da5ebaa1363199235a3ec0,1295
410632a7baa06a83,4f5a99b69ed6e29bb49c3a8a98905154,1956
a3e48ea798af7460,939c8e71b357e05c0c5a017a658f2c37,4108
309d6dcbdb7ea510,a220af104f20f2e0d9ac9c8964313a91,1184
411b80bcf29efc31,95b087d928d52335355ccef6e1a794d8,379
3bb24c9ec4f48150,f2541727f0cab141f1483ff55c3db963,7230
d720e22e95f705c5,83681d8383c044e5eb114f24b643b598,6012
9ae3614986cf4b76,3c08eacd1b63aa46631e3c124410b8fd,1337
b3adc99f2fbd2abc,623be537a535c9d2735ec6ed2c224235,4918
59c8db0cac85a184,aafc9999bb860b8d86713a4acf1de824,874
c9784b6a6bd5b009,5042605cf4891be5e5da819ae9a3fc6d,638
312b88dfd830e67b,6a5d45d06bdfb771abe9f8c0818b46a8,1042
8b9b23ffd3a2878f,6f4a524c0d32a38350d1b8b728de1f0d,7424
8765097ed8ca4131,4d3543a5676603d691e5e1d8f2bc5010,17213
8b20fccbbc4ec003,f940716fb991855353ddc088bbe1af25,5777
6ae235f9336d254a,5e689cbe501b0f76cc75f86347055523,1280
2765e0c317ceb780,26c32ab403d147d7e4518c284e097bdf,2867
aa844c11421d82b0,90c4508d9cb6847a0fe7a3ee26d85d10,10941
bd1456192bd7e045,086d9631c279bbefb19ed8698975048f,4372
93f9437b37a4801d,a7ad1a987093caadc55a7e47ebc453c4,3471
f7a7b094eb2f4621,2e5b787c119910d7aa5979a1fb79fe91,4610
da0d1d76d2452b0d,8af52779c92c2e8a858df8ad910260b6,1099
e6955b0f1e24e21b,5339efdfcd642e24f7c50c87f1edc84a,759
d195ac3bb04d5556,b6f4d08accc376cd95b818fd3d2dfb0b,7206
39d0f645b5c8d4b2,c3b4ce0654cfbfa671a08e3e44f15c3a,900
24de667b19c9470b,262ffbb851a1f3c058f729c959a3ef3c,7525
bd890c5268d76263,a3bfe1c61f2e7b96146162f2312790f7,1867
0448b23bb598cb99,f33e513f9196aacb817885e21ec70ddc,1475
334aa140c44e2122,78f722df59e09e51c5d1f21c0e1dd019,928
577ddc2ee106eb83,1d1beee6db27d838dcc79b42adcc2947,1173
c3358f3a32859593,4a23bacfd3c12da7780a4c830738b1c4,6544
199eebece76d5cd6,1583e652d29269b0c9c096b42a5a8394,10250
89f518897a086afc,9aa15c0c13720f45971d18ebcf04d051,13598
91f7681946ab0234,1d76c9c808853dbf0b7a33ad3f480b70,7567
8a6a57cbe04dd6e8,07e0d588963924f8afba4fbc204263ab,6496
8d713e2a3be17e8a,21a01cad3171cb566b1b257ab6303b2c,5146
e452b56c3d3e1cb7,4c3dafaf313e99691b5ad6775457152b,4429
7a4c0ebcbe243637,1b2106526258ab26047292ce25d02c9a,14770
8a913d9000832f62,46e9703423d78ea4172a2c0c3f85c4e6,7470
f1a4b820c798b1a0,1b4791a2faa463bdf40da31a33df4188,7604
816b9e4c0ffeea23,f4a9b8ff9b61f1cd02e9592edae03621,6126
4b7ba4f245e5cc56,6951956b36caab2769eaaf0ec6f23cb9,1448
c1a4a6a465dee6c9,556a1ca4bd4ba17a92ab4cebee89917b,5583
e3c91a91f315f129,1833e9b3fb745a40543f5b0276f68bfa,7553
f1fea77c50206295,915011ec6a9ced61c97ff34281c375bc,2040
2f3a23c0d5128d5e,9e4b6c58028cb829a8347eb1df67756a,8163
9dc25282399c95f2,e76970146a23f14e54059e9967e6ed8c,5693
acdb6445c9f87a1e,6fbc2ee8830237a306f61a15fc9ecfa3,2728
98854a4a61a52842,3e5709dc8e69aee0dcb1f1817a521283,6232
669e2900c95e008a,aba2fcf9b3465e943fc0f90e8e170f0f,9249
c8271f8fd76f3e8f,a06c5801e32bc25b6c468a62971a9317,2332
62fc2a15e4c890a5,38dbcda494827d15172dd9cec8918d03,10702
f95fa90d27bef28c,e2ade427f5574af3c9bc0f4003a3b2e1,2049
3bb890fcde192d71,19c3ec4256ceb459dd10d0e5a426f997,901
71314ed568b95ca6,bfaf7d436cc81a09184c9a01442bf9e9,729
38eff6ef2b7d84ff,c517dbb5696cb3b54f3bd3faf044473f,5147
7cee665a8b97cce5,98d6b4de638dbdffadc8098bfedfa443,11966
266235a583f341ac,1932808546b74df2e57451ebae98ebb1,1686
7fd241893776c80a,cb47635f7e2cb43646674536b7aee871,913
bdfdc21f50a6284b,d81972916b66d8e6a79f809d813ef027,5361
0a4ee30d5db9d158,29db632d892f70e63293ab0bb6447f24,896
f659fd0523056adf,74636fb911e1d5dade5bcb4ecaa16c03,853
991c04b8c5839469,9529bf992a7ef8494c023a78266a8e53,15169
779cfbd71720564e,f074842423e4199e2da220a558946653,5038
352161a8b88ecf2c,a6513a5bdf57fbba2cb7804143e67f61,4149
90a857cc87ef24a8,6dcbfbeb121c107a24f1e45257667e0a,6055
7d1902b482570ab9,4719befcd5a52973a31ed188ab39cbc7,286
40cec4940af53291,25107f3e57e2d2130ae111138ca51632,5037
6d509f8305934247,03207d48dbb16ae65b86ee37ee7aafb4,932
e3c32e523d3f25ce,eac6d43c8b6319b7f9cbb90fd8f144db,1758
02c21879385166f2,0a602373cfe9e031f3085559844204bb,6046
233acefc70e03d33,71408b9eab9abcc3eee889e638da6018,3899
7e2f630c2406eb26,9211fbb4a7b42ae3917a3d792d6aa107,998
f89fc3157d5fd27f,a7529da5d865d47e8555051a67b6f445,2785
c49f3aa2cbc9e279,6569bb84207b24042928ba0b419957f4,4799
95b7cda6c57a7653,20b55ffd3576d269a3dc588635eee439,4740
be11408a031a3d19,3bb7adde161f8fc2d163c382d8c15e38,7394
112ca8c1c046a7ff,a79a4ebe3476181006b2550a9ab6a1c7,4767
10e0c13ebda88cd8,3beac42195c6c1a7be937d3ec73645e0,11492
9138811b47d23a11,21d3204e1a56db48b6c4d891eea5d212,3194
80a67530884d08c0,094b2f924e713531c910c868706693f5,6560
a121cdf7043434c5,231223c7ffddde7eb84c79dc740925cc,2731
7b1ee3b3a4a6dc10,cb9cafb2a3b98eaa09723d2aae2ea060,790
8f3ea1a60404ffaa,fbf27f9384e3c266b35f1abcd948c5a1,1439
c50923fb8b0ec51e,fe4c847a0718b972e6836dc8b30a0bdc,7857
4cfe5d532122f412,bc799cb657498b6728958e63a2ab9b60,5631
c05edcf64a458e25,e8c33346cef87e1d216de51e829c9012,951
ae63447683cb1876,63d9f7c9139214c6eac23518dfff111a,7403
f559325a087307c2,e75e65e03761c480814ffa909e2b8e63,952
5427247e75d7b6e8,a44bee21bc07a435f979a027689b136a,4456
d61f802f939ce29a,03ab9a38affaabd741a9a61a3b65eb6d,11522
436ae1d10a11c2c3,e3a1420ef0b19efdddda60bffe346e1c,3382
2315d6b5fa72b9b8,4ee111c5d9461fb277ec69e366b36211,1731
33379c994062f510,540b1b28a1d4ecafc990c98fa7f6ad8b,1002
58d8e4f881aabebb,81c5e52082be05e90d6009047fbc7a77,8513
51d1cd5bb7a14448,63656c9279d6f3199c6c7691cd9d39df,6457
b79631372659a015,261b350bda4da026b97d723d8a35cdd8,4218
bad4e27f41675860,8f553e0043114c8711fc4174d921187a,15816
2d4b4d7728f75629,54d90ab4b05db2793b97df607bfec81e,1274
04eb40ff3140c78d,8ef38c8ac33c93ce9f5ddb5e54b1813d,1113
664bd8202104934d,be08dd60ef1a817958f1aa1ac42cd04f,5772
57614a4e9033063f,274f539a75717affdaef845981dd2bf2,699
aeab77cf807bea96,a64e08256e73117d6a75b35e04dabccc,3512
d1821def2ece1a4d,bd2f3330cca6e97be91645cd8c5eba34,2472
abe51dd27308d1a2,981c5d8e5a4c679091bcd2ccb12b88dc,4114
157bd9a812c4867d,ae336dc13c22a5a13da80250d4e6eef5,10844
8837508a117be5b8,5b6b3afca79bc3ac96dfc458f9fe10d6,1140
200a8930c0cbe116,c2bb975bbf251b6a925d395a26beedce,8516
3932e78c3b88a6af,491fd939f4ba9382d9315c4b4401abfb,8294
7665a21f54041bc2,5b1881c26078c67853893043cf83f561,8356
9ab328e9356c59b2,950906c1d7c1161b282cdb7e8b2e5c67,6830
e237abc56d6262c9,4a69771b77512ea318ae03403be81531,7154
4be082e6f00f3565,ab9cfa370d4281833e9740c1d2120225,4765
c9c8525729164cfd,088998109e4ad1bea7a561101a0448e2,5035
b7b369b15aeff246,74bface26c7ca999695cbefc162c3315,2380
6142d586a9c7a403,c9300aa57127bdcd9c3d6c09a1b4115a,4064
f4ddbfc77d4bc448,3ef174fa6fe108f22b4d7e65f6299d3b,804
0d44349ff992741d,66e536455b69518ca3a299e7b8627ee6,7499
93b494d60e593cd3,e2140098e2487bded1d10ad7d0351f19,2757
3bcfdd6d3c75cf6d,7254926e37874d6d4c85bcf4fea06364,3054
68cc71687d59647f,0f55c55e217ef73428880410b1bd9136,802
9ddfe402bac22e63,29b772431b4b9547dc84c315058063ee,3875
8162e792609fc3d9,3f3e96ca1ce9c726064640eb29d7b416,9523
d3ecb112c89a9f90,14dffd0f775bf78b21401907425605bc,3901
138b2c633f988340,e62661cd2496e5a6d6e39960062834b2,1054
c331394f82481658,40f1b719e0d2e1bdde9113123292f782,1358
badc139e94d09dcb,81c159304faee0ef5407627a3716f55f,18760
d96d3cf1d974ef94,95b4628532f44e5eee7aec92aa7a8192,2457
3fe4a3798b9fa5fb,60c5380db995e72a073569a86b6791df,2210
bb62ab0415534f6c,1aed6f8c082879a5f6eb3c3190e25120,1083
abf5fc54de47dafa,67c9f7f2fde9ba4613e54126cffa8610,7869
a7fbec4fd217b51d,9b8585f3ff5f406ffaff81001559613b,3510
f507fa7ea20167b0,3e1105c894aedb153697ba4cf83e5421,644
94deda62feb047e6,dacc7113edd3cc3e7adfccddebb7029c,843
7afce51c653d5ef6,bace71845c63986ab1540d0cbe4d8313,959
809b0e98fda177b6,2dabc93cc53ddf422cd04932aa32510e,9731
fb6856acf621ccc0,a24d246c92d31cd7031d816967c8004b,4535
2c7930fd970e94bb,ba5007a95b89e959aa6e8529e842a672,293
3d0b6528dbf22886,4984ac33e944fa628f9e410f49a7e746,1074
df63713f891478eb,99152aab099a05517015ed219552310d,1898
711265ff375ecff5,643d4e3bdc19be73362087a81e343e94,6171
4b29534e496d916f,250a8e0ae1e45c22ee2cd9b93ca8ef88,11564
9288e6978ed2672f,95a8c33b9402ee3d0cd8850452cd137c,6385
0714edd2afcabd43,270ba7ed15bab81842130d96b08bc805,6908
725836da852300e2,a981adc421c8a44a083614c084847f7f,7067
ffec22dd0b7740ea,0222cc4759d6c38e76d4d7e256a35484,4913
6b92045ec1982b0f,64281bdb11cbe1da435bf979bdb6c425,4106
1b7edb406443760d,f6bfb794f83c7ff1a6a0f7312b2ff4e3,1082
3fed99c40c44173f,36dfb24abec06c540e1005d832f8d3d5,6937
490315884b3377b5,26cd3f13a20ef42bff45914faa230140,3250
987f198e4e825cef,7d4f1ccce25e172f63f798603a580c19,9013
013dab62a0674c33,0bd3c0e9939541114eac841c3b8bb1b9,10721
5818433729183218,8128d54cb8eb3ba8b80de030162b81a8,6275
e7393b25d0b2e873,e0609c3284e546fcbb68b778f379f2d7,12410
948bdee461d98a89,65b27873833c61e1fee14293aa914195,1990
c8088df3bf08847c,4810e586aac8d925007e767531de87cc,7303
14a897e28de2de6a,9b1879860ace5577b74727d232eec24c,401
ccf486a58e76301e,8af506766c0d02ec757442b139b8f058,7217
584055c5edeadec6,cb50be94d963bc86bd7907c9f7b3306b,2291
bb1551e4cf1949b2,dbe1ec01028be1bfdee2678dfd1158f2,7839
1051fa52dd83ec06,b3b3eecc79b301d1df320dbb52cf3dda,777
1894b0f8324fb908,d3d5a7d07345dd75834c81f455d585f8,1106
497197bd71ade49c,1c1f4ba9f239f5b0523b08d7a4ea71e7,763
905a2dcc7d2b6e5b,335fcf3d738fc85903a0ec4f15a1de00,7970
ee3801438d7f9de8,1664faa8f2093c003b3ead1087be4053,1349
9d0e3646f379202d,118cea790aa5e89f52fccd84635dfb0f,3537
25eaf00dd404c594,9c70eeb00923140cd9ce70976c1b330e,799
fe4c8df0da77d588,afc2ab26f5904d57cedb83f52d3a4c5b,913
79516a1d914c260b,0833cd84994c37774266adb126ead82b,1375
3157511919a4a35e,1760b2df4300ec3f70e0a63bc0b2ac38,2201
75e1642e21f3a95c,2fecf538a66acf566b56ec98e571cd7a,8203
ce2bffc33884fb8a,d5b396168aeb5f9fe71caf9e16923905,1438
1812e6d842c1b8f2,e23733599d2e920d98e00f5438be3f8e,9936
d35ccc5e31f7a985,ff805918f98780d44ea3947c4509e1a6,1018
7865d36115ef616f,4671d3169d7b061c1004fd9acc5947cd,2061
75afee4c8cc6ade6,0422543b54da8f9d33503862b055c4ba,2941
39fd2a706d356824,3875dfc4496447bc9cc85bf6b370f1c0,4625
98552f481bac2ab0,41fae2d43666b981da7913b2b5bc4ef0,7997
9661ffb0b9b18b96,25cf90c2f6f9b3ea0f7b3e5817a67c48,874
1676f315b90438c7,65489b952554cdda01248893ecb2d004,8579
16a89d3985f6132f,86112fa3d183018acbf5d257cf8a57bb,832
9220880fd8d6f2fb,58bbc39b00a13f340d2dd5b1dd6daa5c,1071
49c130a03ced8776,0cc6edefe9f5257bc51fc8b67ac71288,5004
f229f67859dbe0b0,63235952ba81148554ac536968109c69,1044
068302f26324bf1f,4f52d73518716688ea8cd024c5dc1003,902
6cb08bcf76bed01a,d675c6cf58fa569ecccf10e37fd6e6fa,671
084738ddc4fea10d,126bacc58069a91fdb563357ad2ec2c0,813
a9ffb44ce5cc9f75,14d3fb789b2d48843da18b3a112af628,7020
449227ec54bccd0b,7d17b8acc5a4985532fb9042b4ed995d,6214
81245a60e193c319,d75f946fa59c73c1198a6306ebfad288,610
d3fb6a3e5bc9b02a,7befbf4ba879fcf57ef61ba9f53ca1e0,3779
ee6cd78f61905ad7,41d7ec89985e1c50c01b45a608d3abd4,6749
438876eeea93711e,8b3d37b9df8b366f95357f05f5a3a88f,12079
d0caf42c5cf14612,7cdce9145f323c2ad776c534c0ca3ae8,17502
018b0470b4bb6ed9,48315c59335ea78207c7e47e6ddd8514,5219
d0be6d02420e845b,f6d1a4f80af8665c2674f2b7a922bfbe,992
9557b38b7327cacf,4be38597483b0abf216a40edfab1daa9,8825
d232626f0a08096b,6f491fc848944d64995bd1c24eb14f3e,665
fc6a646485247422,0bd45bb6e5baf3320b2803c025dbedd4,16549
829f341db73f9908,2d3170e67d50b0a3fc549835108ae4d8,6472
615e50f0b36fccb1,47a00b53e2b3576e95c28331668e16ed,4964
63cde888e1854935,be43f83c55cbc6baa200a7b066df1c78,1561
525a54a1b636d164,d4826ad0753267084a4fe7e9380cc933,5125
3fb0aea5f9199c30,46caa4cbb20e2c567a7c4f7ae009bd30,834
8621ba4c5f1d9f08,7667b57a89320cc3ecc22d378f2491b5,424
c3f429dd94b59e53,c53f51e4d51b52285efeb8ea38dce51e,5858
e50ebf136b2e4e46,1b8beb129404e72b6a0df2af5ed87d23,500000
4a52c09722082f6f,5e247659eb6ddfcfba891bbe2b9db92b,6332
9b6f4893f5536e5e,a822d97ef5e731bab160bdb266d2a35f,8570
189255d10f94a09e,238d237dcf0f521737dbed901b7f4661,460
9e5d308b7facccad,74251cf3dcfe9536b637888db5d61b6e,1213
084fdd62eb63015c,955fc03e7e93f5028e136cb695344c87,21547
1520dd9d8479133a,b2e0b563fcf72ec33f5a1e60d7264939,5367
8e5cea09d6c57328,0ce9753e01fa5eb52f925da9b295d502,12625
677c29e7864a6e9a,5838544f06d1dd06fa7dc71d69c2eed4,3551
2e6ad26fe3813816,d5c54e27eed908e801ef9f7135b3ea52,771
2c26b18d2c182720,320b69508411554e425fb06ccaa3188d,4609
2b09eb0129f1095b,8c22a8756115804c138ef1ef78487f4f,4280
3c683e201e34a90d,4c03204e9307b93a486e943368507ee0,4627
c0168a7d38ba035d,402686acaed248e347f9c3afb91816d1,13295
ea91f44e823c59f4,09bc1c572201d5317f453bc0121d0c95,4306
31a853fbe13a3492,6572560992c6841593111b995965394b,450
470066e8d8a852b9,14e54c43c7ced6d060ecbbf0ab2c0e0f,609
99d6c45819ca867c,d5e9c5d1fc26a177455f2c9024221d76,4468
4564d37a801a0279,2b83c5a92be34b71131869ef19571440,8067
c7c811da8fbe3daf,957ba3abfb6e865dbd54e2e33e087938,10404
8a74b3a6b1b3f14f,00045719ef64aa77f240b2fd3996be86,5041
3f82390e9a85c923,569fde364b45ed59714fa04c05f330f8,1975
a2fcd9050ed75b0d,b0e6729853b466c8f0082033792f4f66,10929
970a5117d1514dd9,1b448c62cfd628132d0cf880b015516c,1025
3ba08703d9f91bbd,4909dd877d8ed91cb97efca7ffad4463,7450
2887e73813f79807,3db74ab98607335b6b168f480b3fe3bb,9634
8bee1095f74c3aa9,b82250da7c94f6cdc6cacdd9e6b2e147,9416
1a85fab4e07ce993,ef4f2b299d3c4772ea78270b65b92e48,930
b09d75329be7b143,57401bee0779f970718482791886b097,849
66e50771ed8f908e,cbba94639096595681b787ab49bf5530,824
c22872b721885a6a,45cbde79d11dab9acc7d5a4eeb0b393c,1177
cace3087a7e006a0,ff58910bff6b81332a2ce46111a1a3c6,2202
ea2f46335c7912c8,9da33e1c1d7e8d4d81a9a2f0e9f4c652,7286
66fd1338ce042667,043c1b54cbb199c55ec58802521e9f8a,848
d3377098548a574d,246ebe51ed991348cb69d81b635d4afe,9040
94ec20eade6a8078,d827c6cf532e075128cf7e57fc0d6fcf,4292
b71a9fadf262c549,b634dd446759bb3ea7c5d4e34b0f8669,10378
98803184e7059d1e,c0a889571e3429deb12dad05276e7019,954
e04e82c8f128f403,5b72dc7f69457ab24320ab90ca1ec0c9,1203
a065bc259e0549ac,b8e869f09a1ccd27b2a66adafb9afb81,6116
efb7ea3db3e4778c,c9fc9a78087ea373786f8db27add7d36,1047
5ee53fe950fc07ff,47c5e5c1d74fe36cf9c2bdb889d6ca8a,660
30103ac450518e53,b6c415b321feab5e89af01a01385f623,4174
d28860ca4c09e4e4,2f21c70682f327f231ab709421f2b87c,4309
b9ae71c5045db1e7,f637df168bd4658469ef797b1e578feb,2917
dd2d544b54f1aa74,74d4dab65b484c2491647b64c003d8eb,7251
7793743aa85a4708,230207674b19f2cde201ef6117ca0cab,3490
af25a1fb57f211be,e879ef94b7af26dc934b4bd94a5cad92,1184
76ed8268c876dfeb,ea6f8fef1eb9d0262627dc71569267ed,9809
ecb5572f3b406006,ee476263e76d93193b9de95b113fd757,11104
22d398a4dd31439b,d7296792519767281c6ce86ecc4f586f,7470
6777b1f4c02390c3,9939f99142f03ff16069d0b03c013a95,904
d7501ec1f1b2f7d2,64725368589c0f98ab036632093c5b25,15631
fa0b712e2b9f8136,d6fcb731ebd5e781765b41f90387df15,6854
10bad73fe97d1242,61060444b0e8247f458065a845e12f88,7670
95b114ce07e83ab2,a40f29fe1268987c88a7ef1945a4b6f6,7112
59e4977a6400078b,85fb0501fd3ed8ba261c9b156db3fdf9,735
0d2507b5d01e8942,fa8e9d80d7d78b11935e1fbe1e156221,10659
64a19ce1dd14b8c9,a5ca4fc5713c120f384e68fc7247b9b0,6412
96756a587aa6429f,243ed49ce24ba7bf0c469b92f63a9cfb,1050
6ad191436ad3a1c5,c535ca46bd8250259753d522c3a971e7,6706
b6984f66852fd5fa,e52fccec0acfa4b399049baeae7c73dd,1248
f883cd7a3b78d624,3008ae3720297063bc51256634f93d00,7261
1f5eced515c37f56,923d5d7d8654aca327b901995f684dfd,3498
d6bfb11c47a594e8,2bca64a039448b9176fcb39af7ae54a6,3337
c804aa3db7fa8658,a37002c9600f93648b2049909f97527c,6064
c9758b11a327ee46,732cf8d3195dc4c0ba988280b38ad64f,6531
0249639d4a2c3661,5ea678f539191a1f0e00e9b5fcb891b5,5336
ca51ba14ef65f06a,657b7f54f5cdd23ddd165fdb0028835e,1326
d0c27c910846f232,21d3204e1a56db48b6c4d891eea5d212,3194
1fd36f8b778a1e54,f8035367380be1f479585ad73290d8f1,11434
bfb96390140d2982,be039eec741be19eb90a3a136f9f5221,691
5668be800ea92e97,89a5c0fc4b953e0284aac5861dcd2c2b,2996
9aa7be0adba596fe,42027b52fc2a2882c97f27aeed8a14b9,1258
0efa4b6eb0955eb4,6ece64a67adc2e365d57f36beb273926,2468
cf8c398d971d7d62,b3f3787f97151ad2a3910f7c6d2c1135,646
7852c6522b2281af,80998e8f65b8373c26206128fb891a86,5186
42ebdfc9435f0e00,29b2aca4097b914ce2c3cc8a8dfe7c0c,8705
1ed28eee0fc0f44e,f75a44594c43555e49d26401777e99f4,9249
c50a25a5de824832,be9ef02fa27b6774e28683e1eb8ee068,6098
171fe2e6aeb959ff,6f2b5a45c55b74f81cc62d8516d36c86,7334
be6d48f557489370,6fb5cfaa1055c10b9725fbcf7612e4aa,5155
f028c26f3248760b,2c182a5262442290977c41f8e9f3f16d,13472
ce05ae1307e000ed,89b35395c825634ba9cc823cf81fda78,5259
1f52d1d48c2a878f,a9727f973d78d2b9fca4e0b7ccffc783,30399
99a9b4804f10c2f8,26b6ac85639289de59dcf9ef8c8d53da,5962
052e19ab4a673803,a1cdb3416a279cb98c45fa2bd34338c9,8775
0b06cff4fe954d1c,86fbe032286972148f0e761b4eb95292,6137
19cda6090f2c8c80,42837427f6e5e81e6b442291c196367e,2132
281b43975812c61e,853b3cebd116caa97bf47fc906b149f5,3325
d98d7ba92347a191,97267659da64cd95c50a4b557fe65731,6291
cab3fa92e5e86ec8,ebe1b0b0ee698bf14e619c1ce4d48c84,676
87d293aa44147146,46830b90a43de6469fca5d5819528bbe,2101
6fab36282b374875,4b8e2629353e96df4a5543f946d09f3e,3275
346cead7cd6ab491,97c6980926af1a4e247f9061e38ebffe,783
035f53bdf54cf7b8,a73777713d54aa62d8ec65684dadfc16,9002
81b7499f8d92bc40,f5ca9f2e74cc3ee54a57843c3c8ba688,710
ba7c1f161c978f67,9896aafb34e47daab98d951cfa934b61,2051
a931902756300ede,020ff49494252696bd92d6cb3f7ff210,1697
abe61936c483b1fd,65f1ec644dd57f25b448a0f859d9aa05,2283
58a50941468c56cd,0e71107e2929c13d1440710804428a01,5524
3205492dd6e128d3,736a7caf46f710c57954abe9a310cdee,7576
c6d0ccac39f1185a,335251739cb7b6f9b804df3264f59cc8,10464
31889d60c74bcfc5,e77276dae22e18222e95859598f138b8,1657
ccd5ea538f3df45f,8972e60c533a178d3e5c026814701da3,2763
7a49b9ff5089c4c0,058cdb2407b9d243596266f27d7d9a3d,1565
d3e1c43b7bc2cb20,cfa77368da4c6a1edf416da1c5e314e9,6172
e7ed2cb784be973d,14015fffbd6a9815d11e52dcd0d76401,2761
0157f5232843a809,3d07d66256d7d6ff5dad467b23284026,3113
23863daa9b74785a,04e333c5139008f07e968165e632747f,983
109a879f719844bd,105724e410325c06a1db622fe9e904ad,2295
c2c7156f573f1ba6,034f0034927f0b3a0e5b892ab1dd2cc9,8351
9d3151c316c535e5,fc9e00a681b14cd8d15128884e0e088e,9037
3176e6c3bd092277,edaeacffeafb09bf3128c23b050af9a6,7199
524f0ee421fda835,c4af7da1b37c8842a56ea996529741af,7751
4b66b36183681dcd,997b2dfe0c425c097a7bd5263c3b3ba8,7024
215678723bb5e00f,71f5d429bb8736e4ca7d71057afaa595,2086
2e4eabf5aeefca02,15bbd86e681cbdc1ff26ff338e0b9e5a,1242
64a3d781019f9369,feecfe9b77cad2752b463fa207181c73,2497
348a7272e75f1fa0,91a158f44a581dddf93bdc4eec231dfd,3566
e71f72c0a017dcaa,c4099977916bd6e4c4ddbee625021bea,8495
d14fb8b91004f86b,2842dd0b8dc70ddc0d0dfb1e59ec7301,921
3068fa8c50c33700,2d4267022a3eb5598f092475ce31fa3a,6758
a9ed531ecbf6a9be,b581ded79ba9721a0d00d0b643cdf57c,604
241f27c82cba7f07,2fd25c1ea313e211dc6b939171662752,2484
aea36559e7db39b5,0abcf39af441ef2e331ee115654c3c98,933
950cf295903062d0,b5ed0f9ce87f8cbe882a10e090ddf5ec,1067
b37d32627f107fd8,78bcc521384ea82a93fa716dab3ac502,1875
e9988d2e932e47d6,9f6bf6f636ee451294e82912e9375099,13993
75a6b3fc2f030ed9,ae8359dace247ab51b85d708d86f6b32,10334
7a6d65edfecd5e56,66ca2cfd9d98a23bf10557dbd87da9df,1451
b1f9be3a345ae8f3,f47fcd14b95c78523b5470c29b3ebf91,879
09f897dc5bf3631a,1c0a276a3d38c1c7f8524cdeaf3f45ed,4198
e8e45d18d65946e4,36a1dbcdc6e29c73447df35e98e1671e,1573
1b41e510eda5915f,1f8db9e83a7102746bb23eab3ae7f87d,826
42c696cd9d096fc2,9f64e8028f4adc0bdb28bc4ea6e1c018,5904
28793cd9cc23938f,e23e83dbbbfc4086f2b3e203b8f7e060,998
fd00285bacbd5512,0898dfd26aef18ce597df6fdce67c9f2,921
afd6b0905952e5a4,26eda347259cd43dc694ff9a6d34a64c,2729
3d4ad998f55eb7a6,8e95ebb6d22be9c012c37ae3d5972336,11608
6d10771f03488abc,b7ceb9bd882fd159648230a8f8c5de4e,501
91ca032e2675ec7b,b13747137735c72a10f0773364448c0e,4034
114af1344f2430a2,6c053d047ab7ce4ea47a18b32253a6fa,815
eed98d6b2a4bd85a,e197b8dc92f9c047a422ca43bb7252cf,16270
0967fe98c2e640ad,c9ebc5e5fff402a38a531a3baef4b978,786
1d2f65989a08cb2f,6ad2e23b3f2fbbdad44d71be200d58d5,5911
8d8bbe406e1752b5,a56db73eca7196026051e24329008e7b,14224
c306b45a8c64509b,ed213013ee07dd6663da3913aa1d96fd,6470
e4742c601971933b,faad1bbbc24b72e6b1717cfb95e8c4db,1340
8184f43e9786f340,b1ab74883f693b9fee0e713d15a20ec6,959
73f3893cc0222951,6f46fb7f9c1b44d6ed2b8285a6cfafb9,2637
52d3eaffa5a3f4a6,1bdea0bfdd83b7877797ff4368cc0dfa,495
e71fe2cc113f20e2,ffaf95934b4a9824fd3096f61da26c14,5077
737ed9ead0bfaeee,835df872dd3035ee886ae893e64365fc,1957
b082aea33e630667,0c25cf8e111e8d5fc8d41466d29a29df,19824
9e40a51be1471075,21b12ca0b8c9db79fc288c4fc5f8c3a5,5403
7bde8c39041786d7,ca626f7fdc3f8858a03067a8ded9cbf1,1086
25f8a1ce89d738fc,32d63215c998ad8ff7865b161e220ec1,1668
69611ee193016568,b9caa68f6c6974364a40da05a6f49c84,3926
d60ec44a8012a6b2,e6d5d521e9aacd09cc1a50edcad3fae2,869
cdd16ed5be7da99d,6437addf82a5c7a0bbe91514929fc501,1776
1017db10071b960f,24f8faf62f428e3cd2a57d15d02c9375,5989
e46adfcf79e79123,977ea2cb2a7446bf49f691fc7b74ab51,787
d482e182aba190d2,e34f43012fa3d0d09b4556d443443da9,7877
3f69108848d8d79e,12ada6fdf4b7868473570a072fb8ef86,3113
3c0c5ff0abc3da83,b3cd46137a3c90fefc87c95e4750db7a,6496
a2c77bdea7742f97,226bfdd9cce2da31b4c56a6cee274fa7,7126
a654309a4f9392b4,b30bddae02267f2c9321bcdaec90fb11,899
e91e7a47ea173618,01bdecd048c21c33739123b33006130c,4126
ba087aa10e03e452,446785bbeccb3944dd888ff803d9625b,7052
b671c16701f63f33,f5f3717eca35d75806d607e9cf0e297f,3607
f4f5648eabef9689,e86af6577fc47e9fa192a359470c1393,5324
186d459f8d4a889b,a6fb0a34a3ba87cab28e7ffebe87dc99,793
5e46c7188cc45de7,2678181403eaf7bf8b8f4892b3b9290d,8038
97f26cb70f3c4352,29d82a738b93656ce2e638734db017cd,9698
c35f217572047748,e6f08656c6b694f838c4de1c4d3c457d,5385
7fef311a005199d6,8f23086f12fda40f410db0e9b8b6cadd,1497
9e17aa915e357a78,9f1ec9316997e6eef47a4fdbd5e4f2a0,97569
4d83f507eaf6d7c3,f457c13868bfae4f1a215ef3d83d19db,4413
8a89c590b3ead544,7a045873970dee25cafb5caa8b452287,980
7cfe344db270e1ed,9116510f06acae08652fbdaef976418a,1838
7d210060cb40e8d8,137eb31aaf13a1ff2d25b18e27f5e596,806
fb33a0bddf11df78,70f13daeaa7ea169e68d940e2e195d29,7397
e20a0a02537090cb,0d1a014d950128db008fc4c1e6a1ff5f,2553
6af7f515ce53819e,f5dd922bdd3042dd2ce4837af2e7fd61,6213
55a733f9a981536e,64a73e52c935a71f4a2d71db0a83ef0c,7453
8193547b908b451f,3d40f8a1cb624ee5b59528f3f71f7e52,18893
29aa37ffab558110,0d87fee0a18dcb94c85d81cfc498f8da,11226
4ab9fa5f4f9823dd,3ebb0311f714bf6772a09c0c7a72c363,1891
1c4ea693b5164eda,52357e9dabc270c2fe3058efdcf0a993,5394
778a838bf905eb30,3c93ada9033633bfeb231df1345478b8,4490
cc254698ec52289d,d2a65048b34b61d7f462826f0266a39c,567
0d333630537fb75f,21d3204e1a56db48b6c4d891eea5d212,3194
ad91921d8979c356,9139cd590fecce7fc87bbed5968665e2,3976
6fee23c823abf34d,d0c9eb77aaae8690c1c6eb35d32a21d4,942
78feb789bd94bb95,5a02cdaf395442f3f2ba54a2debd8754,7152
6190aea3369fd7c8,8fe0310e4adaa05ff8574cd8fe9aba3e,1504
30d7a155c05d63d5,8dd1cbefaab3e113df95992e8fca1453,7264
ca2fc7ccdaff4b4f,b5422245130447d115735ff30cae2ad9,23049
39261c6b06d7a8db,8ab43d4a06b64beef82ea5d79f48fdf2,9199
552a7f9f79d56933,c632937765311f7e91b72057997b837b,7501
ff1e8c47f3f7a43c,95d12d93193650280de085db3f4d3148,8155
b600cbf03c216456,ca118dd354362eb282a829628889c2fb,2698
b0d0634535911d0e,e0208d3dae4ddb7c7d7a40e00a378dbe,5138
dc90697329ea4815,f3a3043234f9e32ca294d11635e68b5e,1920
c04a35bac936318c,a1e019fda9e111e03cb152db62c0e822,5435
a7e2056d7aa67e43,c0fbb575917acf360ce615dd0251ffad,6342
95e3ccb0047fa83a,a86db7850e63c6074ab62b2551e77682,5539
861293384c7ef33d,51b28e8e5027b198f30365f359326b10,491
98f298deaa464c03,523f4b1aab857c1c42fd8d36fc3e0be0,7459
c417c9187d64c320,cd94271fab6ac1daef1fbbf25c7251d3,500000
31abced4fd4b06f0,a6849ac6771fd2cdc6350d1d0c8f9cf0,5443
d6f1007fe48e24bb,582e283848cd666f003f2e617f6860d0,7986
5d0a7701d43fe728,5e498d5cf895c7ef2e8fd5c639fb9b9a,9405
edb70633e1e6dc65,1fea7fe22006af5e5398347b6d2277f6,1450
e8876a9afa77516d,cbeef0d13c5ab60700752d5623d5a002,1443
8564a7072a6963e7,5e406f6f2dbf4c7ee9c9e284b8b0c034,4341
99ed92e845f0a85e,733676e858014a13d252f3bc3265bdbc,421
cb23f3321dbe75b5,418573c8e8389f080b4f3dd486bad956,2166
295fd2f29012c245,bf861aa4383c804b5e71fb4deff7eab4,5780
6f5a39232422e491,021fc2ead91334c45233ed21460ddcd7,8265
1ab5216467de2163,4dc4eeaf469815488e2195caa5f00e47,653
9a00fe54b477aa0b,5fc03346014b5cd1adfca9a29e0adec6,16493
7b8cec17b884c0ab,c348af8a0853e60cd6bca86a9232b4ea,1242
d8d1c3bf0ad52bc7,34765396016e574fd4003a4042d642a0,3194
64c66a41f71a156c,9a04bb87ad0a7f6dd21c4bf9be802e65,2885
31ce47cf1d9109a8,49e6185f7ea3471bf2d59e330aae8515,790
5436c2d53de21ac7,a795d98be1f31153e9b9189fa0d72022,638
648b8cc92994f94b,2aca0c89906c967934b3dd2e87d57b46,2183
8141fdbcef4065a3,4147a89be4e91dbc4732689710de4130,5452
9ba7d603522f21c4,f05c88f10a4f71a944cf7499b61c473b,4450
fed08400a09dd56b,f6c0ace6445d7c337b479d4925d88ad4,12131
de21e898b8a7f244,6547449d4c2a27564a67c67f48042dbf,4005
c0584f916fb2faf9,d9151b504485d85042b3a7ff092bb610,5295
91fc57032a1974b5,a89ac81cd58aef1fef53baffdca3c07b,6017
ce475a765b92fa43,1e789e85444d277d3868422c3d9d5b97,7068
d6d946fde22f3c91,ac8390ac677a97f34514a6a404185265,1330
54c32f039ce50657,2518510c66972bf4e156ce9afcdbea7b,5227
5cdebfd3447945c1,17d75ff4eb6133a86ece6a0ffcaf767a,789
6ae4e80a34f7d112,a9a8d56ebd5da039b5119248f04a5294,763
2d9c5db44e12c5a0,2d6a0ba25b6fb2841379dc2147a49c77,2814
d8acb59f1a1a1629,d7c7b656de42be3de03598640111b387,13514
9d1321b43b8c9e34,6bc4f72c3dd3a8d1a7165d7914ad10f8,4085
06a7ea452dea2dab,218eb917f69a512411a2a28a1c591563,3044
0c315b8b436d1b0f,d5c16eb1f9583cdd6d6a2ea9cb5bebf2,1738
691f641e69964040,d38ab054ffe1298f3048c2f91f4e9579,11622
caafe31e7741feb2,0d0ac7a7ccf88d4177406ff5cc0b6f8a,10694
28ee80ec038d3aca,07b370e2a3df4328bae31eb1f5c601cd,4572
23e84643b71f69ad,8e7e31c1260f6204774771e66c410591,923
083220d6f80ac519,46e8b78cfc14ba0f8608d586f5fcb584,5274
4a612611826f29db,37d23668d3f616fcbe4c8f0befd96b2d,3008
4dbe4d46885434ff,84bea21b7b2f57f44febbf8d0fc5f1c8,1706
cf9f5267288583c7,b2300fe987e07290be413a13968e440d,9946
3efa0394430f1bd5,19e578ec0ec4ffc1037027bbc25cb2cd,7159
54a17874e01b80cd,8d1f2a716bfe3f169588ed8fe5c4a119,1014
d6586328b508884d,d8e0743f27c37ca372f81da8c352e0e8,1470
b5db3f461800482f,b8c86b534e92ad1bbaac13975bab2e59,7643
34511be3bdb1b7ba,0afc35f96d3ea75abed6589d428d1f15,2520
79d6c3c2aa59831d,8040356eb06f310a8ff1dec9d6e6eacc,7718
dda7299749f4e7c2,515ed400804edb37c9095f6c6392f644,13234
3a9e9ade00fb60b5,a337f081aab89692f634ae0038b63501,4594
1a8c700e2176a01a,8279a3e992d3001050891d0524aab977,744
f6673226170840a9,6b82de71f9d5e762fc4ae9467da31243,2340
de8554c70ce59fd6,986a83f47f28910fb320d4d6ea6d7849,1826
5a507d149dbd5823,8053fbf8976ee42b1b74276de004c59e,3533
57613ec586176848,de296ca0de42b55b9505a8ffda3574c6,4990
28c9d2b328a72c47,0c010e2a859efd7426d3166cb0ed644d,8164
86246a64d8ff8329,9d5aa078ac97fc6b2fa0204b8b3b889c,5448
3d024c1eb1af4dcc,21d3204e1a56db48b6c4d891eea5d212,3194
0814f49860aa9a63,b9b5b7455814f151bc249501e7ae4ba5,7046
4587915e5a9fc16e,81bb1b745cc6e05c11fe8d2848241049,3239
aa68d469d320e822,6cfcdea86a0d3b8598e1c8976abb17f7,3607
87a609ec69b65173,051a9aa9fe1456419e9210e0e4296a8d,4794
9e649d2f002e0c77,655591fdb08835b151dc0d754877d975,2539
e92fd473113aa198,4a5c3d4cd414164a82b8341c90159427,22697
3144cbab0483a975,b4808f7c4df4bb39923a9d99e565f46e,10673
306368124a37c708,7b6be207c3ce492dd1aff42d307df331,6872
c3479c2e47514b19,82ec1322a9f3e5908be4c4a2943855a2,776
fa3f7cbb1868c253,3d001d666ed14bdc3b3f94fc0a4f82d6,4096
16fc5a455e44af26,8e76bb1105954dd5af44c51ff440815e,4831
638cacae36874516,4900d575f76ecabdc684ffd0b7b5b709,784
5d14cf4025f747d6,7196adbb694135512d81b3c15c548969,3022
66a91ab50a37a13c,856d2c6f8ff70eaf391832e02b3fabf8,2617
601f5a545cbec842,f6a0d33f0fccc60106c24f87e4a82047,488
067eea20c42a3a70,3357e4df277a1eea9f2702f455e801f1,672
383e151d0a3d61f2,ae92d3c0c9291bd6df3bfd33b2a1678a,4174
8f24229050cb2afe,5a78282ebf1608b8fc3afc0473124666,9957
472d42c6ed5c7677,473e3bda4be48ed3b382676641310091,8683
5e850f8411896301,976e691b7f8e6931d1e4815ff60b86d6,6204
29c9b3f557667888,e10c912ce196be3771a87875d1ca36ee,12066
8951d298f92c9f2b,26d34833f86130fcfa6bf25d7a30f972,6999
dca8cbd83d24564b,2368d7be85019ff8b94f897052721dcf,8427
15fceb433d23098b,e7713572ed8bb1eb171e49d17164b5b0,2057
0ffea0217034e006,7eea02d832ead69293a3228d4ad43130,755
9b2538d561ae0b02,37057f30242af4dd1aaea4a1c62a4740,3571
e5807d4d25ef6076,9031ecc77d459ba254b8da8f6d0912ee,1198
9b8b5c8912747932,eefb295e5e44a08d81ece870973b7a41,5815
40a0f25aef02cae7,2e8b164a05bb1eda234502666cf9d4a3,3724
b83da62a7f920df0,6a0786e0f2604581611e5a570f087d4c,11755
fba9196342e1475d,94c5c000abcebbbce83c583abfdb2a8c,2633
3212971005465196,7b05f0c8600762e86916440e3006367f,1745
ea057bfbe0e7218e,2e9e3aaefbe4591c4417a1b852d8246d,1055
43065f4f582221ed,4fc5cba9240d03e4116ab5b99e2bfe54,1880
e2474644f94f5e5e,5deada66d3037e85d71aca14ab556c41,769
e463e9a905bd9953,95069b67d9fc17a2d916b320bc2573ab,1354
a1e5369a33186882,3db06cf3e66f24da8834d31797ab8357,7654
51881f5f01bcd406,71aafbd0f62880e18fb086266fc43d55,3617
57d80912e20b2467,cb9087a87414c800872c5e9424be736d,10483
8b6b135de5f14d08,43e1ae7e3eaeff9cecccacd2ee0465b0,1936
562d09676cc4af9d,9b49aae8236f15ab11f108258541b58c,8189
bf166bddfa64840d,c1aaec64f05278a34ac3732015dce34f,6620
e67efdeec1f055f3,e175ee25f24891f77d919df9fdf90bfb,6263
d5ee5e327e4cdee6,0d816429eebf6d2e12a3affa5ff14976,4512
f34e34d87f543c93,9bf5551739d67761fc20e6eb8eb8e40c,2406
fc97ed6c060628a3,3b2c1a27963cef44ef850f11974fd460,2278
fae96fdc14358da5,c2336bc8330baeb9a64b8c60a0b8d4ee,561
1d08707f68cb94b3,f5d332e374f3e2035406f43ee3c71da0,10984
0ab19d1563d62b27,d6b9e103ef92c418b80052d94fbab298,9404
7f317c008973765b,d6c412f56ac8d7e5d7f88fdadd803c95,2715
5f73057decc0c1ea,3050e756eca4f6a48d5d4fcef89d065a,1623
4c359f9d5a4ac8d7,562d59c3e0c3d06f6f80959f32b64b74,897
d536f48c6bbaa502,a7f6b6c3793b3bc1a2adea16fda8aeeb,5675
f3f8f2b86eeb13c8,30dd5c1a6915547d55af7705b151db48,950
c928c6ca125607ad,9ad6ed86334dbe796ebdc0e692acb6a4,1557
b33e203425fc84ed,79ffc554a12b1c68ca61b6ff5bc6b99a,18693
93979bac5a3ddc18,ffde78d07f1adeab458c86b5f6f5df1f,4330
690bac29e809d44e,b0487bb518869f1a4c57aecf4f52f975,626
be4756f835c98232,4785cde330b0c9eb531bcc83c0de80e3,6601
7cc4fb88d3333953,8b781dd6f797ec431e4f3e5a43b87ced,8962
6a2fb22440963ff8,be805e5f181162cd4dd324c5e47f89d2,5493
23469eeffe1ddd5f,611498b54c456830c0d38e5fcc8e7f41,8031
17ca02e0e4e81f83,650c5b35d860a14be34020973ce6adb2,9981
594a569426dd794c,36cd0d26615122742308143f4ecbcca2,8960
c515846c6321a994,2b04edb5a83a90734c14bb276964abb4,916
88bb897c866300da,aa9b4bfb6798e10cc8c65cf314a1f8f6,7376
0de5d3d576fbec16,7e66c7df5fc75aaf12450c2313bb5086,1874
9abb4037bb3153b0,21d3204e1a56db48b6c4d891eea5d212,3194
00b548b4133d70ab,160d9056243452cb8868e4a243a123c7,500000
c17bc5414be0fa83,21d3204e1a56db48b6c4d891eea5d212,3194
a75a347ff6c92ce1,a4809640414c60134155599018be4866,2037
873389252a225999,82c4baf560ccad53a0daf23d040bc444,614
786f728dfb49271c,6e16cd7d99dd57090ef4536b6abc2f66,3195
f19b51885b989950,cc977bae452905e35711dbb9905b7e0a,1488
a5029f93fd9c3789,21d3204e1a56db48b6c4d891eea5d212,3194
c87a6b1648781034,0efd197b6fad4600c9104521f97c44b7,2039
31a37b44cbf77b17,6dc203f4460412537408beb3c5b35130,2934
5fb815ffa296bb02,46aee9d68f7713d029a3f8f8c986180b,22254
ec6a4dc1ca47f141,156a26e80efbc534d1d9732422543064,1736
d65f2211c9c407bb,efe3e399c3cd47c44afb51ebd50749fb,3074
51424c583cf6b8c8,5cfdb90d178dad104a6ed40f754adbc8,2057
f7276e37867fccff,c454d8d43103864725aac6603d494e26,669
3e83abbda7a51341,8c87c20d0a769a73862536ed0664940f,609
19a657b2fbc39ec0,7c06e1a3e6a8579137ce7a33e88da1ec,539
d3def564aae4ced8,802c5a86741ac570bef9d52db61f8982,7147
0f83d7a9ed382a54,a90fa5662dc9699ba7dcdf6ebbd4894f,10051
17e732160ffc3eee,fd7a7f9853a9b14b3ce1b971abb1edb0,10076
0569107a2bc44823,6c5a563b967c79a3a56ce68f8c138ea7,1050
87d2ef54764ec0bb,ed00a82cd800370f585f12942bc8612a,8169
f02ac25f68da5d2b,fb7167d12ef65a9698aad78b8f2d2c80,5300
a0494e9c072478a7,cf0e1539f22c07e306121ec4552e2231,662
849fcf043d765906,c2b947d1469419a555b37953141cada6,10752
32abc0ce563eacb5,51710f1199680e3f0048f82fc9b34b7f,6612
88b322d9972e295e,5864d95418a024c62745dab76fe67a88,4751
be5b96ecd535d648,558f1caf0ba5ba81bbc9bb643c94b55f,1194
399b1fbb69d5dc2e,51c5ab597b23b898b0defb97c13d6a8a,4986
60cf72b0d49d9527,b99904ac9998c9f7740de2d1d06a4211,1151
41c6ea550aee5716,5b5326bb6ba14fc20c8f17f4fbfe4f2e,7921
ff47c83d4bbf6fa5,cca0185afc757fcfc7573954aceab43b,1491
7fed3282c06e747e,68cfb782fec4911f8348d11bdce566e1,2569
253a18ec7ceda8ef,49e62a4edf42eeb44c37333c6833568b,641
85545c67ce798087,756324022f364d2e3feae9e06888b220,7269
517df3e804b71f3c,6c22031787e97a7655edbf9c2aa6bd0e,7826
1eabee73d703a3dc,1a5a87b0c46b208fb481d4de39be990b,1183
dc9dcb3e2ea11ddf,790b1295849dabff54975120f1a8851b,2911
2d7e1147e6d6fb0c,1216a63b9da2979d1649d35b490a1cac,3712
d215d9673b7df6aa,85150562e3748fc7e6f9d91b61246883,9513
3ad1202c4b324aa3,82f3dd46c608f1d44fcf2869a35449af,5708
ef63ddebf9c8bd9c,9e561bb9cb09ae8b434de4e8500940ed,9305
7e1f60f24df26771,6b47562aac06da1ea398e1e82074416c,2408
ed0f6ba115fbd5cc,b551f2ec3b19a1a9b0749de4d7b5d91a,4018
f3d473e12d84fec3,bf0090c33fc899b8c09195404007a70c,4527
fbcf162d80931b9a,7e4293852c7fcb4af6495c47e8121c03,2684
6e5d497c614252a2,c1cdaa1fd5d684245c0126b3a6f1d778,8981
5785860dda83c1b6,9c1a6edf20b39a628582564e887bbb6a,947
e0238331931f3f2e,bf6cde335f8ee7d9c7bf9412e99188e9,1938
f0f6b4543ad4575d,3d6937908137cbad27dc2706ee159a8e,1218
55a1a2c1aa7b6bbb,fb11397b4d861d5745991114ab74c5a9,1267
aee82bd878f9042f,5d70d5e7b47b7a5d66371b0b08eab7bd,11431
4f7b42edc9808ae1,34ab66726468f63a24ce64f21a6e8827,7932
93f949bca92dea95,96e9f4c269a6721d9418733ceafbb82a,3911
2ac80d3d6ecb38ba,51d02cb6c41401a0a44d4b655e6c9919,14219
7cfd54d33b95b4df,5ec4eaa5f3f71e79886d043c062f9926,5558
8875674d7d648f08,8690621296d946f2722f4b61f86c96b5,7628
05176f6ac98392c5,48521e116981159a3c2e0720463c504f,1416
133d0f03a8a5fc13,70140473a473fc7c2f0c36280a82dc52,7886
d1615d988fe22940,6e93495ee1a4f1ce9f25ba15101d8fa9,423
ba127e10ef61a7cd,67e61e7c1fbbb73acd4eedbfc324142a,1338
58d9edec02ce7155,6805bfebd60c840205a2e94c6a55d5e5,1504
54a5da3ee80e6a0f,d5586117811d2a6cacd9d318c760c0d8,8546
5583e8ee9ed32087,d0035610b46482580bb6c4e3f0be60d6,4518
308aef7912aa6e78,eb7299bfbf1f37504f16d18ec6c5dff2,2697
6b0b1f157a635b21,60c1b3e0e5826781c58f10a8cdbff728,9439
7feac43cc8269db2,d1b2c8c129566a5fc2f1b24c31d0afe7,750
d193baee492156d8,a33320057a1538d6503d1ab883abbdde,6465
6d874fb2960e368a,8684044140eec6732378341e399a8eb5,4843
a28adb8444f21c4b,42c0754ff24fe087e224b7f17c635ead,2145
2b920c95c1b25b07,92106be7b1e9d25aa6346950d6213ba7,696
2a5bb838e2eca33c,2ee653a434dd5bf593447d8b527b2718,6304
78508e0f7123a6f5,5f45c6c05e933b50bf11b53e51c00b82,4918
60cbf87fb7f2ce26,22c74a158cb172b1734b30f28f4ed0b3,2304
04e95399e6b061d5,b305a581a30d9c04f350f375fdfd1bec,6694
29f24adf798b8ef0,02ef49d939c48a1e89618f86e7a09f6b,9337
4b4c3396094cc6f7,2fd0239271590e00a103c61c12aab2a7,5506
520380a232a0c26b,8a4f8ba809d51cb91b974e7d0fd5103e,1180
7fd39b1c89ebe9c5,42a75857600ab92a61fba3dcc60ef7b9,665
cdab12ef54e3d70b,b25bc55062eae473d44c2b6ef0dc56f7,821
8f4ef7b926e9fc8c,558b752f3f38d090038ef25f558d269b,1892
449e7ab2c6b91ff5,b3feb50a5f40755ec68802f64b76f474,2679
e6bec28fe8094ceb,c8bce5ccc1a30b07f635eede7b217ae0,390
786adb41a8e0bde2,77cb86f22805fe35f9c45ae9955a8742,1987
70334b129cffa57b,270265f0b5c8bf58536d84dd66714317,857
cfebc24dd8e77686,2cf98e1fd747441d9e8269bb9055add0,601
7e5c709eb2f0edfa,20eb35fb9f3fe6f8627dab4010c2bbb9,5220
a970b3cb9254a69b,83775513726bacdc4b05710f4c62044c,4889
2d6bed46e697d28b,9395ff71810ba08aba656b53437fba2b,1799
4e6d4b9b59cba6c8,b84e19973c970b37461baf2b921caee1,1955
c741afc84cfabfe1,c89267ee6affd6689d2c422248242fa7,1608
26a6f12d8bc0f4cb,484e874979303319535c9ab6a6fed019,8010
c3ad031e2b0b400d,bb76ebc93673784d4d12179af2cd2bd9,11583
8fb55370b9b6ec76,f215d9ba19454cac9b9d74b32f3cc935,4580
5a7d9142171cf095,239040a73a4de424b7ffcfe9f32677be,6958
f08076ebca624f61,97527d72e1a6f7fe507842fbaaddbe8f,1767
fbb3285781cbac6d,8c1e75aec9e78e7aa7c6070630bad860,1271
4e78998eb90b51f8,2048b562b3f7651ce571d1cd3782049d,2232
1c72c5e2457ae5df,de30dc1badc991ead9794118f096939f,4018
4b93949322c33562,df4b9277dde2fd75e82fca2c40bc1054,5269
00ecf1ce6597b7f1,e75437264ac0d485151a105f77282dc1,5834
d62b2ce376d2f416,1630479b3e240ef659dee9d39e218753,711
4d43487ff33f86d2,6a12ae59570501b1bacbdec5ae639441,735
47c199cc064a36d0,498f4727acdf81ca58dd2c49ad19fca2,2455
b2e25efcf7a9c8ce,b271c19cf4291179d2c9e46bec46d23c,12034
6ceec77c0c12d94e,c2c57886ea3d13a5e3bf474486c0bdde,658
1baf964fa94f6769,107f756d385f9307150dd14d686a4ca2,9159
eefbb9cddefbd029,fd9173da1012b2a8c7ed013477833427,2498
5d7128bec6c1ef9a,4621014e411ff4fef909f6e87e9c6c13,6391
c474469d350854cf,985f2bd6100f3df91ed59209d2d146be,6355
893b5854e5b7ee32,2c6fa49126e02d13053e440135a59a51,7190
bedee57f8ae3e021,326ddde331c7f6d488f3d15c3e93245a,6359
8c65e32941478cf8,594c08d760c8a42116dfffe2244b99a0,175
45568db3b37de7bb,8530ea95a6f53199833fe3bc5270ed22,5397
1fa16318d52eec97,3b34ff4a27e4cc04768f5d277feaf095,2133
7da91613ca27b643,21d3204e1a56db48b6c4d891eea5d212,3194
4990c32e1271dbd4,8eb575183f03f4c09676b5e3ff6fa30c,25775
479502071a168506,e840aaec942145cc6672d052ac226381,5215
c099336e4d659178,f815ecb9d0f52f1ee89cfc95cea3b2b4,26445
a275bc82ace052f2,06dd6ec724a95e3c9445b4a1783e1804,2650
28465bc8a9bf7e8b,c6243fde1ec32c6f4df501c77a8a8af4,9065
328367f48263c6c8,0642334f96748ecf602f7e8acd382c14,13316
fcfa8193e2450cc8,c4cd684b1c237037b44d157dc6006764,500000
f523373dc9281e57,97e4da2f73cdf295d219b6fefc5a51bf,1608
a0227ad46f23dcc9,ae52bac040b938178c3fe15e6b921c5a,4617
1078788683399331,62142bcd6516f14d2a9b6ee74912a341,2112
9844e2f20409e315,8f8dd79ac8b8c9e8b5a6435d4e01473a,4840
378cd1dc3cc58410,df8aaecf135f185c4d834c18330a3f9b,3913
4293e0061a00a30e,df15211e35843a2f3dc505a91be4f1eb,916
9eaede8ad421d7f7,5e7e2c488b9bd0883c9e09eb05a6e500,2227
c2db0d76651bf48d,723f988cb88d37ac4f8913ef4f3a8f15,15154
8f5f81391e9ebc6f,1f2e7d4f5bf2aca8ea0b7b229cd1ba28,6441
bbdf0e13c1a72bee,7424268c1d106ae705d801ae96bb4f66,616
bc773405d2348470,07e5c963796b08ed207a9eee2fc2c20f,1064
299228f4780d74d5,c319222f3775f80e1ff5eb1487dcf6bd,6795
6a12b4dfe2b38bd3,571810939a59a547562fa73fb155ad4c,5316
67535d11729d903d,60cbf14df9f07156219566eb04f6b9ca,5142
5fee100900036eb9,81134b5fa424039c31a71e22b8d71972,13389
fd18e536028f79a6,03a674b978efe11dd8572c49c704cd7b,9903
8c2b276f38897a96,5abdfcb416239e1f42588df38996e563,5789
03cb59c1eaf3b7d6,b3fac4382aa935ae78755c5eb166717a,358456
f8fb9cbeee181eb3,fc3242fca6ebc46c7154db5827637594,2546
5be88e6d0c0fb080,21d3204e1a56db48b6c4d891eea5d212,3194
f06624b47de98003,c816649fa03c7fe59be6d2043a5ad05f,5806
656a9d0eee486ea0,68611e3f1ca6fcc0dd9a030b130041cb,1005
38a0dbdafd9dfc46,21d3204e1a56db48b6c4d891eea5d212,3194
3d698750aaedb9a1,7197400b060165d4c8eec86948d34cb8,1164
c2cf374f08a12430,4e085da2f7352be3c4d3d1ce21f35c93,1517
61e2266303d78525,6f38fe10e170eca1734065ec65c7a9c2,44035
a9f2fb8a7abbef57,c5940cff1fea898f65b723f848341878,5743
e28e68bfcf2d5d98,fb309883da1ccc12577cee0f291e9353,1157
80f4e6ba82698383,eae07d705fd5604e9d6b40906dc1d9db,18096
cf5c762aff9faf44,8ecd931cb41f949ad3461f829c3b3478,5541
9b7c45e7d8e62af1,834dfb3b64cba10f4afed92eb10ae3e7,5707
c2265c5f4b7d7ab1,f001c1ee944a26106a503dfc93e0380b,5431
7ba68b70d0d90b08,d068a5e9537473173954899305680fe1,8210
e13b4770be4aaa64,62f1b723d9e4214cc834b52af1f4c6a3,9298
111e1edf1b485810,478e60cdec618a3000e988a9ca3f5f78,6175
f04b79999b6dd1fd,a962bca96f6ad6827cec61d0e7b4392a,5789
2f6eaa755ff0a499,8c06637e5eb75581d8372f3704b9b06a,757
eed9662099f78525,eaa77941ec127b5eef1b0bab92acb682,7469
7f7263e5a6cb076a,8a1aef2fbddd138c1401931855bad911,613
886f882fffef0c23,79fb602bf973b795eca2ad79e7d20a05,1856
1e413bdc577e42f3,103323cb049b73854cadeee4f71dee89,5451
28c61f30660471b0,e9e08b39c55a6f2a026c7fb75b8e49d3,1238
8e4baa2d6bf9ac6d,d1f81981f892469ae71d3c562dcbadb4,1493
d368baeaf7b1e0fa,27ecfb4aacdaaa08ac23af31d4aefdb8,853
6b707ef35672b0d9,84f128cdf35041bbd19e8be48f155656,517
0cd2daac50042809,210393793699bc087c63fe8f7a73fa7d,6857
9277169b4253c351,397e3972de53238c336c1ad77586ed6e,390
937bc791f184e405,da05138a7f6fbc89b1d17cadba28b0c0,12685
85dad710f3969fd9,4e56a441e851c05edcb6a35a7b625b17,3705
db032b5ce16efe7c,1b46c57d2c4f34ef9c9f788469ca9c16,3868
1d6200e0227af7d0,aa14c51df1074a8731ed3a9b04e2004f,500000
6aeea982c1f79e9b,cca0185afc757fcfc7573954aceab43b,1491
9512c0248d5d689d,f6602821a0bd54d7120ced7b50f480da,6954
6f30100528b8e833,4408a5952e970e88337d5ee80162bd77,757
a6cc6518b00bb194,f88c88bee8717218297a56db52bdd06c,6075
1ccdc2d0098c03fa,f3ad49478d5efab6782ab0673e79a428,10928
0e9cbd78ae1790d0,f6509cf10e0690dcae0c886239a2e615,8471
7353deead313e1ed,aad71191c2675e3f605e2e723c7a59a1,2482
68096d6f35e9b220,fadab1b1f21176452bdf1e1100c1c9bf,6040
93fdaf8e576427e1,9ad01dacb79eb08069389608c137d6cc,3119
3dafce0447fd74cb,326c237b947ee91ea517ffc2808df897,908
688f548f0d4ec144,edec25917e4371efdf5df5cc6f701ea3,1811
dccb742707e99fc6,5358a4ee1b64ad65c11a236f738b2f0a,8404
231af7a1a07c867b,8f672b79555bd85976f08b59cce90053,3341
5acc1066b278528d,bf34d3da2e1ef83ca2cee42fe4b22946,936
3357fe32e6d6d866,5365b970999f3dceba68fa44125ed570,4222
daacd40fbebab91b,453a0722d0ebf05a0fd9dfdd5184e000,5098
efdb1a6b0de0e400,49e9efe2cae49b1391a113cc80124dc5,5322
8d07d2e229c38451,e954e1a8e37d36cd92e4c4ea4918b03f,6018
72cdb716b8e86ce7,5575ef2a8e04cb79abf9a0bd6a6b1888,1536
ff6777cf1bdba842,487615580fc00736a41cd0ed95c6e2cb,5592
066140997978322a,dd8c7bba9738f32d86593aa3f4816ade,7571
f0a10e213ab7c29b,245ccc7eb46c102862f8469e8aaa3558,5194
0d70469c9d15a7d3,2028511d8e43e117fe630d5108c20d4c,984
e3485e62eb4af228,db6bd1a838e60ff9fbfc78bce1bdd1e8,5304
4430d77854139a55,417cc405a39a571384706b75adfd5f12,2853
12ff1196fb0e06c7,9adc2177444e516b67bee67a1d3eef1b,2350
988904caa42227c5,42fde1e8cd586fab4a05d2110c022f39,4759
a2a662976435907d,752bda07de44ca39739cefa57c9fe919,1899
57ce962ef678e366,962a251377037adcfc809b6f4ae51eeb,2862
653244d17116e5d3,1405edcdec9248ca3167b08d6e56042c,2237
92a19b69aa9b4584,f02993ba2ceb02f72bcd038b316aa456,4460
6d99c54ccf8a2ae4,a7725b1cf8eb7e02e3b6d60f51d26357,1963
7fcc9de0fe4ae893,ecde9007f3c15ac3eca5dbbcb2d48c84,3222
fc40bc17d9c97584,9a1e8f6993d14c7d9aa6f02503c8c7b7,3760
15160270190123c0,29e023e4a712486d90105f4f94f57eaa,1462
36d6fb7c9df08e9a,30daa6139c3c4d90d2001c964ed169d4,21431
176dbb840a4adda2,d1396df205e998d554a2915fd53e3c39,462
f51e04e88d233be7,e3b0c44298fc1c149afbf4c8996fb924,0
6aebca4fa0ad2830,ea2c7086b5838aa65e6953f8de41887c,7646
d8c7294f33866ca1,7864c577fa7bd4da864ac40062bf4578,11490
735a6e917789ba77,fefc64517f0dba747ff2f85bfa669842,9510
c3863dbecdeb0032,53eee95e95e62156522047a37ff45594,2978
8da20fcb38b2030b,2b0ab3d13e1effd732e5baceba923e97,3947
9542ec30fb50b0eb,8de589dda38ce9ac7fc47d90694804e5,983
4a378a97780f080f,32f6f887dd0fc815c08c09e2270b36ac,8891
7ac379ffa03b2fc7,5eca99eb94de9de5293ff6f092b53274,6325
af03813f897245df,5efc825af64e8022e175a5bdff006c2a,1417
a59e2b84e2f3be9a,c542633891d48a3bce6413fe690bd723,8776
39ef1e873db87c85,9039cead1aaab5522d244b73e79cda95,736
99d744e49211082d,d75512ce04d900633e9d77cf226ebb79,2112
45126a6dc69d0f49,ed5cc9b603c344539af4d9ef32f7b17e,3569
55f2417e4b5cbd37,e9650838541041bbaba78496a3548225,3196
1c40f26572392a0a,e81c099019851d71f8f3fde0a372eca8,522
6f44d65006235183,c5b63e14df5e1feac2f559e09638c890,663
263ac8e47a25606a,21941df9004ee53c459d686fba844391,7842
aaad4c63be904289,9b342583a201e6735e483cdcda7a0580,4972
a61b25a3387e969d,6c3987f5412d5336ddd8eb5d0ee11901,1147
942942de8f451cef,088607aa71e05b0e2fb9c8303ae21c13,845
ddc6f39e354ac89b,ae161027d4059989cdf340b104154de5,1134
9ea39ab0efcc9a83,5088bfd0eafb80cecf7f05fa56197434,731
df3d4b9a8a876adb,0d4bd9319b3aef162c1a9fbcb4696ff9,1938
4c4fde59a6da11b9,efcb1baa91f16ddda86279859e218e8a,2241
a20a04135fa8e0b9,d07af7401f954d0802e881ec7211e7a9,847
592a67f18dbc0428,3afc3392769e5b37c0a06b324502add0,5223
4c4228229139da55,035cfd8d5ae912ff8d1ab6688bb12b93,10740
7850c4920f5ab1dc,c09243050da705e90408abe404b84a8e,897
b668637b64e6b4ad,ef3f7f66041647fc05efa0cb27a45314,7577
62e9becc214d33e7,59aa1312bb1db7c371f796e8a9f60d4c,6002
1b8b5e00eab2a115,4b7cb7d3ae0f13d070d8f701052e043a,3600
1eb0856748d58502,97adeb97f6bebde7e6c2e999e10b03d9,10544
a7292d3c65e5e7b4,79d8970947f32e35d665793a301b2ced,6958
5b8372230a13c378,b8245124077b8e452447c7670ef8d9fd,1012
7d44191815ab57fc,c59ad06ab8e699afe207c8df3905bbc9,1276
d6932384f2fa7fbb,a1726cf174fbfaba5567b1d53a6dfff2,5336
fb02f40637083df6,ed22d4331366e4324fb449ec0af96597,1826
33679258121df6e7,ad0081e3664248898948e57a1bf2f6ce,7502
51a5b2a5c098858a,289e4153c772234a3b161836d7f40d98,16646
5802bfa1ee1ebcc7,b8df8107fcb99ace9073a50b6001aee4,6337
ed827c85b6d47e4f,f6c45c9c717a31f41deaccfcacce5b23,6854
17907127fb145277,5969aee163f079bd659cc9cbcfe4ca59,397
462fbd9b052e3bd6,7d9c9167aff101bdeab927ee18c89151,4269
293b941b33d99181,87ed85731366c87807e4d0aca6461110,2530
123955f21333f2da,0c2c33edfb5522b8a3e961a073664b33,854
8028d07420ffd4b4,469a4da16eb81daebec83624641108f1,7880
58352a91d11a4830,06ba19fabc78aabf934d2b6a040b21c2,18500
d1b02ea7e5a05c99,28534a140b63bf77dae98317067dc0a5,8496
c6f7aad6da82d070,27642c53f9b7621d48153a130cab8ddb,1218
9e1db342b95c4ebb,4980b3a13d55029e432c675f67efb0b3,5871
b6ee9e08c3fb1567,f015b2a2cd1945cdf49c891e417fdac6,5427
01e03038c844f5b9,399c6e1d1bdb99a43415200679655198,6483
2add66a4f15d2f3e,6da9baccd725931c55d2206f56206dea,1693
4ecc87b508eda443,3426a1b8d535f8f59ab01f51d914875b,5127
e784889b3d8353e2,ca84447a1ace082bd3e6bf49f9bce6b7,2707
21bd42e59c820726,599881203c1b8027945f888b99b01dc2,527
289c69100cce31cd,f074ca7f95e49cb1b2a0e33ab5836e15,3578
59732f8884587c9a,704c76331f9da17fa72da5b2f1b39cba,1098
6d7c6a4365ce2e7b,7fcf4183f2c8173b95d19b633642de6b,2739
e2b167ac3c51a834,d3d16fb12ca52adc432a2523e4bfc311,5911
aad0056602a6ebb6,e10e32ea3c0990d85f823c9a8ea18e8f,815
63d66670d96a6673,6c7e143e50cb20c5fa54154b99cb0bbb,4053
9858da1771455cb0,a7e0566d4000e96d52b35ba42e582882,664
c88146c1e4940644,4981ca61d58d92b1bac9123d4d7e20d1,975
49ba3a1f6f3d5b28,c25bd6ab2a9030db8e0cda6b365c5d1f,5493
845b63b8e164552c,ac5f15a9b562aaf8511ef6516b4c3904,7616
21e04d34d5389da2,5ee0f16b899070eeff4e554df0c34c70,1730
d7d1d71de7af61c3,0a70ae8805a69c978d74c2b1a465c221,4283
3640c296380abac6,32adc96abaa34b3684183893f3c8516b,3720
f1c55d5487b2a375,1ffba56503e5bff3f9404f2bbd3b748a,577
d08fd9ae579063f1,0767a4e904612a98162be20de82c4093,841
130b50348695806c,00062f14c882830badab48744bc8cd9b,2232
73b6a7a54557d3c0,ae3567988654fc616c9186a53ef61311,1806
7183fed53196bc9f,e94ad1d201cabbf22a5096c2ea42ce26,3907
74ecc098d94e8752,85dbae75084f18ba7b3ce591c9dec4b8,4386
b59a5afe9f99edac,a83e08258950fd5c12e7c9cc04d5023a,3849
c960a70db8e8024e,8e013135496547e23bfb3edc04586ed5,1350
9a467e21ac95d4be,d3ad24ffc73b1a067df379d1e62d5737,6487
813d1446f1ca1391,32a16a13cdfb5d2a95f78f19dfa9e8c9,677
e664eac88402861e,12f78723883334d484337a2500c70d83,6692
e8718e31e753b0cc,3a959e61961628bef9ec72bdb8ccb276,752
76380d39e12fb9b4,a8c38767d21013d94e682ec105665c97,1490
dd37f5f2e11cbe34,eba5f937ac347be008bc97c110d8afe8,671
749487082ebfff1d,4bb8ecb4c41b8474d3938e8fa3659eb3,2179
44ec592d7c9e0f98,4899164ccc7a3146871ea75bcbebe46c,1533
23ec6821afcbc5bb,1e758e89cec8947a47234eeb00368a0e,10626
233a67a849699cf2,c34e6b92564acf4780bcb6145d3b1f8a,4507
26ab95f514d3d714,5bcc01712e6df18fea5d2d0b8f6d416e,6280
fb07d0c604e0e670,0c864009fe9c6595f1b84510c6c65d3f,1208
204b7a815d81a338,6cc70ae00d13040b9e898677b9cedfb9,6361
a39edecd9decd1dc,cded88d5bdefc15763cecdc85c3983db,500000
9af24f750e3671c9,e0f823efb348dafa8028ca0dccdb4e1b,7256
33142ef0680b0316,f59370cd48335de0c83a66a0e27b95ce,7216
e44afd1f6a4510c7,bfe3958b24e856cbd4bf2064f9b950db,4113
a92c17e06a71caf1,5f107e5191426f95ce8c4e361dd536f9,9904
7d0fd13e0ba73986,6c3ff84cbc93ed101a9f43fd5084e0ef,5641
6596ddd217f64058,b44be98fe93496873f0dce77c0904c22,678
2a84fd045de7ad5a,a140b4f296e1778bc8ea5e63f9509ede,3051
32fef9ca52a4f426,4e986f76f03756a4d0fdcbc9e460b7f2,2882
d055130147fb36eb,9044019857ab019d2b30126a3931ed86,11642
386c077de4f419d3,1fe8ca60168ed17fc96154ba05d273a4,686
964a8156794520f6,fc2fb824e22470afafb28d17cffda46e,9549
79564e22df0227ba,1c08c8674953f8493d58b775d4593d62,1659
ea9a6abb24940d23,b8c5b864543e65d0dc8675f603dd298b,8532
bc30392ce87b10fb,ab8b91b7d42b6a1df2fcf9712af39f97,8188
7569d07360076c9d,3d1cc5cd3b62f3d08896b0bdb35d14b1,785
e5feebea08adfd2a,28408dd7425393bdf3d8af99f27876b4,5884
b79a18d0194555dd,88e610c6c19cb6b401b565003b708dcf,5155
2a20269282ac14d6,2bf59b4ec53a675b5edb192b4aa37780,6507
b95812e3c6798081,f9886b06bf7cf7f989167010b009be45,4824
a914e1b26dc3dcbf,b7f50ce5b5a13a923c1f24c113714577,8539
7e0dbbf66b0b4043,df12d76293d43223e9754a67500649e3,5137
26c795258611c1f1,57a2dcd46dd8ff7d095a68492d9685bd,1416
2cc35cff21ff6e3e,3700a8e142020b7980fffa53774519e2,1935
0748dcc5d2e1b11f,b646fd11aae9ae9f4b6705bf8f36d2ba,2508
628d70b6169d7062,a31bcd60241890fa68c66231cdb707b0,647
74840d1e85020249,e2ebef8ad9db366d044888180d3245b7,1345
6cbff4159e8b31ec,9f2bbdfaa69a5f284420b7d8c00a9de5,6237
048df4606d213a27,3fb4a714cafed20b046e23fe5ef471f4,1528
935ea82084038deb,da9acc071cbd9c2382aee26d0bb87db7,1256
715df29a1add865e,13bfecdbe7470916a4c3c0e1b0230602,942
ff34ea0f0a9e53fc,219de9db5495d98fa3d7830d8b56bd32,6049
2799c8e4d348cdbe,d08a067ee802f95001c981d59c640eb7,6973
3ff8e7f3ba67a767,2377c2ee0212b3a4761fc96c31746470,2003
a6829520b4684074,5ba2d26cd9d43619390b4b7553fc34f5,7924
412e9d4d0317db95,08ef7d24ce0316f14180ed19f8504372,1122
7e4fd6050bfcca6e,640c79c64fe8d41da54a50d329c3f357,2608
a6b03ea5a171d158,ac7ca7282432091389bfd5a431afd696,6409
f00303901d54116e,0fb3cd98242ebb0a2efa8e8324053592,1915
04cb7227bc3a64bb,08a9ad0c2c6fe6bde95ef43da8e16918,7239
d4b001d475b98723,9baec67f04ba88e30a7b7c95118692c2,915
eae3f41b12dc87c0,3eb3cbf6955b88fb596a85a549128a86,6655
eee1a40eaf28eee5,bd7646bf98ba29cd61ea7a32b34bf146,5748
820367c3f3981a27,ba55b49e35926712e8e6979b5e7bf52c,4633
031da1b364526760,8b3b2df9d0bad963afc755c90d1666c5,1732
8ae3ab5e6dad941e,47f4f0faf66bb009ac83e2366d5c81be,779
5dd43406551c0363,8ab7b89f7e6b3d8c5c916d8db07157a4,10955
c19153ba22ea8044,d02699dc9861d66bfab035f0fd3a5716,6361
2bc784dfd988e737,80ac271302db0b397a46f5df552c365d,939
9154380aae0e760c,63d9f7c9139214c6eac23518dfff111a,7403
f1f417ed9528f978,948ab3120ae4dc94dc6a2f9262d5ed3b,3170
d10027833344873d,5abf8a5debbe86f9b046b0a60aca1f42,453
96fe5bfa713375ce,5672cc67747f8479395e6f1bc9fbf2fe,808
f96abfdfe54cd643,4d9beff5299dc096c1c4eea18f99ab18,969
94d318780a716797,64df4911193a2eb85bf6e6fc9dd4d092,5272
fb18f116c5cc7f1a,a3fdb1e288c44da1b70fc8224676f752,5589
fc43b615c937e2cb,c11416da5afed749a8faf2b62176e5fe,10071
c7a71c4745130854,daa4f00dbf3ae58ec493ac38dc699a30,1531
3bb492a4a16d3c59,d12648aa665096037be5cffcb986e5a2,858
af349aa72fdae121,109d764f0ce7472335d7ba58a57292fa,642
1fff0b128fb8c452,ad7f19124ba1ab5875707143ca2d8787,18189
61b215d73da7fa2a,226e3d30575d40849c3ee3e7d3d6dc17,1108
4c82b85a10bad251,42edf6cd5f958be7c9368c8fa6bf28fa,7269
92a985a30e259596,a6b0f347b523a7495dfaab547c3c01c7,4999
e48391b0d8a45bcd,54b8ae1496ff12e8b613bfa0ce291886,6213
5fa8e73418d3611b,fdeaa16f99281faf1519ce0a152cdfcb,9666
64fd77c26f519f77,85c373ba8888ad09dac6903fbe034aa1,12246
45fb48ab2de9c0e1,456f8bd769ee59cd1e96b7a86bf88e47,34779
366cee0f9708f2f2,c7187271bf06ca4673d8196978f4039c,3118
ed88a6ce7b2fcd88,3af49a2de2249843eb429d6d45ade6b8,4921
3da10dc25e1ce3d1,7085c25e39b298c8de0b86d092e013c3,592
778e0cfd35d0d839,a2dfced29fae935dcfe59536490367ca,525
635b04d29f632f18,1a9977a4604b915722a5050d74c89f1d,5008
3fd6a063defb267c,21181dc2014a9d54e144d532bea42c71,877
08f117ef7dc14bdc,f56a25feb324088e3f729c7858008d87,9246
6a9d8e7f27c84529,b10ce6b37c88bea5ae4f6c290a6e809f,1021
7a9009bdf3bd6e08,47ba33df354c16377b19ee423c79372e,5122
d933e34ee47f03ad,da36daa4559660fad6aa9cfed1aeca67,2147
674efa22f00ae13c,45af7c196b07f51f8973895f84cb78fc,14035
546d74c0977163fa,679158f019ed1d4b17d10aaa07aec46c,2109
655354f919164ffe,b9e417712698065d876c2d0bc389c2c6,1678
432b24c128d554e2,fbf2a5ad94fbbd4fa98d8e3876b5411b,6829
5c9d8050df555851,3007e70c52976cbcccfda4f858666595,1200
a8f8508e77d6e4ea,a389f70bed503e85fa61aa71d54bd47d,714
b47b95105125bfc1,13aaf35c7580c93eefd40765c49c5e91,500000
f0c9ce4a6f830c33,18f3f172e3ca206ee024d4e0e6466864,6732
69e1f038e439d546,adb9443ec43a5104ccdca2be4958abbf,765
7e185221615958ee,e827fa1aeb9e7a1ea04e9d812b998ef6,7574
86531129af28b508,74da9e904a833e44c4bd05fb1c68e421,8520
46c8baae6fb10c91,44dc76ee3a473c844ecd1bcc41a95702,3815
88b6d2deace1ad4b,70f432fbac46de55760f5aa406551188,17576
861d727e2a3b393f,7544c3d7540cfee2a44e0ef7bb492f98,593
6fc9c4374f43d324,a1f32292ee6db222388554452264641d,3520
023f277324cbdcc8,fe9348448dfb96fa956984cd7b413d4b,1277
562058952f5b0f59,e5534b5756a1fb9ab97150e90b7127e0,2860
d775c3812c006ad0,73ef45348f400daa7d2baf1f147ab969,1437
be486251a9e975f7,15a8f195efa1985b68cf56aa0519832b,4203
bfc552c4e31a8429,3c9e94dc374f78ea9a670727efd5e887,5349
60e99e5ad55a1850,370c68a7518abd29a50624f77917f525,2406
6946aae905b85f38,10cca488f6718cb00dab8a5bec645628,2425
9bd99c29f36386ff,80e1e64448957871e0595f7e8f54ea47,4993
9af9d76dd4237f14,003170bacb6db6d9f319e937136b9c44,3725
362eec22dbc27090,5e425643ab79d5afe2a4d72089f32f69,8335
06ebce602a671f45,e72e9681f004b65c43613f9f7f518100,4387
57e14de0fa4dec0e,0a2f13cdb375cee5e4a44e9bf8dd1fb8,4951
3aff65f2433c47e3,7646f109257517eeca7496a1f2045bf3,4640
29bf99eee15f34a5,7258e6d26f57f075425bf9dc5312baf8,5400
e4091dc5260ef394,00421772dbabf9d2b0b8a47ae6bb6e0f,2235
772b4248905f1917,3607ea08482691581dba0961e3fa2961,2223
c1522f16b740a7d5,eb257c768f850dad3a3e9f9c397e68d4,6183
146681621f568821,17f08406782ab52045b2ffdabc7b93a3,5847
11203b21aeaaffa5,d65db66772f203f018f0a1fc9beb18b5,1033
eabdb690ab89fab1,7f8c3ae818851379d2f05849e698956a,2359
30b2418a4d0333f9,537071adec18ad2ba274e6ece12e0e24,7857
ba40c0a4e2b8086e,c739dba27f349d4ee7f13d0070e51b8c,703
4ff54123d23fa88f,2ece8accccdd2a7c5542a04772ee1907,16371
c1fd20837300158c,62e9608923d5b29683fa79e3ed064432,1002
a3e1e162ae3c1cdf,6a74f9d9ae6aad8db5da8314acc50dc7,566
78431d77de0976ba,d3cd0db15db203b3f8c296ecdc42c75f,5267
7eddb7cc5c42d198,c212e2f3a534fcd2f926e568c9c1d182,1122
b5739c51b61a6cb1,a89eec6aac94c733d461459fc8116464,7533
4a243a2f53ee062a,e23060de103bc3a4607f4aa656a4d4df,3352
48633cbb9ac43844,519a27fd577cd3d6a966e93bdb191cf5,41125
258fa156620bad6a,de7b270f3eff8d78e0b1d60421a7c769,2005
2eac6473b8e6a013,b1a34a2f6139f61bcda4ecfaca089e59,3878
cc966d1b7facd21d,8b5fcd668c1a2a3d6eeec9fe24a25c95,454
1a876bcd570e09f7,429a7c243e6306be14d384429613baa4,5494
33b1ba18cf398686,bb5d6ed123b190d66ac2a81df318fa36,1297
4ce9b6649fdd38a8,a1a2d6850c256acc568571a6ad5f9664,8401
86c4252913da03d6,40988ca162d62549a0953f58814970b8,4281
80b5ceeb56ec3c79,3bb27d3ddf153c50ae12d09ccce47b0a,472
eefe2482dffb9431,a4e14f034fb40349cdfcae167acf2c1b,4422
4d8013b9024b4477,4707f0542de6ec6af7d02f9e9fe74ff7,1412
50730962a2849a85,3526595bf181ce7fc045d1551be0b7b0,11429
533d71759e8916fa,02a31c0444dce95fa70ba9376ee92e3c,1942
1dbc02aea32e6c28,bdd048a38530e7493ad34adc985d95d5,2934
8407452541eebcc2,b130fdde6bb9549e95707a08012762e4,9213
660dd936f9d3f756,bb30a723b6f4584e6773ef5587933751,6165
d4300aef3bbec6da,c8d7fd346843a5d4630a56bf4a6b86d4,5790
bcf8dfa331923698,b97da515d2351a9f5cf131b3eec50277,3119
cfb5c4c218411124,a6b5a5d6e12e1f17d95df6ca0584a6f9,1971
f96d51c78cfcf4a0,4f5cfd8fe0f93a8b9d40bd788bc0ee03,1411
7882213737c9fce0,780765fd2591e27bcaa4d6e0e2e82a07,6631
14fb86b329f5ee3a,1d3f079e3d63e9f485681effc6485abc,4206
8196f1f1506c2bca,75927fb68654f57dc22465e731c974ef,4550
df1c4032420a5711,39086ca65fd34d79ff2b8df08138d71d,6654
10693cc503f840d3,15ee1f214229887b35c334289a72fe57,633
1fc5ddcfea84f979,262e43668ecc47f422352ef348250428,4805
6e91335f9a35d016,559b59056e3b3ce6386ff91b357c293c,8023
366c361c7ba55c25,78be62540ca15d1743c9876908b62580,6727
ddfec888abc7f045,fb69ff1d4f3fb529a0fafe046e59eb7a,5967
87f6fb47404ba4c2,d1a6b284319cb5b0087d7e8db02d72fa,5661
059977f96c962542,6cceeb3fee57c107028abeaa55b42ac7,2786
3d441f1ffaafcaf7,45255ef362989ba6b1cf769d6ecc46a2,6775
e15a3ad395fcca25,98e534b60947880d0c0da966cf68a000,1064
caff7f4367a85a73,535966ad302abe5ba27d05b4c7389526,5399
81b7986108ffdaab,6935ee128133aa5c59cde4bb460f73d3,7093
8197960cb828ef11,20b839d86899d936a227f4379d8b392c,5065
9ba2bc417a4f57d2,83f5d3bf93db2223eff1cb790f8cb243,4630
1e8c6a2357b7a1cc,5e1f6cf68ab26f2b74a351d00b9f8750,4580
73d4d9c78914528a,70641040c2d0405857cf3ca290c2008f,1061
0c02075f3b0f3947,219428cc457f516c98f1a06554ff0238,2390
6ea5808549f7aeb7,19bb2587580da893348a0ad9f1ddf55e,13211
68c51e02d8a3c503,af09a3194b171d2311952f643262f8f0,1437
9ee45107f2abc72a,1f887dc1b625c054eba43204938fa100,529
1d09925007aba5d0,464ef6c6be1bba9ed5b9d2f5164047cf,1050
64e74a4f3f0d6f75,935c714fcb26f0075f930f6264bc4dde,6295
7b6d77bb47eb3098,c862439e893c32277663f144ebe0ee8f,1704
1e76c39b2c20abfd,4934622f84ab4d84fd39bf33e9dfb7a4,5983
688cd6c23f70a0f1,c61cc48620406f6a85fb860263830117,3424
a2554f6daf558a84,27bb96fb6e534df7a3c82f72d9040c04,40754
b932bad9cea572d0,8bd8218c6023e0f5a15e2a119395830f,509
bec3ff31096e293b,e5a88c557d99c951121a5c8cc2c65886,3478
3485913d7f001633,8248a688ee8b433def35e28c7c8c84e0,4564
8ac522c72393b4ae,70e998414dbdbef55516883b06a92370,5311
8116e457f9ac47ef,c4225040707f7400b43e13a6938c9dd1,1051
1470abd28c5910f8,a7c1c6725c95067342511872c12e0679,6163
9ebc15358941fb68,769ba0a10312bc8b38510e2c7ef08dae,3854
7f30bc26e0000443,b5e4b331c4a7243a24456d72e074063b,4137
c4a9c0f8cc9ce7c6,da470ffc5e3c406d93a5ce9f5098f8da,7087
0ccef7902e982227,4a2c3117d5130077f3be2ecd5133df6d,4756
b7d268aba7337e7f,b07908f8dc1561941036d5606e1116ac,3518
c320de1133437d6a,10be414d10947247a0ec6abbfed5ca45,1950
8e249d379d0f7411,9cc07911954ee7243661b9c96631cdb2,7181
e87dc9282456593d,bd79f6421f6a534134cd99b0b8c32420,701
2f123df9fb438d2f,a8fb279a5c88df7e73d2242168e5afe6,1212
84c6451651192bd9,1a6b3b25e9e17e89ded479e9c3c0d1d9,5631
94d28844c9b36b5d,7fe0999445aeb91a3c9f62152ee608bd,4509
19c035264cf63e8b,954568c2ce5218c9563382d2eda70de2,4468
659605a139f26560,bd53eb3d5bf038df8b6c6272451421e4,10468
820474a386790d47,9e213d6b3eef8dc2063d16cc9646e627,7419
d31d9670cd98bff0,ada3b9acdfbb1fa168e82afe62f7cab8,640
6ca6b11c371838f1,ce5e6093b5da8454e091d5d56ede2a1d,3396
562491d55a90bd37,71e217faa5c9a40b78cb7f9eff52cdd6,6682
8e0eb528b81de7db,1e726328538e7039c6181838af9c75d3,3039
c3209c6d88504d94,ef9ab4808a130aff3b4fc3f9fa71c182,7643
2446eafcc01e5724,b7a60dc6eed0d106b4c627f4a3249cc4,469
1e92492847bdd49e,2938deba245d99146684a1ed643e88b3,11701
c37e28e86c09bb9d,76bce444f0fc8f7b1ca17f1a7ae42e5c,6083
2aa79d39e6b3ca06,96f0f264670d57aaf61751ece4c85639,1426
649ba272d907f2ad,489860d4bc2724b10cdfd2855b5a9862,4405
784789d9a332e1c6,e56a6192f49949f93450a3b230ae339d,1821
832cf03edf86ff01,641c65802fd09ec6f133bccc1dced458,708
1fa14517b52a95b4,4b45b66071aacf3ab778a74344d9adf7,17767
321d9275cfb71434,bb55b52c78a6d3e733a24f437110e2b7,6948
1e0aaa24eaaa0158,c1c154a4403372ae7b7e32fbf52517a5,11783
19798ac4b653b39e,702b1693568ff23b552105c57dd473a4,580
1c43ae72982db330,894fc342c2afe2f58373a307b3814853,5411
ce171347e27f7575,4e46f9bb977457c7aec802fe60f370d9,1975
cb0011e5b90907b3,b75a8671a945d13e313a9fa878d4b0c6,1272
89c455542dd9e0e6,5a77581094ef11f18904ec04251e7a0e,3958
bd07f8140927d4d6,e78b621d5efb378cbbc9bb008db57e34,6907
1b16fbe9f7ebb336,e3ca8e6763dea10d151ad3ca90a7e384,691
8e428cf94f0efec9,443b466d6998a9ad41b17e418b0628d4,5862
15a49729e9b4b70c,6ce41279c4b04da0e94e9b456cd3ee3a,4138
2528fad26983d37a,2abc8f817056cb8b153275a10b44e792,457
95918938b3830370,74ddc494409ad94ab814565caa3de98d,577
ce3e47fe09991217,9c4c4e32ba3369c6af344077907a7f48,812
4def463017d6fd00,21d3204e1a56db48b6c4d891eea5d212,3194
4e3201c45f99b118,ae3d417d8781ed4b6891fd304760fef6,6177
22e2f6f768f93b14,e28e1c26fef2e70111c1e191e621d690,1330
951806febb5506eb,5c14e115cfc301bda1d14bf6cd4d47a1,2749
5ca07a988e0e7cbe,21d3204e1a56db48b6c4d891eea5d212,3194
71d0f3c7aab511df,db4145566ee5aa3afac96864b50e0028,1285
9334e0a5b623774a,fa07e17008b40b85c9b65f4a9ce98d96,4934
4e437da7ead36a04,3e352391a2ff45168c026ff510d7e50e,6018
a79d4735fac7cf6d,c641d7f94e0817b908fbeb39e4ce8491,3941
543c51ca72b00260,f06e2d432c5f3db11e41b437c07cddd2,3714
be150addb0495372,a2899401f802757deb47da90dec32eb1,7060
8448665fd2772500,6c72c6add4fe3ea5a8ecccfdd176fd94,6762
4fbad1849c6053b1,acfe093bd9b4d8cad8ca8ab9da6618e0,458
ff1e4dbc8c9dfd8d,326ee1e3b8192fbbe80d10618b087c9b,2498
a5cd88efe41927d4,e2d6e4119f72e2af1ec744448c697eaa,7108
c4b820b494ecfb41,72c66abc949ca7e15546d7bdbd7bcf45,689
ae68d3f00c668995,3d34753f893f164765488677c52598d0,1230
b7b525e7d5d046f9,8f5fb0374524f21ad4e1eca0816bca44,1394
7d2be55ef7e5cce5,b2c7de88d0e4f8f95793a394f1e4e388,6934
ef95c6ec688738a3,2242fe791b627151c4115effcfdb64cc,4730
9e280300aaeb36b2,b88bb8e07317734c488594547c6bec44,6291
3650c8a72b43bd5f,f6d8dc2e0cf457178ddf43294d4ab6b3,4485
c1e3897a879f8fd2,037c917d825385ee1dce6b888a5a15ab,1295
b6dfce7f8e1897ed,8259bb4758067bad27e17842a7e2efb7,2752
380375dd110f3cc1,9d506d9c7fb424073b8698de27174e89,7001
a11462d96cd11bab,751d1fa8ff54c81c7b32b5e23f6957e1,4941
445a9dddb1dac502,193780d6fcb0ca4ec90de50f9fc0ff46,9976
88cae098ec611c09,6ac77e5e46b1c0c7d2d845ac945e52d0,9242
5fcea2980cd526d9,07335501f3afc9f36be6ec02d27dda95,58222
3eeeafc33ef5900f,be4a9b04338767f540ffb9e72f0bb199,15575
8b6a956785021b92,ef875f05a84f51c1e7bc823a75a23112,789
e8a98da23e0dad39,56b8682f6b0b2dde5d83880acf7c838e,2785
20db336a2564c16b,64413fee79124ee9cf82ccc798e917d6,754
0c0c5fe6c2f31508,117d5b321c9302acc79c66a38bdc2df0,658
1f5f5c011de186a8,78c9be7312c848eb603d1eaf811eca91,5549
848cd03c416b4880,8dac1baaed8e7c30e6e1d1939d9690cf,463
d37a3d7276d74233,ed6e93a2cc560d88d7fd0cf2cf0dc931,910
6623025f32bb0a02,94bf50710a74b699249499355620788f,927
8034a800f1e48faf,e68cbb7d9bb1ff9e91593b13febe10df,6258
e95501da658d5d3d,568a1856d1f9c9de001987f1680dade0,6361
10a797902984bfb5,f7904d4ce4e2606ee7b8bccc3266f9d3,5175
59e2c11c5dc879ae,e8911592acb3c3e1d6eea924cc1572f4,4610
45540b08f916a38f,d39960daf9855d6207f26aee6108ad67,4913
c13fbca1c17862c2,391fc461ba3e24718350654dfb8131a8,2210
0165dcdc2ec3b5e4,58fe6ba4ad0389599af6ec2491cda772,10118
7dff2f413e35f846,6735b2f66d1c8083d2be25107f5cbc0a,911
a2fe06c37d539462,0291b6d1733c9e43825ac2e5371bf39c,7932
88e06e15f33cca74,ffc52995482e2476643ad51770178863,1409
0f5302c35c5121da,89fa24ed11535e37e616ea6a5af0560d,1938
7a8af4fd26c8294f,07a25af50fccb3d60bcd767f0521fa07,8552
c5089bbc3a36a1d4,7df09c74569cdcaa0c974ddaa19ce7f3,2600
e285f4e31f1c8469,3405c832cc0f8417cebfdcedfcdeb3c8,753
0bfa5e3b88fca5d3,126c09dc88988a9c638295951fc81ee4,671
d39acec864423d01,b7799e7cbd5ec7e63085c5a6d3a62dd7,3213
b64423d1a33d1798,f2f4d1da99022ba2cfa2b61f8d85e8f0,7841
f3abae1241c1c7d6,00b83bd7a7bd2450bbcd71cf5098090b,8389
42c3072851510196,eb7f2d60a4ae41e41c2a4f4fb05c3ef7,28677
33739a6f85242e81,c741dcf90da240a47a854fecf2b3cdf6,5559
6ddb972a649eb8d5,101d5fba6ddb9d525cd9502e25d71bd6,9229
bec001a3fd3b2c93,6bc4ba9c6693a739fe2c49e759a8d66a,7537
b31041a88ded32aa,05c7c84e7a909809118373f6edc1c5cc,5367
b70716d1f011537d,2f6cb0cf6150bc3771f81c8c58664dd2,611
ca53fac0c41f363d,603f91c93a55d09579925d9c7dde5b33,1820
36974f82a4eac968,1326caebcc672e01bde64706176e70de,764
cccd86f1d47c28fd,06e9467173da84593d3986c782450f03,5979
7761a9643863f2f5,e00c5c70acffcb866a336ba24ac2db1d,386931
6f63a16f3125754a,21d3204e1a56db48b6c4d891eea5d212,3194
a26b0ad39f47a40c,e4707a4c3dec01f348d12f77a1f43c41,6519
65f79f8c64efc0ba,39c6b606d06854e469cbcb4b77b6c5c0,6882
1a7b3c33d8733733,25d85681dfa569913848c4940781afc1,651
d24a03b3dbcf8d92,887b23801f53307cc8ddff36468c026b,7188
84848a6f7b94b2cf,ef9d576ef51f3afb69b19030f41f46fa,1282
e9882c2105e76510,73c16b6fe40e15ffd43b4922102384e1,14491
2acc4227e8a05cf0,d7b3203ec5b5959688d92ac548feb002,15164
9c8a793720a2b68b,243b78c0262955357c056aa8d059179b,955
e4d667a449776321,f0b3d3352ad54af05550a78b063e7888,10245
af9d3a39907e531f,358d4953bbb7bc35f1faa09dade2e74a,8632
9b1ce55eb6bb9eed,e3b0c44298fc1c149afbf4c8996fb924,0
6ae50966c3fedc95,ed72b79000a1412250305896c9bd4e72,4162
d1ef780664160efe,e9030ee61c77e724611583f37f722f19,6845
db3cfafbca73c6ae,92469fe31010eeb0e440cffcdcef4084,691
e7471ffcc8030c2b,ea153609d03726a0fe8e4a90be3a749c,2818
a260ca5c7505cd89,1528685e5fae91445062e0da2ca8e7dd,2141
1dfaf579c522afbb,d57c1af33596bc88e0fa99ef81fc1cf2,9959
b03e28d00177792f,6feb6d78fbd097c51c980382f669b49c,8156
33121fcd648172fb,34dec17f9724f7d942a2df744763bed7,7204
c476cacc02762e09,0ffbd9a20f6cba6eda6c38aea5698b75,6291
94e3433af6c0bc89,8c0d38bddfef1014ee3c33dd4ad9dd86,2105
bccb9456c8102b4c,107c4921daf219ecf4f7da04e35f2c82,749
852f35e3d9765db2,687997bf3bd7f26bee50446216676d78,24766
ef9ba779ee2b6f1e,6b0c1bef286fefb5c60203932b17744e,3990
c7017e0d33e4beeb,8ddfbb298c7842b68a7999df94788555,1255
94ecdbd7f9745acc,040575eba57b02fc3a770c50c352ae10,3656
6bb91e5ed0ac2af9,bf5a1800b913a825112788a9e3f57dc6,1127
b9c5e040ea62ceab,35ac6fd2a76336a9a7dbc35b466134f5,4100
a86f529c11ceb362,8406d6ec0ba4894b47448c603ece6354,9819
9a4301f2ef1ddd83,d46a65d832ff99e142ef4c76c5498ee5,15697
6248b2120b2e69ae,f5c90fc1595012ec96bb65f3c696ba58,7881
29dd884a73796e5c,d521f1e966a1cdefc4084efad842e6a3,5758
b4fad9149a1f0cc2,8b3293c75d0a60e3999cd12a40d5efce,3642
8ce5a8cbd3fb48cb,aeb398a7f2ab27fd2bd2ead0c499a974,7496
a86e29bfa9f0dc4b,4e10df431d3000b378da4bf6357258a7,710
9dd37a585703cc77,eec7cfea5a14430d50a2dbdbf1fdf4b6,3871
967f89a722edf33b,35e8d89a3cacb44c4bf94e3c0e914983,928
14edf4856b65f289,5d0b3cbfa7fe1c4ae0669c245686046c,1158
5231bf0090478020,449ccd7883d73f262805d157bd2b8626,1641
814cb8be02642e83,22ca2a73bc102a82a9dfb618100cdbe6,450
0ede5f3400f16c1e,7dfbd13a395cf9139b58fafb32c9411c,3719
063abcc880453f80,4bd2e48ad7ed2219d2b5573053a413f4,968
ee91b5d9162dccbd,4f324e79920d6c490d28138828e99bc4,10702
3d838590dae6f95e,63c51a1ee907022adc5657a34c6a73cd,5894
a7ce7ebc4f4dfef6,d9b182096420da5d7ca8c0ed45b2acb2,6569
9632f879035a1cbb,21d3204e1a56db48b6c4d891eea5d212,3194
39e79aa6954a5f7e,82fc5e8bfd4e77833c6b669075e37ba7,2363
b5165dc90ac63364,a39d88595daf890de260966a9e5b1472,5325
f2b07ee333f878bf,849cc7d6c3b78dc459cc9843da2655bd,5567
ad1e2fff27cc73d4,d1428d6ce2805076fac4c1bb7eb32209,575
c87f1a36a7842a25,af542076891e686d4f652e1c3d1c2cc1,3804
40244d321070cc52,a5efa48102ecc6a63403c504922d7e94,6919
77701d5d3af66e5d,fa9ee6aa597a6fe7f7baf7a94d811e45,9443
ff9c891fb53c8d69,aaedcd34acb72a1aecc2047cae0804c2,901
abf933d979919576,3b276161d3c60af3da5510350ceee7e1,1257
f00a493eef44c65e,86047b9cbeed30dfa28531a1ee1d7e94,1185
714372f4ff6628ff,7fb90268c6608780d94f5b37c7a4602d,7567
d29d87a41d7b4d97,3949196d10681648bb85a19ccb67d523,14182
faa1fa9e9ce17f05,9a48f532ac2d602082338061da3d8a8d,3824
7a792a674e525250,8d98f8aa6085b75f25634be5dc51a58c,2894
43655ace25c59872,b5d98f426a2e2d513a3885df1203e0d9,5574
f5699c2c4af3842c,f8d9685ae9c1d83db4f9810f48e17acf,2858
8095e23fa5363f20,3db2bef6cde73eb77497783895f20f8e,3884
08985d5661daa1a6,54b9946028514bade9558f15b70c1f21,6570
18e4ea1447e82587,4901f05f932bc4c85b1fbd6cad1f06aa,1751
783eee33bfa0b001,df4b9277dde2fd75e82fca2c40bc1054,5269
f6005fd6960a8044,354881ed47ee1658e82537b246246b7e,7383
2a56c6190dc2a5a8,0a0be724427b23dad548362f8c711181,1047
37eb79522f84be54,ceba8cd9ce6ff4bc5bb874098588720a,8937
50c9c5cee8d2d85f,8259b116196ee809be91af1babfae725,6949
f9a0add8cb85ed9f,e0d9836e4039a3e31e944c363222eae1,8857
e79be730fa5180f4,3292e72c0bfc2a821117641bf79bf8ab,997
6ced1f7ba9d221c9,52422c9807d011c97c0d5136fa90d1a9,17395
f34edb1e9759d44b,792f53276bb05a399d7e406d90e803c4,7344
b805fd08ae7baf56,5f98c908c7674ea1ae0f3df5ac246c93,807
5dfeee1313af52fd,2b575eba156d6aea32a6b9076dc2a542,4611
8bb39109a5ad7790,655985f46d5fe40d47ec7d4b9b61aeef,2832
079351537598e2ab,2864d25c077c9ad47d2ea8993c999892,7979
d1315dfd923f4509,31dc0908ddf45bfae48616105199c572,6050
34b3c2831a206350,c643962eb99333e26f0072e99f3b37b9,6115
76b64e909ee61393,de34f66cf683b236cda9ac84c3ef4561,5778
2ff763998e8d4ac4,72680ba17fdb163fc532170679dda1e8,456
2643dfee85f7e21b,4c21bc995ccd1e843fafe829529fc45a,1663
b8ea7052cadce548,952971b85a19b97b763046ba9d838620,801
38ce5727184c5035,f5f2cd5dcc4d98883e5b3efb8c452c79,8365
3818a136aaa30895,f6d56ec27b613175c8a84632737edc90,1526
832a19fc721ed564,9d7cfe960682d2165baa00d945ee1572,2877
6f9fe527f6061d66,d1e1fe249477db21e04111e30df5ddb4,9233
58fb23f5931b569c,38947d33997ea5d3f29a1111fe7cca61,8509
967e63be4527ee76,9618f58f2ac59686e3f88a27782e0a5b,2471
026ab5aed8d679fa,e443806964a8c0360b4c8b02e97f67cf,3383
5e688f1b2caad23a,5c03622a0af577a276e63b93bedef05a,14962
b4b03975c536ca4f,3b2038506b2e2d65b6c0a0f4f6219a0d,666
60bc78cfff1e2959,cba4b979c7ffcb6e9f57e4ae00c4d11b,4503
131a198940f41d42,37dcff51875bdf74205945400b53b7c3,5391
6c5f3801a42b4b09,fc1f2d5d290398eaa18125d9d3af2ff6,5336
74cd7b629a21b6ef,e3b0c44298fc1c149afbf4c8996fb924,0
27f59f2c81fe2849,aa3938a685c0d3ee7f056c5cacb1c034,3266
4a278c8858faa77f,f0566fdb0b480d2ac316df31569ec782,1768
c692fcf79785e354,7d6158a51021fe93533e5a0748d36a5d,4430
a310eab093cc8c53,9678241a40ed0327dfe8eff319c91aa4,1389
97eeb46cb1115407,59929a6768477c2e3e8ac380afc2786c,4344
06ba24153bc0036a,f988f187a1d8e6055db0f1ec0ea2ce46,7392
4b19d8162d314420,69bc591b5e8845d1bc6480025e7e2048,707
3c3bcf40a10359a4,69e484c97726bca28d5fa81a9e44ecb2,1036
301a020ac197793c,f84da103055e2f246335d85b464501f5,976
cf4ca30a8428d53e,16a65c36faf0b4acae5ee731678da1a0,11687
9fc0ac8664e9ebc6,fdc4d5960299d6f1f510bfdbbf874b9b,4835
e2a4862e05d2615e,72104a296e8eb128a44b13328f60db06,476
392199a30e5ffd0a,ec8476090c34135d4c9bc26cca0fed70,837
f01a448f7bc13a7d,24fd8887ccba9765c9ad950b9f259de9,809
01ac0cc65a6fe846,93cc3368572d807828982f2c86074e9d,948
1618ca791d54e956,c27d2276497bac91442b1adc9c861df7,405480
f0421039ea91f8ba,e2e75ad184166e8682b2b3df5e7aba8b,765
d6e37579034edb4d,2e1f5be6996766289dd0b01a2823f0a3,5634
2e3a443db27f672b,3df82a55263e69a624c90a953ffe4801,2017
50b5c32ab87df447,6df39b8c9a847df7c0e99bd225bc87e1,6941
59b099e66dd63fd2,7978fdadd15d9ca5917a26fad99dca36,7577
f5bdd97181986ac4,db1fca5d64e7dcb64469eea4e224dfef,812
e04afdd329b78fb3,749ccfc5479423c74678f951910eaa14,723
776cca682bfecc70,02b6467742b47a05d082bb5902dbb3fe,1030
da246614106622ba,8e94409f6f7c3bb71020b827642e4e26,2468
dff163fe6f581992,4a968f3adc1cc476076f2578f9e5e82f,2092
8766999cf9a78bbc,e981369d5a9c65330bd041d6daeb2e40,1437
fb7fefb0e42673cb,836ee31e87913cff821ea71e0ec2637d,2158
1e513b5401c8e79e,50e84db2c060e33a7a93f2e4433bb922,3547
68c2556ed15272f6,4160d592b25cee07ca315767827c31e4,1994
8b3bfdcad03c25e0,055047e612203d798fe24e64ca9f8e30,7012
05ee60f0d55a6531,21d3204e1a56db48b6c4d891eea5d212,3194
fec6e3d1a50e9ea2,a544224b808f35986aa1d42663938483,8902
d70a41d988180067,3b80c66ea83acb3a0471e7b2317c1df4,849
5f5b86a7735f11b8,22b45a706a2031ab23d8b81a7a07d9ee,6041
d1d9dd99b419448a,39a1e6ea5fb3e9fc34d9ef18d815fea7,8082
9ecdce00843bd5f8,42716c3b46a960097b7d2b7374b2efd6,8213
626c0de481391a9a,ce94e7f30f219132c5b2ea7040034445,1902
1c395db372bd3700,479e8f41fd5d2a014df9892de4a93ca1,1063
a59f5790b9e9e059,815b0860269428e556a6b6e7380b5697,819
4ef33e5a0a25f982,f48b4db7fe692ecd26eefafab3b5b59a,7210
be9317f027bf7101,c6ccd7b0d32ed96bd8c33972c148340d,8715
b2e513983ae2771f,6c63a0a7555700dfff4c3fe1f47759f6,7053
b89a661eeaff3c87,3f2d5cd09c75c6d4b5063a4e1bed1f05,3578
892161f88066ea14,fcf939864cd765cfb29403df258074a6,1596
be345b6a8ee4fe71,223ddce6810d8c8b9d3c4b67a5afb474,3661
1e15b45c38880d9a,34194e2d99ad42b1c879b03f14dd02fd,1972
ac3cabfea0b5f048,ceba471078ae904dc095c9e42b4e49fe,783
0c359aea4e215138,41ed8f79faa720a15da9651d2aa31ffd,3765
5e04cef1195ef817,e940ead307b9f960d149358cf5328ae1,14489
59ad6c9cb72f0199,1a792fe665b29391dace48cebd4430bc,1164
fe266522e948a3d9,7fad2f19fdfcb035d86943bef6a42afc,648
73c6b4c8b8d39fc7,17e15e69606ccf5f899527665507eaf1,1218
7dde1072a8ff8cad,a942b698e3fc55a9a7927e59c031f03b,1632
ed7c871935c79fb9,74a61db2895ec6180d68a6715de72780,478
d60a1916d9f0943a,8c8ac28f57917ae02a44d9e1308894e5,471
302b36b7277eb8cc,5a17d7e9b432f7ece4936621f992b989,1313
d512e9e249b06dd1,b7742bbcff4e73d2a848ba44737e07dd,1050
6e91cc47369e7691,66f5930874bb0c7624597187ac1929d3,7688
127f7bfaaeafbdda,7db66604b15f398fa41fbf9371f7f493,5900
ef13763ae0b039c0,5d42909005f7ab26bc517f722a129523,1054
a50bc9c0ce77975b,ca4033b2a0fb744a7ca80e34d2b2551c,1132
66d2d184589cc369,c28becbe998fae7304aa1de5fab7be89,10903
b8a1ecd2909e802f,e04c2e20b375109bd6c3c7102b2ad1e9,5789
38b6d348764ce2da,b30a47faff72a6448b9f0dc138d07417,3849
08e5d39c45b7d25f,16a379f0a5f275b5cb3b3081cd8744c0,6732
e13025089c97bc3c,0372fbe53fd08e8c85a7fb171dc060cd,25022
5a0f39d45c5069fd,19f34912531b29f6835e9d868174ba77,3849
463f41f0b3b7fcf1,b6f04fea81a2f5b8719d539200a3e42c,1716
87dd569f81488374,1220af62433a8746df3d0b166868536f,4982
69622fc47f03acf8,c5d5ef4074c32e0da1233341f781c843,6422
255149a02e91a3d4,349f4faee263fdb7a1fbfaec36e4f5a9,3240
e43639f31be6b813,7cdc8db5e0479d6ba3ad593af617c09e,5912
880a8a22029737ca,25741b78f962cf143009aaa670f8f0a7,5895
afd4f7d3d877b1ee,7477bba7caa3948b50acdb665df4cf08,1249
423a9af3381997d2,5a2c280bed4f0214e29692dd4f4fcc7c,7086
80658cd5ad21aea5,6a01d56c63df4788913e7fe9d67b8ecf,4271
b2aad229727cfccf,b5ed8e0ed309762fbb1772777d5799e9,500000
68be15330040460e,e6d81c0a0a99bea3de8993ac03e9641e,4105
51aefcdd83d2758d,fa2a60da3d94d045387e61cacb211dc9,7842
0f42487f7338df06,651d25e771a0f0184ae6237967c4fa6d,5454
65afe6b0eabba558,43e707f9fcb18b1b6334efae7b3e227c,2922
f0f043b227ec02c7,0ed9265d83bf68dca36951210ef3bd03,7996
e27a286f49b6a5a5,3535ae79dd1c604489411ca01a576393,3144
0df27b6b5f0f093d,dc2ad2cd549496a63cca599226e86d10,12047
a46316dccf462c24,600363c0f35d002c4b79275d01d9d7b6,7227
b1983d291b260dce,9255991a3f54e53913f35197423224ea,1363
649f56af4a8979c5,d0d8660a2fb4359d3f64ad3f0cc27626,3992
b60aaa239353cbf5,e7ecb7bcbdd706c54c977e70e24ca88d,890
d99e7cc66ecf7399,b8197f6c24e98ee81468cb485196723f,500000
89230dab8e0bacf7,4d4577497c49113608b75287710b9753,9663
471117afb59f03c9,b6034031cbcc0544603f38a6371dfda9,2793
855590c9a89e579a,b5f2f7b082c53b30c6e8e638b273d0da,9757
98b0a9d8eedefb0d,6f236ccbae6fdd5771375f10b30aa430,1411
8e526eab9f01699a,218b6cfca7ce87381fdf0340bd20d137,803
b98cdc2c500f67e7,66daa88af46fd71984c7c9747c534982,1047
b5f6b26ffab9819e,62cfac395b0619e9050ab4112e696c78,10509
c85be355ca637325,d993c2b60aac5ffcf6ed29b4e9c23711,6132
5dbfb7ece55d77c9,fb135ff40842d37b79354a3611f11aa4,2678
210fb8b9f110bfab,18ebba05d7a3cc524a9f6747e2f5520e,3796
3ba0ee9e388aa5d7,8dbbbce7d28e2432f2e86ea98ee842e6,3682
a44fb7df01f6388a,b277a6aaeaecf6a93acb807ee4431b81,2722
f7fcd5bd3a33c830,21d3204e1a56db48b6c4d891eea5d212,3194
d61dc7862451e29e,17c18ea776bd1f15404c7e9c5639c26c,500000
ff64bbc61e4fd8c1,c61aeaf8f1511f39fd0bcff0a3346cb1,682
8d549d36d1b91be1,21d3204e1a56db48b6c4d891eea5d212,3194
83d020ee5d5baa4b,48ebc01a543fd91e67d951b9ca8ccf41,5791
111f6b380b5c40d6,8119ddacaa59a12d30784f6daff2c317,7695
c4e92249edd7541a,ba165e3a261aef12a70bacd3aca94f3e,755
8bec31dbe98535c1,ed91e4a5adb4d4bd130824a5f2b9ba83,500000
d23fa8c56a2cbc06,36526e107549a84b50f8dafa9dd90481,6534
84a08cfbd0bc9f06,080e7666a9516c832c6c7ee27362b6b3,514
486de0c51418758f,64da4eab331acc359401911c7aab2d04,7074
b3f61eea153e0473,1349034a63ea6cd0c308123807e502f4,4943
cbecfac13bf3a6d1,ac5820dfb1a0b12b336410efa091e501,2912
f171751f3805487f,6fca79ef7348e3a804cc3d6119e8818f,4556
761a681e62f4075e,9fd80af3672d06f97ae5e7bb32b64c22,492
c74129a4d54a84a2,9f6d3dc178b28d5f46a55e9df1adf03c,1456
9bcb1615b70c7710,45602634d29dc2ede438d9e54b463c3c,1617
610d40ade4b27e03,128bf8cb98c826ca15f06c71cd29a8a5,7223
bd74c8a86f69cd5d,bd5b175f817935985a7e719bc8896fbb,15974
6820c83506cb73cd,2d2135fb15593c190fb614c5da69ba72,4619
9ba38eeab2a82412,8409a94a1c620cc565bbefe56683806e,789
75c65751918d2fda,266721a1ae5c1787339d985dadeea0de,617
cb067878b32e37ee,30c63507930cbb1e0053f83b692f56e1,853
1121f1ee0df5601f,ecb6651071afbd05d22489fb346ddfbd,939
351411885c21e7b4,fda94a54ccfe6f4fa03c56be5a49e2a7,1311
fb9e369ac42c785c,628c3499bb5f043e379f666fab763b82,6264
5b893a3d33507e4b,93bd2d83f58b3d8f3c81ebc5cd12eca5,6642
969d6dbf1027fe51,ac72ae389d1bfe5b732df8b191c5064f,7729
aafd129c09507d66,eeaff8cdf2d22da0e46b36ccd42fa789,947
b880eeb97c871902,cb6c78c7fc4ce4256f3c0f72b28325f0,4689
48867ea66cfbf234,274b399e19506b2d83915fd000800fc1,1397
29af61c6b39fb341,c1ce7be3752e923b11c11e8a8fdc9c57,6953
b7f55fd2ecfcb4de,483cd46608c5a1d178633a88e42ac804,3092
b9c72e78a7e292d8,b199e6ca6ba44d9c76170e7e55bd26d6,22006
76afb1ea4c90c7f6,b4e145cb1aa229a7ed64c4e9cc2f7ae2,1180
24289e7d6f5fe8c8,98add952f2eb916060e639a884894af1,6423
6c258373ea75087f,fc598fef03c8c56dba3206178ca1c1f4,627
97e3ac27197422fc,c3e4f6e4ff601ae9679f9e35998db2a4,629
aaf960772dea7325,b97f7d020e955d281db25a8b2867e8aa,7323
899794ca9d57b242,d65cf56027110be0082719f3c0b5f2cd,3980
6599603407186469,326d29cbab62e9d35b7f59f902b7181b,828
fef8ae6d82bf30d7,4bfe383d3afd17ddbe50ab3c7d0b515c,1870
2bc82789bac5f53a,4febc021dd69db286a903bf2267ae1db,7997
ff49df3126d60fd8,6af12d8606b4d6fe06374e93dc2bfd87,7447
557114bd9f92dcd5,d4f52b3e19cbba93037619020205d2d0,3990
d3efc5c53f984e33,90e7f6a49240214a9894ed4f9555ec08,7847
5dbee2a641f283ed,c37f6ace1a607d1d844c2bb5c870a507,2049
834db2060d961000,771d7a611bbd62531decefd3448a7234,646
2794355115786e6d,685e3622a45f35489b8403487d792a20,10420
6d0fdcbbe921ec81,fc16df1e9f53a5a787522796b34aac9d,6341
fdbd402826d4297d,97dbf91a7aed6d877af62ec2b3422770,2424
65d53ad2174d6cb0,33f203113ad08b681bcd06510eb42f44,6332
7e330a6acedfd446,c697e4dc62305f8e60ef00ba1c9a140d,4041
47bea366dc937e78,520e4e150e21b747f17b807d0f878aeb,9710
02bb1d1b74063643,1b82a9dab4bf93f433db4ea78037ba48,529
5a322f8e73ade65b,2cb4113a560fae13a825e0acd24c739f,1590
1a355192ae1070bf,e7c47b1e2be812dc438da18b6b373261,981
24358956c8a17161,5a8718f16c7fbb432e3f8d6e213c7594,14997
9de9bcb0a86381d4,1a7aeb6f5287d871b4112a6785661818,667
bc1b24481055a317,1510f87725c722e3883f640f2488d6c8,324
6b07d88a81a3d40a,f5b2de1908d9d45ae82c1c0a878ca9f0,6163
ccc4b1044a1b8943,7d530392ebb520ac41a68f1d92d103cf,6158
84bfc7ff644e9d01,9abfe445a3bc814be0b9a770c9a1dd17,4095
cbded2fffd8fb3ba,e88fb936ef3f71ce28a2c770c0c43593,1102
2401261bb04f4a79,89aa8bf238c87565857b49362f6e3422,24247
5875410de41531c3,c7eee4e3ffeb9e1ace34b824cbd73d74,9609
a6504389144cc99a,5aec3df76ab25f9ceb3537292461c194,5203
8ccededbdf5587a9,39de51285ed860e5175591182294d94a,1658
3b43bd3b14ae81bb,0478719100d6d4080e7e3773e0002aa2,6462
f9b63cf99c8b88d5,74d7cb8d5327984ebda8c90465147207,1340
0d0c0ca70dbd7b05,21d3204e1a56db48b6c4d891eea5d212,3194
1d1d7f9d774107cf,5789678fd1fbd0490d01c530ddd63f1b,1393
c9d2e13b5c7c93ea,c26db482fcd2b18512423688918e98e4,7148
f4b74e36eec95230,fdd88226b4b8784c29a2b1642bc309ab,2475
1c2ae440afef7b37,4710efee63447a2b9e44a901296aa809,7506
3e163ae2a5ef9071,3b1bdb8bc3ae3b94a7f075c06297c80f,5573
f659608a8c352e1a,a40ac911e3b74428a82d7bfb7b423d36,7195
8c9d3678507d8f4f,49d4368de1c945c7ce3b951278d269b8,4657
9359be4489dd4ac0,becc7406c18f8a9a4c82085bd13a5129,1761
1b4306b222d09b18,98db7c311d8cb6a1fc7ecfd15e4d0388,2224
60826b246b16d04b,8a7c90c006fd3003a91b4a6e0638e564,617
2a3f6bb82a82244f,fb775dca6ecea0f0f5980e541670130e,8021
7911d416610011fc,62a90a2a429ed9eaf38cfc129e9d5a21,7552
b6e8dfcd88ab974e,6e077b0a0aa974771bb066dbdc5a24c0,9575
55f03879fcbc9e70,0e357cf37d963e569a6c164c9f0cc969,1882
1e532e7cb65e2dbc,694c35056c927237f5ae5a6506f47e8b,6763
8f6ef2c9eb97d77b,80a042c20175bc964d52c2c6c76f7fc4,634
3b8373c9ac380e5b,0d952551032deb756457850ae82c656d,1195
a04e112d07d46611,e87a05357e295efa8cc92d0566f32dd6,4283
75e162ffa259e6a5,43654191d7f8448e23eff3507c811bbf,2020
ac1c469373ed2286,f7df5e1404e3695849c84282dd7077fa,1007
f992789502dab711,735b49a7f95c2ff6ccb8e41982ea2e3d,4726
6fd5d3a5ecf09bed,055103594361e1a94e10fde19c342365,4003
86627c60e8adbf3b,e1dc889ff68788e78f3bf9813143ab6d,6263
9579ca348885ae0b,80e5fba7759a6ad875038b81ae830b21,9416
b8dd0f437264586d,892720ef24e88f1f3dd2151b419629fd,9206
816cafc9770f8247,10b128560be4c1f59baadc57ec5afbdb,5739
bfb60983ac306db8,cd5b1b871a57adb863323bfa1ddc1035,4300
31ccba1179bb2e0b,c6cbb7706221eb7262a0ecc5e18a8b64,6922
26326934aac63a26,16163374c0a67713c0a2eb27cded4647,636
a60a996e3094a07b,1f8e25a05e13d9969571bd9a7f5d1b01,2031
e0afaf0af35a4b41,de1b3221c342a764f14407e3a7c77bdb,1189
3ecdcd13f134c708,b9af286a18d1215ed537a4ca860fa492,691
1e60645d137308ec,4beb22942ca11c605e3b78e6f4568e70,1184
b369f7401f215ded,71e527b2664b0bc1ff6ed98178da77f1,10053
ab5f32babca70628,e523b63b905bfd1f4f98e6e30360435a,528
b2e337bfa8d37a73,a24652be2ea462656d50b7d8ed8e06a1,3395
62b398d98bf5d049,13a88783bfacfe0c61ad8fb59a5b9b7a,8618
e3b45ecf94b0cbc1,fa7e936f6543e00128aaad81ff851bd2,2332
97095261b68e0015,d603c8c71471be5248afe08968706905,2191
ff752d4f12e3d2ca,a1eab698ccde00b5423d4a880718f372,4949
f3c3cf55d6a9007a,23b628cf1df004fca49f0eced2092674,6812
b8fe99e1fb174949,0b371f5776f5bac3bd53f83e29a04403,1202
535835ef857483c4,5798b6510c5586f0dd094a9412e5aed3,3124
794b76438e0633f5,b0eae8a35f3dbba0ce1b117ba1973a46,7397
2da4e09adcbaf3d4,9b239661720c7d3a96cc59ea7bdfb5e1,3077
974e02cb5162222a,dfaea2086171496a31f41b2cdee47672,645
5b49d104fecf341e,76b40920da1b62870b4085f7827a65a1,6250
d4e830d4a894e306,3ea3907d0e2d6fa9c2b6c4ac4fa5ad23,54888
d5e059eb1a217525,2716f02feebdd7d3ef1dc71c88ad5ace,1147
012c9f35172c436a,2f699976ddd158d854630d3abb33be46,3116
b0039429ab063361,f3b578252022802c7d9bf2084fe99f3f,2287
10a82e5b4b31c774,e615bc24a987b1664a38d130bc8f3993,13488
c205482fa94bf59e,7ff6417f05fb740b1edba3b4ec17045b,783
aaaed91f650abcd7,487c6e9f649251659baa399dfd1fa145,6909
551504869a100260,9b6374056e006e016fc2a403f49e7a53,703
3a01997db016097e,0c98034c82aff12cb5c787658b3ab019,954
f6c50d9f94a3f448,c24d9347a504545c2edcd5c4edd48e17,1377
830ed958c6e321f1,91c73428e11e20d0a9c585f59fb52a98,471
4ce6fff25d6a4af7,8e056622d963b79b1792d3cd0fe5d550,6681
5a6decd5b2d70f9c,3a316516c7359015daf0f51cadf621dd,2187
01d38d707071fb89,718afb70eb0b21d5081adba187e10912,2438
9211b0a78230a544,780eccab138b171d8851e6a66b5158a1,787
909a34c64bce85de,fdedf573b10256fcaaff972f695cfe29,2653
73e76a318a2cf5a1,7eff4fd14ea00e880f2f0f78c117a34d,6968
f2b1bc8270257225,da126d021a6cac7638c57327736507ee,5518
7a90d4a1cf201ec2,91c2be5ca4c4394043af5aeb514fc8ca,449
b7c64df6522bbf9f,ef3f7f66041647fc05efa0cb27a45314,7577
6022b79acb888eed,6d8aa17bedf41797d8832933265779af,10569
1920833ba7c3b695,2a15f0effcc54e087f51eb79f97be6c5,424
a6802290506f4733,4d5b94656323aaf32b25fbb37600bdac,2661
2135d9577e76ff1d,f65f354ecc21ed330b8e2c41d1af18b8,29942
e384855b0449e09a,c7c21a719e6773bfa2473a9684a801f2,6036
54b721a03b9061a8,74c8b0493e30ae2983540bfd882860b0,2545
28fcd1e71650771a,de93ad17c07fe24fdbd12f5ee860672a,719
e8997a26510b4d7f,63ce6ce25268ab81bb019f1b5f424d98,6877
0b895c80ebf5f457,56f42c9ca36101821e1eec80fbeec366,8251
af9a5dd7064669e2,9e9840db3383f530a26e24cb0a8c05d4,6859
3fdd3f9127cb4590,9864c00f1e67b721dc9b53887842b6e8,1649
1f3282e682cc4776,26ab9a6757eb211d0340920bf4a84902,1055
66d5bee62d34c81f,6bf3e4594adb110f2c0b606dcdb246a6,938
b510be947e1d1431,cb85bd692b058786b5aff0dc73f7da05,4235
d016421ca3dcdb2f,b5f64e22d9742811d05a88c118240893,1534
cb1b512021250a86,4f2e59583c1f0b24cc0216a2a9f433fd,74249
a79c76b42c739a55,70588805d93c764bb4b41dde6d031243,939
7e6fb1de974f0a57,23acd82bb254e8590247bc2ac04af616,700
98fc903623415a1b,1ddd390fc1a325adaf40d8b28ea5893c,1792
3da8e01855c2473f,5a0e89308d0d18da2677bc68dd365ad0,1378
bd0601ab344111e7,a2fb4f09c6964d97ccc1e42b60d025d5,13311
a4013aa4ddedd07f,42e0363ab5b26a21297952489087909d,6950
1f4bac1b429f2813,e997aa3d23c13868d90b4f67ecf8f62a,3653
0841792baec8cdc5,daa78d0b971d055b967a56a9f4e3d0f9,6628
33992598d01750cf,cbe8607217fd6b308f5e9cd7adf8fe84,1757
d639abcb4b06cdb1,038b09fb0fab8ca044e3d4824feddd2a,621
546582e99a76820b,c8abeffdfe10685207c821e4462567a3,3094
e5248fc054c112c5,1bd3f4eb8d3406080bc3236bf4244aa9,579
e1f77db5ca6ab3e7,4a3c1a9fd0931514c28f73b3d5eff0d3,6764
36df68229ba969b9,dff9b1c012557d5226cfe58f97b66142,7134
ceaa091ea4c00198,ca2ded67f7ca1b47c94beff951e8f946,5638
36526e12049d4638,9712de1b47adb066080aa637e5e896ae,1125
816d21bf2742ba3f,d45926c0766319ff1914a2c887c33289,960
1eb69925fa941311,9f39c78cb2113df9ad2f23f1de954c51,3726
3b2b08d19bc19d51,96eed54e58815fca3e23169099d39bf0,8001
de93e4e6fabf70c9,b13ab4f97324662472fb0ddb3820bc60,9332
5e0e0901675cc4f6,337ab795e4da04432d4a92fac1337c14,9130
6d3cff0910fb514e,385a7d9e2040fc80e62ca5721df17573,5895
19b63b00dd1f4cec,dddbf74457469261714f5d7f0e7ac1ae,500000
a39730bf556881e9,19e963ef10a6e3d9c15bc7b4e3d6c8a1,10704
c0bf6c793daf3bc3,1896a574293ae0d4b25b1d16d8fd4502,500000
d99097114e8b1fc0,257189940b853a04416582a56b5dd30d,6187
2233ec2b05198e6f,9c91d6cc0b19a5989552c249841d86f6,1748
d2d8e6e0616e0037,b8afd6ca93b4d1b9bc91c8f155d74155,1184
8c81f095d920ef45,320af329c4c6b9e0662346a971d078e7,5374
e0a2ab68705b4c5a,252bd86cff7b2c95aee14b566d6bc206,3273
3f36fd83b3f7ed51,b71379f00324a6e79cb2b53c62bc7df5,1292
60b0d24796366428,ef98eaa9ba38065af6372dbc61db1aba,8681
5262850b53c51e37,4b472eba590fd369e6b49058405264b1,2724
a6ea7d432dba4a93,b940802df44da7cae23f0644c711ce6e,744
ee57429879f0f4ef,3c545db8f8bec49b108ff09ed8c230ed,4488
2d948a3486725f4f,5293cebb028bc7725ea82e1f72a7d584,7553
9bfdf365342e7b5d,9a7374dd03517e2f99128026e25cf77f,11339
e224333c0eb60161,7ef97a9398b45ef950f386f61dad081e,500000
daa68c1feb6c6e86,d227d55b9ea3cd8cdf5de1a5ab451748,640
68f8974208aa04a1,b8fe2b9f7f160aeb58407f0e21a3b732,2136
b65b643ac277b47c,313a85bffe188c96e87762a3d2be7459,654
9ba2d52ecb277019,1d2ece107f4c86f4e5c0693fbd29551f,533
f99d44f874ee1708,5faf4bb7d64a32dab1f06a1727782132,4649
65d793faa36e99d0,887d38697c161145ebda3c6b2987dc60,5120
8f21f81d9005e0d1,933dbe3f31a63f7bcc0b16e09448dc7c,738
933861694fa8273d,0a038ad4db622ee7f9801da42bbb9735,935
680d2f5aa05e12f6,05e1a7849cb3fb6dab38c2086969a3b9,7113
f251a351d672f8df,c676a3bd917e70de2e7f9d379c19d21e,3601
04a7ab1d34256b7b,225a731830ffe243383f3dbe1e5c24aa,822
4c8d4bcded973ae1,dcc8d106153e176b8e3e8f830f56ea24,5983
c9935edb5d8192fa,ab030348f876803275d5b73d2f15f5f3,4156
9d416a76b5c695b1,9173b8d12a2baeb8bb9a53c8ed258886,2149
2d30dfe48061293a,3d6338db3bf831f8e5b8e262ac74eaab,8313
a28f6147c55e8fca,df66bccd65f625ed56b22de8e79d1e45,3083
096cef79a9a06f36,d08e5e51f59920edf70b1ce817041780,2324
6d7dcd46e48f5ed3,82d0bb372f898942bb3340577a3586df,2725
f492d4c9349c37e7,c779d649013cd3a42159bfd5d35b5279,5666
aa733acc9e1c4f3b,becc599af6671d282414584504c82c87,1818
1a95323cc7cb05cc,d9cbd0db31395ecc9562b8948d7d6165,758
93b23ebf87a3438b,b2de4612f089ecaf5d3a6867d2a119e7,497
97da009b45192ae3,d4c22d626d9e79a66aae0406b897f44e,793
a2da738bbe37ea76,ab6989e780afaa04afd026f4c772adea,908
5a455d2d3c12f5a7,18606722c50471540a425408c98f4a2d,720
ab3c2a553b10684f,5d38b2037d0dacb541e969d07a638147,6673
a95b84e6dc579025,42c7641d72ff0ae40f2c8d8385ace091,4248
12251253f606e7fb,f3ed5b6c5843256df4f45ec9e0527635,16883
0ce2e133d377e837,59436395d610c2b9569470807c1240f9,573
78ec0492a609f63e,a7cb1002c6d96d6451fac5694b013b23,6627
7a091b6fea7f7aaa,2b3d9694f919aba684b1120b67e54256,8358
f6cdd30c35110150,f6c0d23c4ee9b578d1edfd5ad04c159e,888
cf43e20cacd0c571,f582ba2beebe053480d106f2b3639100,3451
abea83c90792ad62,df4b9277dde2fd75e82fca2c40bc1054,5269
1dd6202a48cb152a,61ae5fd8d7f00c60f8ba2a7580ffaa78,7175
183071a672136669,e354d73d4d37f83ff0bdc096bbe47eb6,6193
a9b469f7b0b5b23b,3cea566b241bf2daac2e402d16627cee,6818
849fbc982224502a,22f61beb68b30af6fc120a41fe35b0e8,5505
ff132977f30d390a,93adb8354e85c2aaf532e8e8664c966c,6292
6f2b88b183f4bf5e,f0a1d3f1068437e772d78eacd78fb4b9,1483
c72718c6c0bd494d,1e39ef33abc692590bb427c077e7f27a,14173
013d445fabbf33c5,6e61b2a066395e57f38440f33762461e,5813
34a0311714dd9094,f408e3e82c81578ca076164426fe0647,4601
40cd3a15cb84c2f5,81c2ef084d18f27a00f89ad3b487488a,6765
9a5800c688609dfe,3d9accd7c7186e708b9edac2c733a391,1921
87b2e04b1c93750e,21d3204e1a56db48b6c4d891eea5d212,3194
f45a8d41d26767c5,03a075bc27aedcace7bbeb5fb5133a92,1896
adf82a261938c406,de9de9411464877f9e7ac7833d93d30b,2365
19746ffb43ee2e74,aee58bc8c20e098b24d397da4fa5a68e,4099
560575125397c108,4cff601dc3fa47d94cba022833563802,6171
dddfb531ef2d08a1,0777986daa499564a548cab7e6cc7c7f,719
ad9bc59a4baac84b,6c992bfc77aaa106654e7bcbbdffbf9a,2313
6fa2d5a2e528bfe8,99e75aedf557ca0c81785aad31b6d8f1,1174
42669dc3c34f4b5e,28045c4dd152701649501d922417b63c,7162
6365b7ba13295783,64403afeadb11e687942511b05f1319b,9706
2070740e3f1fd402,9b41ddd5334ad1c7da37a601282e4d2f,10491
71061c8ec9ffcf33,c8f015ac86d5637d8adfb0370525f3d7,1389
010b4dae35f07b84,6ba0649c5031c613cc290692e5ddd59f,2174
12fa9be877fc44ea,c0081bf4b69c80036c2ff252e75648b3,2189
fcd638728ea85077,2702c727adb6f6e670786b04165d1c2b,6354
88ab953c56952626,86fe418aeb32a2df4bbbaaa64d81a5f7,1034
281f76c9d22cb541,bd943ca59de84f8e988f38d6fceb2630,4092
78e4ed7cb55bd223,c30c608e08f0cfca52eb235fbe3a1395,709
53dcec50b1bd0de4,e05be1f7ae0d4ef1653d97160d228c23,589
3b17a11c389e93d9,6537a64e11c0eec6742646859b6c6c7e,10761
a42ab4ed32cdd12b,db1015fc68b536f6e77616a6f57d24d8,5971
44306f1194c77069,cbdc650473c0dce37d6576737469dc0c,7441
e1fa9fc9e2eefdd3,e4ed837285f2e79c18dfee8e75a8a2dc,1533
00b74769fa0e30ae,61f99903a8faea3f8f9c4703f24664f4,871
d765aa59691c6b64,0f479b520272b62850eeda59f2e8c023,713
5c23e0f199bf898f,026b72907b92d1dae28a2b5f849dc234,758
52af29e17873f403,46d216d5f589fe7867fe6c7476dd5f7a,1132
fdc83c57e9665493,b6ff73ce365e47d5bd49c7ad66fd12ae,493
c935a61b8ab127af,df00c72702e51f9b6d8a306f8dd67153,937
0b415937de06e8e6,d1fccc86f0316957c99a2d776c070817,31915
7069e60e6a9b9af9,f2df303c8453583260273ab7f1da5d57,8712
db76e2901de6adbb,f0ff7a67a2a1852b883df2710a13d347,1668
c7e356b3a42954c1,c4b03cd6694c0afb7fde0a29d3bd6970,1044
7a4779512567a6ed,d16c76e04c0df25fd8bf68dd2a0759ef,5339
bfdef64b8e3989a5,e08c8eb717ae1f7aac4d24441c557b50,1161
fea5ae0e9ec3b712,8ed4f80d54078626410f5eca66bdf367,1277
b298b6b00d55122b,3f4d896ce8c728da6b00ec355e91caa8,6962
5fd86c50bc34db23,03f3a2c6335653ecf5b3234ae6c27151,871
083743049a89a845,2d045edbc7e3c758c8839c55d8712bd7,4497
fb99fe17b4afbce3,1799d8edd0f3b30c54f233d6999b6900,4231
459b81a26ca9b0d3,40d6000635707c6409c705caab15979e,3262
942cb44d0eaadebc,db80cb0b1e543c5b6befe59ec9aa1372,6656
a2841447f047b5da,f213d2aecb2aa373302d5bde348db45e,3428
2653bd5daa9eec58,8de58e007765ef15b2fd1ddbbe74b64b,9860
ce286590d2452dfa,a3edf72fb5c63d10b47f988d50a3480a,1460
6035dd87d7625f4a,22a2ca394ded42b6950150fa3a0d47c4,3450
c4ba7bdfa08f6387,17c074745a6666620d6068c17ef5d1b7,1308
cf0881c6bdc12d8e,03fc522eace7537aaece6ab01ba5e743,5426
979e9a38aa010c4a,23592ce162ae5a862da1c9b4dcd47e65,7685
fb2e718f670de925,94d71a85c026836f04a092657e7971a5,1171
99471499bb340e27,d22031489faf6f68f7902d9bd3634414,1030
c5202796c54fa9e8,b23d9f668d5e295db2e03da2904bb6a4,6883
1cc2063c9a58c3a8,7d64613707516ac9ccba664fa42ad15e,669
b94af8ecab454636,b51d0347ec5840d2e6245aee443a79d6,700
5c161df72d2eafae,fc78697eb51505982caa3d63e88abd4e,36872
9030f79a3e87d853,64ff9f6e8cb6085b6a543645aa1cbbda,7154
ca97c8ae36338d46,dde3443c78a2e3715a23d04abae36c9f,5759
3a2f445852b4bd46,188e3b4770a48c0a6cbe7a445d65f38d,4163
42194b81fa5b68c3,95dbf4421f37a11381cd81ff999d3451,364434
9d1ba349b2927bbf,35f939db431244f4e912806cde13a9c9,5061
6bd4f42315b974fd,42d322de0255dfbfc7922f1fd5c7d56d,1092
05a669d70e7fe5e2,7835d02698404d85726c016b22a25293,1946
bbbaa176ba247c63,f5d76024ed50d55e5bc98323fc157a84,11138
ac943aaa8daf47eb,75416ba7945780cb70f632f7f8fc98a2,6995
47e191668981973b,ab39f13657afe19496413e8bb8b23596,7596
26288e6d4f482634,b6284d5cde8cfe2a7653d17c8d150956,15086
efa1c60c59d9187c,02e6cfbc029f9b4af995d6a5d112ebcd,12714
c9627f0b61796276,abaf6c8976d111e1be6dd14835606d02,8660
51cff7d4a1c65af5,0fc31905380e1f83a9d96d27fab2fe21,6895
613119d85c27e249,3bf0ac99c2fe04e95d7b2b88910c376b,3551
809d8387bd7b1956,b5f04b4f1bf6bdccbf52c5b746572ca5,11171
a050eaff4e1d16d2,ca6991c68ddd03cd1dcea45e04b6a161,13111
f25eda1ce7ed267e,07ad8354d0c0244e218dfec5abcae8d6,772
87b0199ac1363c96,d82fddd2d05734674999b42e2e46bb64,2185
2fa35ae92445d40a,9ec57faa699878779bade95875095d25,713
20e4b702453cb29b,4eab561378ea3d6674f0e2c94ed71930,8583
ef0c42982ca621f7,8a63ee19dc7ebaa66a1d927c90c28251,9312
31fdf5048ad62775,2ab318b65ef7b20e674d06ad058169b0,2495
1b9d3f7da46d547b,f1ce8e9f237c382aa03ac627db2d9053,1170
ff7187129d74bb5d,966c88ccf6c06a5e7c3a282a6860aa4e,5733
36ed5d1fee0a8e8e,1536e7d68b6f3d1816a6e40d6d5ef186,1192
ac1c973ae932ebe0,d76075dababb023117e75adc3b4c06f9,791
41babead39840a53,422470b7236145680825f67ac9846f20,938
0a69f2d826a55db0,4de7abc3c4d3245e52ec87f2441f6b3f,6425
6f712f30b23d37b0,d5dfdbf7adf995951f1472bda4b7d111,7487
4ea1bb0dd5ea0abe,3ab0c71f7f37738865237ec9e33a2b95,3170
584e171771f43c67,67c1aa3d9968d4a7783156c0cc01710b,8014
fdf6cf78348ac415,98b8b547d25695326c88eea757c2f673,7709
20a2c91ef60238b2,83146fd1ba2893cdcb3437d418b4671e,4456
4f75935598319057,7f7b61e3bda172ef4b83c696cc08ba11,6064
ab9f389050a4f520,0e407a8d1e3d5b40ababcf27537a8977,5369
ff7989470e7411e1,0ac75d7fe340855252c942c2579e7a8c,6914
ab09a26cddbff190,55a8a884b35399117f698d836227acbf,6810
3863102dc5fdb6dd,ca3475cbd733eea326d733c5d50a99d0,443
ec222753fd250a31,c6716773d59b7add86fa0c78ce0180e8,857
87cd62b7ff44cec1,df7b1d2ec59cf540e8cc36e85d0627bc,777
d0388029bad53c51,2501762aa464d8aafe39a9580f33a2f3,9031
12ef63dbb2f3179c,21d3204e1a56db48b6c4d891eea5d212,3194
ef789842ecc43887,88a7fc21c704f38ec40f5798d84da9ca,597
044030c45cd11006,df4cc2ab88a5fd05f187c7bb2f7e4220,5734
7a88621559671f62,332dcc1f8c209530eab27cf12b61b4f8,2054
9eff39d023dad518,98e83e2e16be6094162cbfa048528d21,3386
acf1c614e69906ae,343d745b1440a375c46d8a43fcf31e16,7307
d45a1d45494081ec,dde588fbeb6cd3bf2c82719684e735f0,7885
335ec5a3e85d50a2,b29c0ac530aacc82cde979072e302356,3180
4f353aa72910cb73,00f486dc96fdbe542ef5a6d0fd74ce5f,688
91b1877cf028df0c,38601d5463440005903be8259db6319b,681
177104ff652f1f3a,25205e142408081af4951d0feb479b91,751
7bdb1b291a2d9c76,c3d490532451510f62fb903ebd63aab2,1131
719b632b12fa1064,0c565e28e472cd07b726e863fc235968,733
6772e5348d8b7126,accc80e3ff2cb94530d74e2a9313527e,3795
2978b3caa8eff24e,7b180bb5beb04944420cd51ea2d1cf27,3038
5a6bbf13fb40f00b,df4b9277dde2fd75e82fca2c40bc1054,5269
9907ec237d8c24e7,03a220ef2eb979eeb5b0e34fbd1bad7f,5973
6745deed07fb29a6,f66ae77625f4f4062c87d8f19a62444c,1039
1f4d2e7ef4fd538e,0014eb21e12d3e4ffe8b8044e8f0086e,730
59cf317584cbd967,6bc101e6d817224c7590983bc654b781,1370
72fb6d86264b8ac8,a40544e415d559db9c0d6d4cb5c138dd,1437
890f5b6d58288ee7,3af3b91697a91b4f898bc0a4a9e55ca7,7717
b3d51dee1457df14,21d3204e1a56db48b6c4d891eea5d212,3194
5037bb77c17085d1,1a3cd2213c893f5cba397fa0c2e6b49c,2888
d53bd132aea363ff,6f8a323e892ba4ac6d61616a7853618c,777
9d741d92650238dc,71d93504516433def98d1d3c43c2ac49,3402
6ce21c9f2ebb84b1,32e2f831f2513cb877e3811b84a95768,1381
e57950fdc9ac125a,128d61da1e2a0371a93a449b71ec5bb7,1196
81b5a7dce480c84d,5cd30d2d52e586a8efabd84e8110341e,7483
5cbe4be527de13b9,c2c702cd0461c3d52d5ca4f8cf7fa57b,3491
603a4c99f4cdc0c9,c31e3060d1fc5937645d6241c51a0efc,1788
c4425b9de557aea1,9ec40d4b02263791d4883fa63a4b7462,2280
0c85afaaf2216312,ede4a3706da211624000c913ec765958,4130
2cbc5b5f09fc71a3,0274e6587d2c4e047e19ea96ff257c78,4712
6e8e21d59c2178bc,eaae43fbf72900ff8679deb4d625c146,2354
2a709e44c2bc0d84,d0c0b510e95f7b7542ca5c4f90ed8beb,5478
a79f20f68b4ebd9f,173081545cf6178b3a85baefb279ed34,2976
fd9aa5c173b2ed48,a94d4831fddddbf84cd97f7416376a32,714
e4e76a30a3b935a1,d26b9624e85f00506bd316bafadcfeff,2554
855349f1819678b6,5c4209532f5c2b36351bb28bd8ba9d93,13649
c844590870780eb8,c21d1232dfaa16ac78f17e97a0e64f11,761
dd049586a6d3312b,7287f1895c3a65bf62a33e98ef55e945,1972
189c09c3df7ba2b3,fe6505549e055b97c7559282b90135ad,7656
2454b48e6a5e9db4,71336ed747239a0ccd4d81525a4b8dcb,1493
4c166a004b6cc63d,08eed8dfb58c9b985c1f4fd1456bbe63,1016
d53a5426ba0a94ca,8e4c31d9ae0f8a9affc9f9822c170c67,4251
a2612082a6b1f047,cb67e1a39cda3008b9282ef7e303faf6,12908
99ebfe6abe7ea6fb,52bc36c4f9cd365662f4dcc8ff257470,5101
f721a6828b4cbb8d,897b14c9cb4a7433a241603d4170d2b4,4702
9f7497ff06872f22,2344e905eb3f87ee6f55058b01c1dcee,10117
8caa56d1e689e101,bcf91b9d5d376df0c24938743423ee3e,6072
74bb96efce83871c,2cb231b77d21883c80e5b95de8660a26,7566
fd38c6ca87ab5872,89f96b58bfb202cee04afc45b1c9473a,43433
36e218de0dc82b81,9c5483685ade30faa8b864347d5e1b7c,8155
d5d882541ab53384,4b0a170e939cebc2817f3c29c06412b5,769
cce08224b434d11c,7b2f83184deca528892050489a4fe639,3705
343750b260821a87,84ee3ee432c1051e8becab7dd66d3c6b,2626
ef387599422f7a10,94fa9c41fcf039345d563e1d9c32b68f,7402
f64b30c711c739cb,05b1f411be202f2b1ec6cb54ad0dca61,7243
481c442502fe3356,02b35bd90cb149f08db23a967e9886b2,976
b3f855715f175a0a,4a22cc9ff74a5358f109a926bd7cb529,1232
4b33602704dd28c3,c5771ac0a64d2c880be562c3e7971723,1835
79a1ba9ef550c4e5,5e8a763f7e06a81486d145d2e3e39926,7714
de43f488662ccd7d,3b9552f6e25189b5d5e90e2ac2da142f,445
4b66b3966bd9e57f,3d96db8f2dc632d3715117ac15d2d41d,8450
bc4664435be63fd6,b3a8e44bb3bca47d659493d5c3eac133,4805
2e2b0afb37d048b1,7b5c4d83f16966a55e033a3703a4b009,1231
d3d2a122877b6b4f,711add4ec881b61d5682beaffe6a1a02,5898
2616ec33810c2972,ed88bfe6b7c8a340becddd9a71202894,1490
e95852afefe79214,b4ef712069ec8c10b0292434f232d907,431
0d408bf8bf5f807a,698b0c78d0fd1c52b1dade9f75198917,706
a91efe7a012babe3,bf2bc8e3356f9d76affa8772a709d7f2,581
3bb1283bc8a87ea9,d7b59f772e10ac0ad7e60d0d317f46ab,919
2e4f90b5935b9ee4,d013abba4db70777cc35f1d3643f880c,1391
0f1aa800da0cb59e,f6682299901b84cfe4f08be4defded26,953
69990b4f76cc00e6,649b88f766309e2bf7d857b818f3859a,28703
8198a2336ad7f424,21d3204e1a56db48b6c4d891eea5d212,3194
899e1488d77f8d73,86aeae6ff4f1312ae89ac1ba1800a1c8,8166
2e944f0ea01cf2e4,d2b855bc353a146f2d4d12f58f9bd30c,8736
6f9e7f0f485e19cf,4697b6a951b673b6e00410c9eb2948e2,12976
a541d83a4b1539f2,95e99ae12534929efaf492b49fd7d281,1827
9ade98e417d879c7,fef7111ab16c46e63dc2f856b8d78085,1636
78a276bce06688f4,331b540439ea0b91253833bfe5e2ee99,7137
6a5b744dcc21be40,966caa9577ffb113e497a06560bec09e,642
965da64839f00ceb,29c290b6c955af3dbf41af09b9b443ab,914
2baf5ffa154d5f77,06a4e9145a13b45a5cc977617901d046,5475
7dbbf59e49feb7f5,8f033d3658a9500d51b996c8b4444cda,759
2310ce614c180853,354dd47afcf5ce930d08877a9fce2eb3,6161
f24ce4a476163186,f941a30613e0b89e446a247f869770a2,6435
e05d1922a3467f14,b33667e6b75950a3945d286abe8750bb,6563
f62deba763efbbc9,6016c968f24b63bcc54c1b12a2666694,11060
2880271c1b2e6a6c,ea99250af08a4a719f5e936ccfb71416,2334
4cb1c1cff56c9d74,981b1169a6259eed2628f0fb9cf1578d,22495
c72fee62a153f89e,20c76f748e43f953be6896e893da171b,3119
17a2536d99e4dcdb,0063a5a7bde8d419022862fd01ee606e,2118
7b8dcfd3e9353672,7c7f19aed0e6e44dbfc500fffd3ede1d,5326
d68ee66db59d3ab7,97c7b0dfb119485748eca1e912571353,639
24896b50b16b707b,a5f80f2bb9aab0e7f85ba41f11dabf4f,846
b6d832881edc379e,cd3b0fb694e42f98fa6a17357635be31,4860
7e9e32e4c10a8c5c,e9db9a09ccb98f010d565be816415b26,3273
7b53917099e9b777,010ca6904ea830c7cc58d961de9a4b25,825
9f550d3f552d95f8,bebc808a3934130a6d9851a21cae7bdd,4906
bf695bb0bae23224,75ff26580ceb9e6c1bdb40342469255a,10477
5778381ae219514f,15ec7acb73eef8c60c9499ac762ce299,4951
6a48260b74168194,244a6561090ec7ea32aac317e456a8d8,3436
d705556c189c783d,620057aa8698fcd514b920f2a8f5a25f,670
c15ebfa0e99e1af0,af6188e59dccbd9af9ae10923de2896d,6497
b51838e5c7fefd15,b3adcab3d767b2f2df6e2f8ddcad3596,6721
8df654d64e7478ca,f235804b2e0103f47ea9a71eca15867c,7137
b257b66c8f603651,251dbc086b44627c29f0c6631b192649,3086
38d16ca4ea433436,8450a5836d590760a7be8b3a760dc7da,500000
c99a1a6c38408b20,e79f1475f5e96226d6011722b7251421,2519
a8f99bff58b4396c,bb0d2d12fc4530c4ed9f019d25c2059c,879
94e8a3f1560e06a7,8ea259124dd7c1d0504c054d8dcf3fc2,1272
2f86b70516950afa,0269c943033d2cdc544032d5f5bf7165,4520
b748237bc0fadb05,3ae8c1f3897596ca313818d5ffcfc16a,379
95381f9ff989b584,18c56d4a488ef04a560a51b5352c48d1,6710
1795de66a5454791,6c5b5f28ff7442c50e91af0a9182ae30,2680
5107f053f54f02e8,b63c050046d53e41c09e5ce572782486,9121
c0fad93381dc5a31,d72f296812d28b390500846714d8f96d,10048
a783f7fcc0808004,c8d4a6f7c713cbde471e48312b937a33,2253
5e1a3d851a52342b,238fa6269b671188e2ba00d3a12773f2,7652
ea93c29111274e82,d38bfe26cfd5443e9aa5855e6c6353a9,5317
eb761a6d4495bb8f,d67e58bdfc644fc47e8b4dad226a1a51,5209
feba2287c0995579,83400cc21fd22bc824ca11b08f75a80b,7453
a336e46450bc6558,deb6d3b7d92065e9d90c1ebb6fec3f19,8039
8927901ea5f637a1,bbbde849cc1479d653f163cd614e8d06,832
79717bbd167122ff,f038111c659e1c2a373080425ff9a6f2,474
7a683f2dd21801eb,91795aa24046f1e2aba4460403f47110,2792
e0af6608a16f26df,330f0de3c43d41667c748e9e47b09f72,8198
83bb2933f888e74e,2ca7652e238a2708f15c0bee2fe799a8,2698
8f70d67632ff839c,102bb3dad116c4470a7a8d7dde0e174a,625
aa0f71091589b6c0,2c068d9c9c6cdd194a07821390b911ef,2160
ad19469c42fd907c,cdd52239b29792103176d9af29361fe4,1643
60dd9bbafbd3654c,8d4f903f313111e11091cd31f70b1b6d,2282
598cad17ec46df5e,2cfe03cf6e2a95facdae6c5a75f13cfe,2000
0fc886129cbec0c8,55845c9199db872ba7de148b2cb98b5c,425
f25ddbb31d872d6a,0a28a75ff5efb2a522792151b3400a0c,10190
a2ed3f9ab16c6226,451a92029ebf2aefd0805cdb1d7eae47,5111
0181755b7fd045c6,9d63b5e8bfa9df29a7433b2fd2795152,4883
e89c8f92bcc85a42,ea467ccee804e50ceb4a3e8b2dc8c72d,8483
cf7e4d5ab0f0352c,b9e6f1e36c752c718de20a9e9429973b,5941
03ff3241732a8171,12aad084b3c636a1effea337359d6e9e,8279
f00655f53e64af2a,d24bbe85543c73f9dcbd78b34c52bd14,5037
7d353def8b754d4e,7f9b7947bb7285a0869887696b45bdf5,625
2101164bdf935e03,21d3204e1a56db48b6c4d891eea5d212,3194
bc78df86877d7cc3,5163dfb9558a9ce00ca68c91d9826de0,968
5a8f72351b4c180d,1088db5589d44ddc2d4ddd1cd0e70cc9,6528
58c47f90eafc0db9,24bd6e61144f9ee47ae27ce0fb522db6,5872
5c29797fd5fa8639,2fd7d7ea57d113ae39745069599d7134,853
68f85424d0e12368,e89d40f5fb8c52e311c97f727964052b,702
047f4cb1aa3b3803,797091d70b9c9ee54190f63e1fb8350d,3132
66272fcd2bea6940,cbf5a6570e4a01a110cfc9a53124134c,622
722c172891cf9710,30947ca56d8ceb10b2605a5c7b3b19b3,2582
ff559b6a7bc86635,b52ac7ef3370e862e4764de7b13f2b86,8687
d55fec7f25551520,e03c3327a9a0e7f5d94b07a47c31fb94,3035
29dff4671314b40b,cc88ba3cc41ccd93c8d46d426ecda544,6102
722f6fe8b8445c22,39e4c41d7031747924f25cdbbcf82680,3931
c6395a3769ae3895,21d3204e1a56db48b6c4d891eea5d212,3194
a012f8a01a459d65,a89ce2f4f33250c29159d5043683982e,17728
132bffdce787408f,c4f7ef2d3531ed0050fa45d7f05047f4,8343
8b4c24f39413650d,e3a4dce1c430d79452527468f7cc8439,834
f248cc236684be97,6b07e407f12c0d4fa8013910bd40a385,6342
76767f561d152e38,02a222b24e3c74ee15c49a3e865b2cb5,5325
4670ed0a82bdcdd1,fa8caf0f33590857e282ebe8f0062741,455
8ddae6b78451eaa3,e9e1439081edbfd87decc68e87139773,14589
fb3ad552c889f70d,8cfa7c98044d86456cded97c1aae52be,7753
071e611421c40fc3,666bedf09413233fa6868bce1292d563,17856
1e0bad10be053b27,b4177045eea55eb691b09c164736d42b,23937
de7fe825c3d1bf00,5c71d24ac6c4dac99aaf49593beb2f14,3157
e298db1c24057137,0dafb99d259352fa36c0e95eb8098d0d,7054
49762b9ddc86c68f,a2452d8c5830679a1039a803e13740da,8142
da9576e390469e83,ac52580db56e1185032d979492628664,5471
eb5211f21a1615c0,91b50f5f092ecb7f9ed53a6068f5e7e5,1298
d4e847acce11b91f,56b6d28d0c45ab54d51dd2968cec2947,1625
30cdc7407bc9065a,7198afa1fd5196de2913ad0b3c03de62,5909
98591977479cc238,31eee44040157b48d9f5eae42d706db4,1562
a1905697703c11f3,0f960c60cf4643ddef9d0bd994e9e023,1366
246bcc3dec7e43fc,ede30cb4c260b39e04596f70ffce7e4c,15593
8e9389a6c79039e8,809020652cac7fc022ab110d6ab87a22,10269
3e99b946fb9b47f1,f95bf3d7ee0f88f768639d0143cf62ca,4604
3c9e5b987aeb0391,e9c38429261f4e2603f02e4bd5c0580b,823
57b747b0b5830778,5b0a54dc8403920347b26535b65060c1,461
e9f67befc3ca1cf5,43f82c1e67d447a93252916e09c21983,17182
c3062d2111e092d2,8db9fe17cc3b31dd8990714f2bccd55e,7420
6b4ec2c66d6b0771,e7149ab4f3d7b2edb0db3668f873d1a1,3846
027fb73367a577df,a4c41e2611e09bb4af54846d66af0870,5309
6eaf2e345b09e21c,db858dc97344d14268f6f395053c4e01,7235
ce7ee500533bd405,af5938c082840a5d0ca7637227fe3a8b,2107
ea0e9ff5be801e68,d028af7bed19c3b6e04b6e99b0d10663,1337
e6e1bd7e8a94b364,08e0d39f41b87b1a17bfddfc41822744,4831
10a5a77fcfc4b277,ddc007155c9f28b0039d06699cc2c34a,2106
f2ecca7700c3f0a4,ff34116092b652117b0c4e863015a600,767
e08d1d1a8c1b8967,2d66194930b5c58ddead2949b36818e5,884
caf257a25c26600a,97d09c987da68c22ef35982f719077d5,3575
235de975f0060fe9,4d983345f5e935241f614e78b9bada92,7507
3068623e5f70225c,057848d99a2579aac21616b075fffabb,5578
f0b6ff26ca5e1aa6,2246c961acc9504661616774574acf25,582
a58aec205ccf5e36,5ebffa5dc21dd52c91e5a3730a730ffc,18189
565bab1200760198,36d679d3ef386a1ea29344e97d28a623,2182
34e4181bfb4b5174,d48bd7f4dd2e49243a7cd4b1c902c14d,5358
7bcf8746970066e9,5e135aaa699e2f186f3ed4b3e7dca1a0,1185
b442211c096e41e1,f72fe0faaa85fbea2d92ad0fcd882349,675
0904dcca3cc1d35c,5b66e6d90ea3183174742452e2bdd3a9,8352
13a6a993e83d8b7b,74bb5060ad38a2e66c94362af4624aac,1730
c2ff4ed59ea94555,7754cc8198c34d7f04f7a372f550217f,5435
6e6a23b8cf327afe,feca4de0f2d263486112bd87559a9bb6,7967
afb283c8c101552f,42a5baf920d4f3e75b86e7a430560138,8877
4546a659f4d1913a,e5910986a095cb6d8842a7649fa7b2a6,3576
be3715f3fa18fed5,40e05e9561b0b2fb8cde303f54887a0a,3528
a0c08859879d4ab4,1a8d8cb60b82c21947d5f603f152e494,8036
c6e5b833fbac8af3,39ec5f7536a361438627d9d6a2a9aa88,4197
15205927b364e576,48ba9debec023a77e16e305fde0e5a7b,20996
2780a40490a45bbd,4436db807936935c015d62ced3f1ba8f,1575
1dc2aad39a2f3d35,f9548335626e71c0e01c8e1a07a26001,2063
4e397cc71247c2b7,7aa389905252d767407a75825831c2ba,7789
d02d5853f3efb291,dcbac82f7d734ed9304a174a60814d46,13505
c66159ef09e1c5ba,b72b64636d3cc9d1effcdaa272a345fe,832
31e5a4c8e18ccf55,810374073257f072e79c6e5f0e00ac53,4938
eea094fe16400a0f,a046f1f4dec5c57992ddcf3532304095,1360
250121d74154e723,3cb8c1a314ba63546e37b1d26ef5f8d4,846
4b1746df81dd816e,0fa9fb236fff812b5c709507e77a706e,1185
a42108bd01f899d4,a4cda675b4ac3b287e7964c46a2ec391,1106
833a8b4639536189,14d1828297b9f51c3f9d6099fcdefe51,33754
89d14f7f21a498ff,e1142b6a286b88b2721a7eefb97ebb2b,1404
c7e50e9c07658991,4d6f092863564ea1d6d0ceb424b9abf3,11890
cb283fcc0b727646,f2d822698ac814e0195ce3a2f2d7c93d,854
4a0ae53fa6326629,0a9ffc871083ed4fd7877e33e4156062,6916
0d7075cd0aebcd79,53647775e1cf97c8a9a4d6ee605d652b,890
f37b687f4fce77cc,bf896b23e12ac25b6b8bdafa4347d574,2533
e5f2a73017e4a530,c452dfea9c1f25e64d3e38a45426e378,3570
d50ca5fabd1da9b9,2ceebd39492f4de6bb5b59f6b2056fea,22806
6f5e33f24cc0f448,3000737f9867b498877dbf73e62069b9,881
c353d5a3b5a59b28,ca476f632223cc8c9cc8c495b3f21e68,3535
de1aa5c0ddba8eb6,accd1789d9c9a71352fcfa0a41f2e459,6025
10b546a988e47ad2,ca810ac90d94aa03bfbeccc9fd15ba74,5196
74bb20bf540662f0,f1493a3cd01bc3ded2ac53d47c6a4946,686
882b60b86e5decd5,443a021537341703af20c2f539ecb70b,2380
fb3a8400816ea2e9,8c0801331b4519afd4b0769812b2d8b6,1243
ed704aadcb2bf49f,df4b9277dde2fd75e82fca2c40bc1054,5269
b17047312898483b,c0d5f735c3e2e1d7e44a53943d9f47e5,11941
00db453f510cb848,eaa499b2ce690623ab3e0f0c7e843082,7687
d02b4440023a15cf,2550fce8b8bcaef8c88e146c8eb1c7cc,1167
fbf88b2b70c02489,852d7e43101591de03c08a8b04a71f9f,6125
48d2261f49a4af33,fe9c5f7a29b5f057bb0cf01f667e643b,504
efe4f64cf6c730e4,c2150a206d4c2d79728218ed069b2580,8331
ad90cee347521d01,89850454e3619de6fdf1324dbfec0834,2203
8709ba394997c47b,273e9634ed95a1af5126f43b4ab7d883,923
95b0ab510bda7937,8353c538eec802968b0c42b4c017b9a5,544
592f2831fa95bdfb,cc5e9d0c08a0975a4a048e8e9ce97a42,6352
9b6ef8ec46caa25e,c1714f8afd182708582cdbc44cc4d63d,979
1d0cab7f6d629d07,702ca1bdc040d3e50264ed71a7874e8d,915
9d675e3e7d43a359,4cf0b2eb9a40317d6391b41595972f6c,6930
2960e048d1f5fd5a,eb3d98f81414745c38d84d432a8f122f,5299
90bee9815565353c,a05b3022bb543c963bc248b48db2c02c,1141
d6316d20795a930f,bc17ca816ccc6ddfa6f9c6c9a3d0a424,2010
5cfd5e9a2150e6c3,84c63dfab24080ff767e8f2dc29252e0,1739
49ff55caece9a001,8da21690e68c42e82053dd3f01fad60d,1083
922ad919b94d2717,c03def59876d5966775c999fd245de1a,3927
4746c5ad4a6a74fc,d83d22da38534a10b1c5648c2f0e9d33,3853
6f4a85c469eac35b,0328c09c083f121a57881ddbccc82d05,1731
b1b114667b41efe2,22b5a42b68a9bb4c12078c96925d9bd9,1293
022703af896c285d,05da57998445f07b1f19726bbb478a64,910
a768d699975bca00,f1ef05313b6c8b53e8ac3e849fca7a6a,3046
2f890ce9852bf175,e5acbda77bef38d3595b878e85df00b9,4909
82e8f896055e6a70,e65385e3c1626301bdc2979df1900ef3,822
f1d64be74b4535d1,e49c87bb74a0ef43425bd0fb7da41a05,7789
54d1756c688774a9,68764e11ef21e7d6297a8de545aa91a5,362887
30622173a3a5f0ee,bedba4793f1272ec5b2cafb22fdf3522,1176
3335af5d901b4092,a01f642fd307164e46de28c7f368602c,2198
539df613cffe3277,c25574ba22cae9e44b0c12f289ab7324,4834
39ff22fa4189d258,87cd9b1db155791c379f8f9b24c0bb63,4159
bf1cdd0e6f452290,2077684db8fdfa3234f6469d3d4d831a,500000
a5a2110ff0133407,1e82f34a89d54a41d44aa074538d24d1,570
fd11a705957f6829,179fcec1478c80d796362d8525907646,2595
ef2c1259ccae0fcd,20f64709b73ffb1cfd581172a2f6f6e7,5678
09b7d9c6f6b43456,e438f487c09362b8bbd63d1fc692d5d3,7936
3f2f8d16a1a8c74f,9e0aee27336a242d1fe2f39359737636,7819
bb94dc6b29653c89,784914439ec536a5ca1924cfb567d850,6009
f24ae2eda2996fa8,42401c2dbe919f7803701e7a3cb94f90,2554
edaa3b7ee7f4d9c9,1baca121601c1bad3a7e43c4b1c91d49,1920
e608c07ccf6269f8,e05731af45158b26aafa952caaf290b0,4449
59b417afb7181549,47dd5feed8b315dfedb4d7ec8777f91d,10714
ae7615bc57f185a7,3d05a81d949829a8665a9f06276f8c64,6661
c23937073dbc026f,0500bd418a86eb2502be41e47aa961fe,7540
fa8219b41ea4d3ff,b15b6904725509e3fcc9b4771042a38a,802
419792cabe4f0311,c14f6db768a163a9b5ff0ec256884920,4218
fae2faf602893ad0,f3e464324060b9328f283051ccfebc3b,5894
cb2f44e42d123861,0dc03fce832e69500f35efe35e4e1ebe,5575
81c11f29d9e304df,8f0e271ddff5b719f75ad6658c750664,6242
010dd783d7a0e036,9c9ce1e72b71709961adb5abecaab070,2866
7987de88654be5df,f776d42bae6a55aa6207a4b2b4df437c,687
542b333f4c00f890,8addf473246bd1e2ed94383bebe1c42c,500000
2c931ed930e2ee46,24cab2626a0fc72efdb25f5d1c03d813,2932
a671a8e8c90967db,ee1c7b7d9c19414f45328a38f66250ec,2450
6933785f349fe23a,d3134e73d490d87c2e05cc1b0303fe1d,7906
f1a595e4513d7d93,37db8680a314b73ff4acf514ec0fc0bb,9198
a06f72d5caecf0b1,4a50009d7d691d6b36dbbc2d4cb0ed4a,4711
d12b626ff70be961,5197320575bbe25fee4afa7292f13dc8,1077
1e84b97141aabfc4,6a06cd821de5e6e20771639893ce67d1,868
5ba5a78ba9636c8e,f3c29034f8a81db7e777277450fb73c0,5390
d8b41ee08419f165,5ea6e9214f26dc490997c326d2808231,7711
8edc169c91f90c71,e4507e942db4077021f4c0520f36e469,6216
0cd6e5c79364121c,745c9df5d9d35edd7ed05e92ca8d3aca,821
9ad0f31a50f8ff98,9ba92605eb2ad8093b974e04c473ed55,5181
8caccb7f334c7a68,90ad8741c9680c71ca2b9c7bfa64c0e0,6311
c28e5501dd5d95dd,7a0b59a897061ca842b5f927b25e2baa,4428
27ed4b09d3f63193,c0c743f598db6bae74ce0e4a23b91727,5012
e4529fe00428c205,40b1bc2ba472ec7f3fbb3ed321e06039,807
93f94d13b7ee3856,be21b284255a23f3640d44ed9e63458f,7924
991528004e86fa97,7b52dbd7295355206edb231154b13c17,5570
de8ef2f7a9dc3050,02070bfbc3f9679679380e94f03383a0,3439
dc43dac268e7812a,3156a7c656b72eb0130494f186c0ff85,5833
d73a658d2c1a4d8b,2155e573a47ac58b8cc2b344c59a7cd8,8630
e0bec44d3f6ba75c,53a0873d0be694cb189c7b55cfd2339c,847
eb575a90984b2dce,9596da0aff0cc21a848f795bac2d7b8d,860
d000624433df5831,44faa0e83eee1d01b5c25c8c230a2a0b,8335
9f9cbcf0f2c99a33,6fd7b3b1d8c2d8a52bae47a29a3c8666,3223
a40cd0609eb0c933,94d2f4134b8dcb4cdffb81007a495de9,9974
357e731dccb5ef23,edb9734d0570dbc2ed1283eda28e0a25,2186
00fc21406f03234f,6770da4ff552fdc4f206bb14d586a788,736
133df1c48559bad9,de7351f7261b70f896c490f094aa113a,5900
5919252b5da021b8,36cb579bfe74f5ec77ebc48146174d41,16440
24b286710f58b645,d608bb5b5ab67147d2b06e338806c850,12870
767d4dd5970dd7ac,10adb78abd651f6e73c1edf2bc892a18,2156
f1d5d20385e0f611,df355ae1acb130457b0832f521beac0a,3885
44621cc6950971cd,ad905f34a66316b704c4de52858b608f,895
62e016b2296377e9,21d3204e1a56db48b6c4d891eea5d212,3194
9489a923bff5fb2c,f675a1dee1c3ba222db0c31311041dd4,5645
ef26d52291f18760,f15c47b64ed67962af635d39e868a3ba,410019
93ba4f9a5e1b148a,21d3204e1a56db48b6c4d891eea5d212,3194
8db9041eeb9c5b2a,e502c549a099d27fc34dca3e6dd15ad9,8553
36a0a9ad82f0170b,7633a4118d95a4af5319bb8897fec0d4,915
188a23a6b281de0f,d728c1c6ee621bf97b539a8eac2a2ce5,5468
ce9287af4a23b143,ea852c746af5b015a15dfdd8034289a1,8220
2ebb4c308486ea88,01324db66ed18d64089adfd11917e1cd,6020
22e1f2c0d131a478,3110f36bddbf63d4ae3977ab1d092e64,2852
081b515cc4330857,0067d79a77cb2fd78c25e22fdd7a54fc,1103
4bd2ed1e6b2a1827,2270e10d0e2cb9d42414280eb01fe8cd,2402
a585533227b19c56,bb2ada90ed71376b059cb0e77ea83fcc,529
77ad028ba1b8719c,3d998f57452f121770f9ae3c1f02d35b,5419
1ff743c73b53b9ed,8d6515784f0192c3ee49de911d6ef1e8,1227
f274f84903c70b88,e8209509e98e31cadc01ddd5b1a62abd,3903
db9a0cf1b7e71df3,6f9f81e64dcf60a0b4d8e9de3a142b81,12118
bbdcd51c32302ea8,a5de9d917364a2326b73a1b7c0dbf09b,7727
fac11e49667cb6c9,c7e6b2bfd95b5526d835bf44b5707a21,4238
92fd73ac4869bdfa,327b55b3368d33da065663329e63f630,2332
d84294e8cb5b4ff3,4f51383f02dc33e997b9f8181a015c91,6677
aa8b7a0b6b44824f,421e557a22ca57f7240a18d092453525,2171
bcef2eeacd559109,335737b8a88d6126d8f6f8d8161e075d,5401
e0fe007718b26016,39fe354d5206923691f983f5ab0753d2,1767
d8278434b5a1066a,8fead0c0a16c7761bf30f2bce3c74fdf,1894
c697559da917886c,932e81e9465cf24a896bf75441f9fe9a,793
f54b55ffd2b1f5d3,f1c9c28b9ff0f0d96b4a67ffed2d99bd,1689
38b3a2e5e9f99dce,437ea6fb29109b843afd959edfc4145d,7950
72ef7f9277da0c52,905fd708206774ab70ddac4d0350367a,13943
369fac1f2023af05,37a20bcabee9df03e7e156ae7d6cbd5c,445
c50c17fbd7edb2b1,1045dfc0853e31adfaced11ce70327c1,2002
53b4a3e8586bbdde,e33c6ba50d5a19e3139f8111c3de0429,4147
2d7beed1fd3cb244,675442b381d35ebf33a2d7b96e27233e,5313
47f1fcb88d38f90d,df9b55dcd67c189866e831956cee4fc7,5264
2aaf5f7b681851e0,4bbe3bb506b928362ebbf1a7fa1f0fbd,8983
08bfef50f7e241ba,7fa668a361aa2962c0f277e14953c0b5,3760
3e95841a0aea2142,6e8c09962b515a1e084546f15075afde,7041
0277a9a33d2e3055,dab539174e88405ad7950d84645b4fcf,1876
b3a4ff83547ba216,f4b4c4b3f7751f83b95c9f2d0723292b,5828
2000397da0d10ca7,1b2222b8b0300636daa16377e27cb86c,33180
0f7325e6c53f194b,a1582cf11cc1ca80213724e5fe1232f3,4120
108ef9776b696098,109c6c106c1785fe523fde0bf671e92d,1461
8a21de2d7a041043,26c3372555dd5188d934ee13bad3febc,6209
1045f117ac2c08d2,71009ddd1ed5a565f2f71029c255724e,4173
05a5972849b31322,e4aac32226505939a7ea7154657b925b,1487
24e50636c7d9b4a2,576a786e63021e0a53e9221d824c89b0,882
76521745ab8a9c2a,dbacef104e8cf687ab9ffd8ed67a70e5,5589
615be067211cf17d,f3990824d7da8ecd4cc5bd0cc25d7673,4323
e625e6d73153f52d,e0c67cac408e5b7ceb4209dbfe0b0a10,3774
f7e2432e92a6cbcc,c97b0f9a39a9755d91f6643707b5f7af,2368
567acce5c9c2e533,229d9be744957c250a8167e36dbbf7f1,1199
79671ad52e64f405,1598a5aaa46129c189ad01d8ae407a8f,6216
633b0b4446e9a336,9471953f2c8be6d998c27616f58bb5b8,2697
bd2a45cb36ba9f0c,e8f4c1e99b64a8238d2f4f1f125e2f49,6034
f81ad9a7c3fee27f,9623bff1af31343c8d5862abb1f0267c,5431
070268ff2257936f,84526c6db16b34997ca01b8d244ab863,6825
8b23ed3f93f54bf6,7cc08fc6a1b8b549b898624e249799ee,5310
03d9fb7e3336294e,5ce8d9f31e212d9a3ce86fcb0f7b8f22,5453
71c2d2ccd5d1035c,2bf3762e8ed1e3967789781c36ace9ad,6936
727b5b0ab66af644,bfacf4ef1c148170d9a044715cb30d4d,832
a272194fa0e75880,2683557b010eb354e5e8143f0ccf23e6,7858
0699cca691147f32,78951950695e7e70feeb5bb4a2c3aaea,8376
d3f5378685a3efdb,cc4c3f44f341f7939b7bb09e51452f27,844
40895b16e699ac56,a5732d9aa74d1c262b414735cadd5f71,4592
51a80160388a414f,9c5312d9bd117b209ff800f7717fbbb0,11066
0412265dc470ba4e,57047c9a84443e317d21a1cb98913dd1,747
d61ec90251c9ea7d,cc000367834ce7fc72a6666fb2eb07fa,6254
7176aaaf9d38fa11,060442bdba2a6f17b7c1afbad50f0b27,864
e5f5c2054a75c087,da8f21c22a9b8372e082f60913ee6b7b,5977
b981b76feb157052,0ab90052dd8c111c8e6c833e8924c89d,1777
918add7a95bff884,f6988dd62bcb0bd3f5e0a0f1e71341e2,5506
eb4db7aff535bb18,062fcf090e53137d21b8e9d52088e844,9347
14166767fb049e48,434d32dd3f140e00af2c055c6687c4cf,1032
9a8cee7af7d6e95f,a56af20fbe99778803889f6da45e5b7d,3243
e8035df78b9a7ed1,731ce37ebb2d995ea7c9e18fad0ff9e7,987
b8ee5da8a1f6986c,25ebd4d4394a9fe61198a26c8fff9163,7484
6117c3f89634f453,021362b214e1c81e5168a33619b1d8c5,1738
8e46098c402091f8,de3b5fa5c3a1d844de43c72555681b5d,4083
eb82d26fecb0a572,7d4f33b9fe109f99f411f3410c9ee845,14058
5bd821cf2250af3e,a11314b6cad6887404c7641d3f3cd3dd,890
a41d8c5546cff70c,d6fed53b7560b5c639a6de2ce259a3e9,3779
400bc2205f39bef1,169f2f1d55ea5b6781a5bedbc56316e2,922
e30d1bce1abc9d74,7f08451b9a03adce31c27666353c2d71,3075
5487530b2ed58d47,7d9e827d50962a918f539f708423be58,6140
d15d7b3a573e7ffb,2f7c006ef9149239661c5e7b6d6f3ab4,1994
cad871cfb581452f,21d3204e1a56db48b6c4d891eea5d212,3194
ca4ddc88eec4aad5,345e58d62a7ad4813c77ea3c4cc296b5,4691
ec6987a4943b5062,a11612dcab04e9477958be0369666827,177613
18b9ae493b29cd68,0d622746efbad6d6a52de548b33a1ee1,2604
f9f1642a2244c6a1,d3c0d4a3eb52c632bb49093c81ee205e,5030
88198fde8620bb8e,cd616b632cb765dc10f80f77ff8d0905,3172
2bb1775fc351ef65,b6737d0f3ea2273895d44590b56e3090,7614
2bf22b416aa6e1ab,0d9ae47dd3e0d0fb357110672dc81d0b,3540
b31435cee4ac6db2,7d829a3823fa67811e51f7548dab08d0,1251
3af5c7b58b01879b,16669252005ab11d352961a47f0a16e3,1267
0244ac89d8cfd6c0,07472bcdab87ef27db6d03fddbe44b72,358
cfb5e51084690bbf,d6c92c85c4f9f36467418d753fc7ca74,2119
626dd50ac5df0a15,a51c6de37ee7f5168c866221540f58e7,10006
168d38a0eba7cf39,503b207175eba47e506e6bafa46b4e69,8880
7ec4a2098c831754,9024814fd6ed423d6e960691db1fd842,1822
308930d180aa0196,8cbf84789047097020ee3fd171022839,5203
a69711c388a726b3,dce69a613843c85f9a8c7d9710b11e04,6067
e671ad7aed497e46,e273f8b1b9cb4e8ff9a7ec7447d20b93,4848
13e00a016a3a0171,f5f9c98c67d5b6631d143ea908a4cec5,4721
233871352c3f3807,175599da27a00f93aef307ad59111950,1436
e5812798e4f28984,1180c3f24f12a49ce0bdf25573432783,31152
812aab0396180022,125ff7943f2264f6bf979ac00776b1b5,1366
ff39d55c8075b6c3,91009f5f481cbe420a6b897e37568800,6536
290953e08263c620,40a070dedabb026b57e2a621108198bb,4053
3f3d2d5da9794dc2,a79f3041dda3b38ddd20543294745426,5711
5e59d04409dc6240,3d9f49c76de3bad6d2cb23266902006b,2479
3e064f4ee57ca6ab,cf65604e5c01f2d789baedd302c067ec,1112
03695906a115a727,0f9a58c66c306ff6727ce46acd2ab39f,4269
aa087d278f0b177a,870584ba0bf5e64da5a07321bd53aa11,6044
08f35aef9f9fc1e5,4adbbea0661ac2575738bbd3f9e413b2,9806
3e3e8852427081b1,63e2c4d5895fb75ed7898f29f3c637e6,13103
27bda49674aa2758,3c6c0f963f0df811832788e89e75386a,3992
bead87f20b38480f,72121dc98895658c1e675ee6e3ddfb2f,500000
456525c74163c298,b829c6405756b00349870cf6ccf22c7b,1942
f35c0884064cc8c7,19fb3ee64c93d6a1dccb33dc1ae5d9e2,2315
d6991014abd6cc2f,d9015a0ae52f7640b6d8a0e8cdfbbcf0,1097
7ac8b13d9548f812,f8b0ef17cfd47a66340f25d0ca0a9837,8128
b750ab26831666c8,7b1b89ff66853822ef63da3e3a8e3031,7451
0f14caea9b84f75b,c641e3ca2835cf778b18545ca7cfce2d,780
6da44b92272b1b85,7f9a988dca4ec30a94c2fa010e72062f,5415
ad750ea8e037ac65,8c6f0069f4d817e5e8244290099c7aa0,6668
a3868e251e2346d9,b0640ab30335a9391cfbc12ac4a9c3b4,1899
d5b69271bda3faa7,61c3252077bc4640a8326118ab2d4523,7723
b59d3e511761a482,38f336e94cf167ca693e0b498cd0872a,2887
2098fd12d8abd40d,4a62cf8f8c94b0307cdaae5d93bf94bf,10597
89009b84fc70341e,b77a5b48774fb07602ff8911948c3e9a,2570
8ae2c54bd1af691e,01b9aea9969c26a9d482a1fcdfb10c9b,905
2d7e79b165c60fa4,cf90f78ca3a8b64ffff4900d1031e44d,6570
565d5b14b9faedde,1e1b5fc768e2a1b79eefc42109db9362,20701
32203bd25600b10f,4b1b1aabddeff94f6c2bcc20fde74ce7,1867
a9675a3aa05c13cd,46ecc69e3863e1b539e7d0de2020e06c,3706
39e4fff6183a5b6b,af12f5cfd8935ed3257a83eeeb36d788,7623
2b116867b1fed387,02a5f4cedc6d2d6838b44e1cb5b768b9,716
495b9fe833c08eb5,fc6690cc081d8619d3446db7840b0e62,1263
ef0f05736c6f4a06,bda019e05009528bb884fe5b273d7aac,5003
1b0de1a4be7818b3,d7ba2d6e4c669a673e67a36127925ee2,3236
a1e8f9cfd2afbc8d,24784db41d1371cadd62f82baa82d84f,1159
7ff94fc288a5e2d0,e6a51c2cb2476372b90bc6c628f3a289,2466
adf6aefc2571e7e7,3f95a439e1e84f2e6f1d6c4a756a8425,599
2165d8b2a3a246d7,76251afdd9fde5f3a6387cf3558ef517,5520
dbc5eb2c157872a8,04e28a3dbd94ffa95d0c2ec229055f01,6890
f423a989b37e389a,408036315d5d6df0142ddb499fa15131,989
9d974316fcaabc70,b1ec4ed788a30b8314ba27ad9936a144,7050
645bedbdc1c1c324,5a6880711d5b107d2697126172ff0d1e,686
69068744e71887e5,04fe76fde5550e36d0f684c279fed0ea,8810
9bc76c8d51f505e6,cffdcbc5d1a0ce996f4ec14cc75b53f6,656
2610eee90b506f4c,95774866ff1666f1b7f7741369a8f1e4,5320
6da4742adab0941b,08dc1a812808508fa4537423d48e1719,5051
2a5f476e482f4af9,ed400366001118d35fd64fa22fe02613,5682
58450e55c40be116,0a7d1ea19db5f0d80cee465204b8916f,2191
949e1c7b9fb39941,c91a5a6b9fb9425188e95e4d75001eb8,1465
6786437a960dd8cb,8bcb39f9c7dd6e042b9cd5e9c4dc101c,8576
bbdf82dcbb8accec,05f214dc44fc861ecd278d48ab5d67a6,1188
558885167b18e6ff,f4fd14f7a4163b784ef8a62a0d9da0cc,1358
3854b49e4601e8a5,2e5ca76b601aaaf05a70daee103f0214,884
ba4822820a71e0cb,aa116f714e22ea5ceca6325c4bdc5d4c,5885
f8eab58c9225ea3b,12651449949e73a94e436263ee5b1d24,482
0c9cd8f0806f4228,4900ef6138979b31e0765cc3592dcbef,6573
120c59621d1d53e3,71e806f71c85dc66def7afd3e391eaf6,10319
79abcb7b60bc173d,158b4bf133801ea365717a45dc6b56eb,5997
98375546ebb5272a,ed79720f859cc15e2337649aa86ee5fd,2374
5cb5af81935d5add,1276801464356118b268bb677c03cc56,1508
3fdcf5f3ed6d55a5,82283c4bb80cb22ebbe1f49025338905,6950
873d258c896d2f06,cfe1b0d7b4e1ad2a2904074c31b11c03,511
8393353baa3313c6,48ef601d6a40a029e5eeda1e4212549b,17208
8b88e10e4149e99f,e1eb89db4378aeb7611205e1761e7620,1067
2b052df06e3d4ad3,e54d07faefb6fa444b5bf80da4ffc88f,6767
0bb937b7db71e43a,1fd833910fcece455660835702ffeb6c,2274
b881d3b7b4489d6a,c80b0da37fd746803b1df11bee8f2c0e,4696
b6243fed659c7472,114a61828c3093543e2d775b9abd23e7,16269
6e39a26ddc799b52,4c11b2b23c1ea441f41100e6703ccd9c,14474
12d35bd2ad3a093d,c10c97a818e515030d593a660b0b7d75,7766
e0d4fb32aa5d21c7,a1f0f0e241d695152649e8cf882c8640,747
c2f41ed55f1f336f,44d3189ee79555606d6529e57359f49e,2428
d1880f7abb8e6257,a94f72db20ae9645ef98ba7bda278ad0,853
3c28a06b8b28207f,cfcdae4f2da9c005ec37d4574ad11c66,11674
b854646f52846973,12188c23dd2330675b1c0348830fb4ee,7474
029f127d9d9a1a46,27ec3f034f94418e87482cc9f003bac1,2554
e1b0ef98940b5d37,02f9919d823989c439dff4bf6a9cad54,6497
8417766422cf6a73,b1ea34f75b0cbd3332e3bc9915c59baf,1116
5545bfe5222cc6b5,e925b139f7764285783e3b9cf4775b9a,5435
44ffdfff3481d937,c25ea70dbc961b3d2c4b991e5cf20615,2948
96346d72c2335074,21d3204e1a56db48b6c4d891eea5d212,3194
93f7f36e8abdcb34,0e764e3536b036c89adaf445a89f0b18,7744
ddea4a0690b3747a,cc7d538e540aa72701095b9e98cdc4a8,531
b2970dea16d9aa03,28774967b9493eff3544dc17d368cab3,2176
417951f20b284cef,91ee39c5094079618362f873ead646bf,9112
9094be68833d08de,63653486ebab6915bbadf1de1405dd2c,1608
f1106d6711363497,50d7dcbaf99c299bf4a35eb8a214fe82,1125
4fd48a6b86b64dc2,4fc479bf358fb79612109906d24a0887,9092
7a1057a600faa631,47cf5904696b058489fc396328efa0e4,3916
7ac43c22b9ac36d0,6e1bf2926f8467eb8dae6b9e0a361059,7140
e7d87dd4747b7e32,38cfffa6bf504c13c1338fc3fc4fda2b,7012
2890f8f2b3303358,fc3a0d16880173f879f75b18833b2572,4626
6777145d620b37d8,7abcc194765ea9cbdc2d314e4ff09fb8,5181
950e5d3455dd7ea5,e16a5b6c8b7c7a696b2d31c867bd5a2e,11128
80c247594ef6df00,c01afdcc49e8aad0b13c9fee537a2e82,735
f21aca63169797a4,c09799bf25d72ea34dc1c8070a965c85,7860
dc39116d73d9e580,0958faf28fd20b8d6eacf35f6473c4b3,23181
e07bfa0ac2b9d6c1,f52faf87836e5884f952dfcb00a347b6,10597
50a3e69282308404,21d3204e1a56db48b6c4d891eea5d212,3194
fd5ff53262becb6c,c329d8cd29ed3517c7d8d6258ea43de3,10314
ad543f2969831de3,3e96d3a5e04067696d8228e1a2802649,1109
64981645cf23945a,76ce5784a24db0880821298a5bef4c31,724
31943e3569d7c4d3,bc16b19c4a50502f079fc502ec021fbf,16510
53508aba65a76d5c,45f594241f544c521ddc4ae41a568c12,3812
fea4c0d1fa263868,f4ad9286a8803eba753509b321606d6d,10978
a4a8a03d16766676,2c214723edee095ae70d876acd9a4afb,8843
f1be381a71994937,111cd34152cbfafaa0937004494f7e65,3419
bb05d7aedf87b06b,7ff953acfbea618bb32cd492665bf190,28873
cadec30290c562e3,18ff8dcd85a674d89090f8887b369825,689
93d9156809938ad7,a2e9e889c618ac0beed6e5d26c381d13,1415
ec99da788dced54c,4430f550e9572d5b8cda306b224b1067,3814
d17ffd75f8ddd39f,fabfe485d3b63fa2c3a5f3e8885c0116,500000
98d14aa4785b7b05,decaad751ce66c8aa97cb43a3544ce33,1329
3ee4c80f9abdf4d7,bbde5add816c32f8a67957cedfbe9d8e,1363
0c063d4fe3a4c37c,07179302f0a0edf545bd0384bfdd2c21,5128
0a135d47c490a9af,4bda0521609d325bb4948adb404161b6,6215
0c61ba47ed0a2865,b485f631a428b47d67bd37611e01186c,640
cd258efac2704643,b64380d13fed7537989a6d36e25af8e9,6668
c09d36bef6e562b7,4347e3f83ce5369ea877de7181bcf196,6653
0e09fcd86f107ab3,63910272242b572c8602be2a987dc704,1500
4fed363e7e8fb9c9,75a8a8fb01f8f1499f254246fd6b7852,777
4406b514c9e4131f,b6178ab0281e69a2b57291deb596e81c,787
f161c0a608643673,23e4922fb4e11d2a57c0e357155ab29d,4945
f99e99e1ca289a26,8ff92b69b13c987c44cfc3f5a5357d82,5861
6e8d408ea68d0fc0,2b5c37c55e2a0609afbbd9bf42152880,9824
4cd77383214ef6b9,f111d035589103c46919df8f4c97d211,1133
de40287ea96dadb0,191341862a72bd40bc0703fcb5bc324e,1513
07ac5c7026785dfa,27c55119617891273a21a37b4ff5cdda,2480
2981c341f035cb20,ff86d253764f7bcb9065aae0e977b666,5306
8c4758c0d8d274fb,45b167b37e64d50f0947c2405e02d4af,5617
76276e66b7ad75e4,41c96b1d31147bc6535a652da3d12366,14488
0efd082481db2963,ce88522c860b012bbd5b3d69301476ab,946
856c5b2a00304d45,c20b59ff4ac9da77162d6a11617e9513,447
ccf38656b2572e56,f27b75aba3c17f5c859f5ab2a584da40,7482
0362298a7bf1a9ac,0b1e8a66c91cd3b5e56d5ee373e5ea2c,11005
58fa76181ef36074,da2d1c0e24339f1cb7b70cd08f599751,1219
0dc9a00929ad6f52,586429389e7d04cc4939f8da71dd3029,949
c7b737a8068cdb66,347d1bea57f09580f4aa1c7e4293b4a4,6455
ae364c99eaf5f6fe,c6e03c0ca82d98489ba7d5fb1009d9e1,5727
3a97fda8283a902f,442b35ab882437da607eb698c6f3933e,8847
57c28532782a8685,01f5238fe5b4e82d99bc5b8b2c784c93,8121
ef8276b657defaa9,d3dca352d41a3c47ffed1c1d760f8bc6,8352
24bfa6d443f1d924,dac27b822d339a8a0230cfad54622b3e,3418
6dd3f127311b72df,9cff71ce9c746a0733c1c1feaa21463d,2563
2bf687e66ce5e905,eea103efb81cb1eab15ee40ba1567962,8961
4cecfd63a3c8a423,9c15a86286fad81e7e9c2d2e94f49c0a,8076
8f4ff3203c91b4cb,0db800b0071349a837b91d628d179a0f,2092
e7ccd36ea2815513,f462864c5fb0d6095acadec3fa1dde3b,6759
15d637bd1b4525f1,7a3839592501fad8f3d7690095f6c29a,10281
a454e48221f0cd70,fb7dd42c6c3e00a3189b81b045587d3a,2562
2876ae416b3e4e1e,78f7cf85697698402b71ba98cff05fa1,2777
b7878f6b241d83ec,880852fb8b30774365f935445a9041f7,861
13d444d6d9d5f983,97add9b86b6fde37cf548ee96a882af9,7671
30ab472c1c1284e2,b1d1a1c6a6c253c70e348b78820b61cb,7419
890c8f763adc89b4,12d0340dbb88bc1e1ff7d4d74e264ea8,1210
f0b9fdf7d710ef2b,2bfa1391410a1b8130be761afe06407d,6246
ca4fad2da88e37c6,03cb2f19450b6d5d47c71987477220d2,14634
7dfd1f3995fb656f,23f998c29b1ee5742270f2ce98ab302a,720
84ec31c705f6a792,1bcd5f2598ea3b1f15797b8074417ae9,853
80b3728c1b3cd198,9151c4ec7e55b12fe6e415d444339698,4849
3eadfddb0a5689fa,df2a1a2bcbc6da5c5fe55c2a80b1b0ad,2893
a29a03f782b5e416,017f171f2110f12464ca73f67f1e64b0,838
2da33c640ef67214,9ac856829b19accf0b9ab600d66d53a4,1889
c48a33ea8363d6f4,e1d2da274f6e03a52b5699cda9dcf7e2,810
6c95cc3a5b5c6ad2,94e58b600b98fd2dd06aca5fa223c907,1663
324c6679f54b1bfa,53cc6aacea6bcfa19fc8955cc447f81a,1337
e1cfd1830e389aa6,8af3c394f0ae47fddf82c955f0b3dd0e,714
0a524ca60dce2e44,0a366364f3305a059f9c0da9b401f35b,6608
f4b731dd55a0f14e,3121c0127e556036fce2410d194a55a4,18552
df46a8699b82bf56,33cdef4c977561daf92a896e5d341a1c,2749
c78178ee7b932397,de0d81adb7ba53900bf37be242772e26,1198
6a09d0d8b377726e,012a7b6e214f5de59df51bf4c54cb727,1392
0606d8ad680bb89a,63864457d3efc31e614c7829b63f2283,6222
3f8ca74c71df4195,1244f466d3f6d1d0712fcce19095c1ff,1142
b2302a5fefbb66d8,02e3a1cd7edf91d1d3f7f580c6dd506f,3554
52a146d26dcba969,75924ef902fcdc3c463a52ff39789d9e,923
a7a1c8899c94ea3b,1ce5a5a0cfd7e28ed61e670cb4e51e52,4686
94e5a02164c65749,e8f7bc11cfc76af5a67f37c139f077ef,4576
1558fd978f3f415e,5ccf223b37e72c51e372140c36de3765,4300
fe86ac4e1e744880,c45b060547e515d3e0b7d9356567c71f,4500
b7adf9e493cb60a7,0ac0b9e03b94f90e31d027779f10866f,630
ce57b593cdf6421e,2cda3654256149f2f760f711fe13b6cb,6391
8c4ea8151068c6d3,8945751aeadb04e8dce3af76dda5d46b,1821
e24d44e74ccfb73a,ba1ad1c6189dc99c64e9056127f8396a,1378
f05808fb98e5bfd2,5ddbe4de03328fefab2bd9b150173075,3694
83e17565567dd54c,00a3d6698ad93989ab87e26e9bd49c13,7819
fdf669757f917103,27153c7b6c4affe75331f5ba2df2548f,725
cf5c7c9ecf0140db,fa0f186d1a917917e4fe8598bfb042e0,7161
0892602407c065d3,843d34c849b8ece92da06906b017815e,11249
8a7a14f642e5b48f,bdb6d5ecc2d32fdc53566d5ec6e9d075,621
48e80fede8ad33d7,25b209144c19a5c5575d72b5b8b8d9b8,7287
dd8f5b635672b395,e2a7b103e899ef63ac7b35ca6596c5d0,1159
ad45377f93a3df96,1cec62aafbd3abfef9152b5170246969,1152
b4aeaea47b558ad7,8009cd94a8c0e53c132eab4effbf1fbb,1211
8f197b86a5469496,0cd13410bdb76d60ae29314a15e7bc09,850
f2679a5407e9c026,c80be2cd2bb0d195a26ce7b600116acf,3863
2ea671938b3d0d01,d84689bc0c158fd06871e04ce5d208f3,9584
940b3afb14a0f090,2102eeb89d2734ac4b0b439768d0d669,600
bdce7d640ca0093b,c44c35e16744bf09dee2ed22a5a00518,1801
e74728b97c8ae0b8,722b06cbec35700cc6471508c54a3f26,15864
a585d19274303ff5,797afcece1ae1e507308052c988112af,5401
bc14e772f876e0ff,2531e99a5dd3f3e6817e7f4a05cbad06,29684
a772fa4b82d30f29,b5838872c62d1029f46ae89adb047470,8094
8f93530a286d4533,42b1fae23c7dd4b4c3eb40ca008fcbda,1302
24080276537ce25e,c72c30cd159fa4d4f52eab103bf07e10,859
9c28a28fa545a6a7,7b8b30823f855175da3b764c2f5de755,3651
2bfcb5e874b2c12f,ef48e603de89630680e9017786e2f86f,3076
0e1a974b0d5300db,3352d09c878e4021293c1a1aed38f02b,7723
ddeaa88698f63bcf,ab205d945e4882d33e627627a8c67f9b,1171
294837a8a28dd622,ddeee72aaadd4355fba4e7c04f12ffbb,3193
bb7c9578f6edffa9,5e2095dbe864efb623d6eb050ca1011f,6242
2c8321a7ca0e0221,de96af0d5c24bad7f1360cf2f29ae919,9408
8d44818e5de2ab18,21988e4cfb60d1bcefdaf960c3f440cc,500000
eacace8d0c0397a2,217590de274adc0f693159a6277d5c6f,3675
67a8e222ed8bfe9d,ce0756fe899749849da70f36adbc6971,586
bb372a89dff4a421,3e9476c4a597ffd64e894e8876b7fb50,9549
34afda800fedaa59,82c81acd99e32be7b5371d94bba14dd5,4164
3a6e809e3d80f122,fc530ccb30682ad9478edaf0983a5c9a,1689
85a80afb67dc1aae,4cb4be6206631b305243bd8ae24853df,1213
582df9a4d21c81d4,44c1b570bfa873b5fb975390b901e486,1297
143b1e7723b46223,0b8027eb45110c68dc845e40943f2f1b,12522
fb4d518687b8971d,574a4ed5dba22a2f9b3225e3a0062d2c,3954
7501b6c4c8065991,4c4adb3053022a863bb49404eada165c,1724
088317cf06d383ab,f193fd897116569192b886ab1dff0e6b,2909
c390f67f9f12bb06,11b4042bbed1f66e85014fa36c847b1a,1557
d79ab2ab2c188a00,d87a7a50dccf1c2e4f960efa581bb436,730
974dfd297633304c,8ad063fa753631cdf4bd6a5feca9b5e4,6407
1b7e6e1938f4fa2b,96f5b72020947b51d4d435f3f6c229d7,4034
358aff514a47a286,8477e21c7b1fd30d670f56448dbd0622,1258
15720aef6b76bddc,4ec1ac0f95e03d97c3182696a57a944a,7803
3a44361bf3048d3f,8e7812c5952a7f9c7397e2385a53ce9f,3673
1c8d496c5b73e1f1,293f2343d5dafd4a892cfb2af2c9ddc9,857
1e01e59a844cc10f,37d26f075b6180374575e226ad6da7e7,4941
c3761a216852a7cc,83a4ed37cadf6023395afa8f52241fb1,1578
32ca1638a6ec8e0a,f473f714462bff6d7edace39f5946708,2976
e191425e26852c89,3cec22adf517ae3bea801f822af16496,5021
422573b3df00c0b7,14e54fbc9890c608a0d95d94b3b4ef37,8837
a6f3a425be14f6f3,57849578bab2fb74c4e9ab7319babeda,1014
b9b3b8b942a016a3,90a581996455aac4ca4fd5e49aebd17f,1421
19afc6ab5b821653,e44647f820e89e280720785766698364,9596
3948918dd4604ec7,32038f4048980ffe063dd58d4d4aa636,8134
98733aeb6f47b958,ac67b007a3d2af250e4cd82a28390ed2,4235
c674e349c1e24617,d57541331327b6408e8214d9c76ac804,18410
501ac6934948248a,39a8e7a2dafcabcea8d964890c46c5c5,7001
c706be9b103759ee,7f785d0bae5ee049dbe0cd54f6fc3ec2,5649
7874c6daa72bb4ec,8bd48891be97cb99d8d9702bdac2b687,5903
5bf0f53c30bd053c,adb63763cd95ac75c2f46d7be53fa1d4,4638
4e5e51c1ee9034f1,f97e34ec5f02ce932b24b4b752f141a7,5338
3cf49f3dcac94976,71892155555b3691c5a0f00ef2aa6b64,854
